case,n,axis,raw_sigma,normalized_sigma
dense,2,1,1.0264065757642195205781457629856072554332298671870490945994631627,0.1041984567144720005912471329494519315195210260438221794969938008423105
dense,2,2,0.8156263100965998170474756372528753389072979819210403973227308803,0.08085150313693256369823029698608009550973913857646732546040343887855259
dense,2,3,0.25694396863458914000533824294236161978509979278009628603540579382,0.02596954515600592373653476425737865776888575975196444887457522820360379
dense,2,4,0.21068427570729560033854633494315051860108130973112971393513504487,0.02063369798105329356141142865731759899178219491439817290532946094964764
dense,2,5,0.031295027931609980722365819785488898212491763203036245076120847634,0.001586694799658111068796749460994575542338571768459520638435396876948662
dense,2,6,0.023523662929467176501779995719712058709871045053113949953575935939,0.001091898967907018776711647495349976203892548202172156162869192126961639
dense,2,7,0.016161350236172554015271985478319131650823224623398292845604961716,0.000308630495352049484736837882704302963814667389783910774995602305967164
dense,2,8,0.0083146125822063303132850315677434783593392271250339534332581152821,0.0002438405641942079967199453872653233457099057123279759782653363544633882
dense,2,9,0.0021309108110210893825182954210520932443133917926288989293260965624,0.00007052813149358196601692557953046540729050947807657031223185213676919886
dense,2,10,0.0015960497727717084861938885018538582586624574909074328576001471053,0.0000608526695383839334209237152390474825041545894280763262531354974444996
dense,2,11,0.00068699058622925125017160375175923196377002930066352549908295098875,0.00004004684494057849623164538307395930908445489617014492730981353375340424
dense,2,12,0.00054882775493165399221921247504099516546508453311102576315973102276,0.00003351681288435762884252504824447717717509297452866032051785249288530339
dense,2,13,0.00015233781175312497656239617855856166757669574478960895297708391785,0.00001359539721869643191776211413925089390689805049088633636568924047979485
dense,2,14,0.00012533700109301606030308524524720714107305736310001930569692014855,0.000009896429511050817436957385037665102746483404555131805021910354056631367
dense,2,15,0.000083733529126721869109280552319540162828299504135323822525773637554,0.000004989004062902788643724892085746504822225623858490201045808398100599228
dense,2,16,0.000043771116484319236876122653031192557704482953625130930667285726676,0.00000380898714636395843162317633048898755978246358213511185162743588228069
dense,2,17,0.000031258419662994677902253796494159467744843290519087016573993292119,0.000002230922600220107558510513689152181553767553547935712048236934249375757
dense,2,18,0.000013171723997250982659565631483811923206845428116766490058707820808,0.000001102475545081950716888707840958752890297663790052597014043668480014712
dense,2,19,0.000010143112469592166039454306494879931012823276335523862281445353032,0.0000006235108345971665109817338943790971660454311004798657759126592026903742
dense,2,20,0.0000012843636573261093649743475196053921855466203080369957071833275663,0.00000007445928881693237351209386931147968089543033035842317961833839965945936
independent,2,1,0.59735569499050446624870812510775504993786443815205165317740541489,0.06832592405412113756228514151067325303244577723559930103138177178921901
independent,2,2,0.53830807323126478961726798246880428469911389820905180917182338136,0.05969047160327181994056365800669428626962863977422654138770884270974726
independent,2,3,0.078729045894583155046890533259210006803905345844736536978020748944,0.003072798357582333127004090385481212443685866508486379547045055635412153
independent,2,4,0.029018885887673151137876200853878130274769958205169564205936905942,0.002382634953804508016470572529527020025911779142077375410748215960399582
independent,2,5,0.012528531188286580000044419487718913823783035299739396144385862478,0.0008126212067901799355611544272549835909702141560077409265748214408633924
independent,2,6,0.0062932045408481168725824559975263696806375639949193155210840283982,0.0001619116993419691926255230864829739249759210494228175605705627152557684
independent,2,7,0.0035611037230683025550101055929334465901777363137596528055309083147,0.00006531359249629732624288910922080834084812507515552540694734568920325334
independent,2,8,0.0002177976887749809109323022962254738925606089229961433225579456457,0.0000160310737926579816989276204590751512962031704786300388466840672519545
dense,3,1,1.4345906049580680496006855767367639859211539996145153891530754401,0.1141729316324810293393609451983100287250055323721859633683473646299375
dense,3,2,1.1500046583809007638742840306273481470426254110627685376628382582,0.09143948034713105742388091166702358563451346018023172863886728811231781
dense,3,3,1.0076829897078421073198369292541887414910782263083124323261632314,0.08032485758738256361291026989056790320744325225028992865543127229833189
dense,3,4,0.32312623894756100194076486734215161446964245678999326563968128279,0.02558170387012025278797832124851703338941001900785147183340908968686834
dense,3,5,0.25121540187398329650727012343457342027996595483270158676633762548,0.0198364929956660103187119319444746854982108177183842663716030585427288
dense,3,6,0.22097353980551607369396593596107361719978407679146521236827747238,0.01757206917484541519384006965294583169295415251952987035247464604931864
dense,3,7,0.050727757218467398503971446607772674528673339282055075499561312294,0.003644958645328392323201708939441501609464365975266640705547148900396922
dense,3,8,0.036331941075860399076066990905330456568922374577424002807502872612,0.002606408788016621255798752870900649409181747185074924027091708914084382
dense,3,9,0.032026402870923390493909173138322997571412722562769927847747106532,0.002418359122428852325213507623515709812269300493837252290139709658396075
dense,3,10,0.02457269497574359308891078758809463255118645278238726215144543738,0.0008582051229129761066511082108860745390694890919742230031597916855720305
dense,3,11,0.012767978772070572672631440740277478969382119541476104185763047647,0.0007235028364339144238577351903943236451852927591040555841672820160212607
dense,3,12,0.010823889513277544437560080375699378478857030734186664301081788353,0.0004503715346696498732895286995421897604686879191341436618528882364746219
dense,3,13,0.0057021994382172240497451378364763696732585974692619658392573577023,0.0002489686352740458440313097284931019396751890478672162465216714434398979
dense,3,14,0.0051765317371267617350585974838990103976227252637621009801321944811,0.0001706464066377361483366533155633222594072985409512217846796213010460199
dense,3,15,0.0039623944435427553768583355274807840464836679015175924806217848429,0.0001390363415725856027026065216569640052925128725473977241163008938225782
dense,3,16,0.0017862063110539245752411433284976988173818274454784205308175063808,0.000103035388250486399994019555471893536253791291387057119015043076731791
dense,3,17,0.0012292551230830503597866970601767049893563168419774535819453559765,0.00007510036607098730040120259293200417656343545295145217989245387121580877
dense,3,18,0.0010185295408745155854676277625436946266831926996574755466620084501,0.00004447728345851937324500533024022843077701556966960394614778250240217303
dense,3,19,0.00058172307174512807311191801935853824853007480157001147655828666358,0.00003491970188813300762689314863013570954087588377881958076528125044361
dense,3,20,0.00050422989979255679239149981378888388883373143369108862190220314861,0.00002832966125338090514441956185964297309135698785561231567921072985866007
dense,3,21,0.00043414096536628194947157450716049057516957762663535239745845575391,0.0000248598157971538731655692981961330453621710386863233549256020305134728
dense,3,22,0.0003441692993246295652547695170918647537044737528010166684510713652,0.00001600702849344884612210973964441946621593487176487260749152163857494695
dense,3,23,0.00015002270200117455961094047717948698693550457009703162292119819543,0.000009364946255030989025272521371228601949236354603031870964446795261161573
dense,3,24,0.00014352258962282093164476602184391260571112201330104710784411225647,0.000007222217788280446506118295805911298519176046395997045404500755573188368
dense,3,25,0.000080313137806961384827848375532404001223016842946958219799138739018,0.000004456503076430199843086393061178971513955273879888667440354209809679071
dense,3,26,0.000057574935825456218548300736913494965501057138139344559012161192545,0.000004188124286534174934117463418613620774130423365581524552892919163573207
dense,3,27,0.000052344724829983049325450993162200661872364051218425360691346871091,0.000003258924977630828863365518542292576865483159827812161272869810941429344
dense,3,28,0.000045259981998789232330335523395046498317707395540589187883233313833,0.000002819135725557989423932564617345183455791359042180529923477051330323066
dense,3,29,0.000035037144081498126324797137989929962477509709394172986778891882335,0.000002544671314518367991096841527363952835032179047467370015626605163360964
dense,3,30,0.000026619153292463986349691261416222592575890370389820375436796227602,0.000001715174087109492664066898477716426651069175362386957413588797003571155
dense,3,31,0.00001660274168869815116134825596746189922856992679042260700386679195,0.00000120623596429274254845844527718989323409044699106204562533704661289172
dense,3,32,0.000011989058550996040492202293497082828821976196765299618363654403977,0.0000007662992550726229105643283878393317536073647607879135669368420971481505
dense,3,33,0.000010316845552607550859804796258822844751890985032324389538878158699,0.0000005835346327061655486673752361303037066128664140841188702968399753779749
dense,3,34,0.0000044410502359616283944357271395170004071443083929337629673187003149,0.0000002655056938583081937906913179217563764116494010162965045409569450369897
dense,3,35,0.0000039099067028130503100147773617175945754358411791517257211712530599,0.0000001654876376129938726941912471105855661091054037912652226319567539978872
dense,3,36,0.0000030263395776583353969303808457835782052025031759213362233777894356,0.0000001455508510035483691038289550497570169244256834785853260032906898689836
dense,3,37,0.0000016144157661967169344913046552134130164027829742781894570385651689,0.00000006922423969010016049248024662646013250261226697370048239300334357805501
dense,3,38,0.0000011499304790595790217898772177722996979315301966371072604158327835,0.00000005682125657479501317081845066919200655212074459628886109265130587577688
dense,3,39,0.00000082659479690081091517578568351375229682310140638210364065827353788,0.00000004938728553318466710590597720520995801600322328921908725101553237471968
dense,3,40,0.00000057120827133491397273839503622657101118633662368877298528309530339,0.00000002943047932320895141353133297376971181482258239955799776445350518047533
dense,3,41,0.0000004483974569722163389155995774386439637147425816370926889245571464,0.00000002801130433981972274270527999428548002129685463983658651414671691038359
dense,3,42,0.00000031786640057802767231945575496365712687232806654019809538470320242,0.00000001901122454135347570402132641043544681823154541322723237846844335396995
dense,3,43,0.00000026250723838680502398600305830275589161153282071128252832429023574,0.00000001777381004380395335422890595770458698644177306916709422558824190588856
dense,3,44,0.00000022848551937457706209726585642832593219380199824562858461329945458,0.00000001256180947562575527936870918914794966627512208291981062922878732600582
dense,3,45,0.0000001636263384520726190149427441478848827930080743044769648097864506,0.00000001145636990976376353954449441814262608061480960154909715158997286915527
dense,3,46,0.000000092865091525475318870018004005782069397590713350987341811598536681,0.000000006032841070452099406731489215093964618066242153565977280522390175571079
dense,3,47,0.000000078499298004160956618656441031837037941749014973404711606108007321,0.000000004277868990763587861388444084154246888880210850204784427048939004238438
dense,3,48,0.000000046132647175497763290613880028473351402386748914941760382464310347,0.000000002915127219035682429925987278575286564196530575025306088686247424836369
dense,3,49,0.000000037250869558364179634075454816168465636549755188968169725547908311,0.000000002222873376832198010201451132996686260788480506846014891184365174517112
dense,3,50,0.00000003083312557224002665414191047987364294839282571055591411954864817,0.000000001338648470872012960883489499405857069124739634458466663265539157654586
dense,3,51,0.000000020916303390525894070346286881942122704454527291351580863160783614,0.000000001112052021879719581179740581327837138251932346482236683017074881720225
dense,3,52,0.000000014239056716379903934304885577377844178961856388159537166546551009,0.0000000005447335019388828917956263884544046822401435643701036068700282746150364
dense,3,53,0.000000010785053600767899864185650677214496831179029241916838081520439629,0.0000000003976443661850553262238452958240379054029367288758129086029901277161987
dense,3,54,0.0000000040246471803639600618840548770752033606146065796217548492133541103,0.0000000002456362098384718824486689064495850628340082416612935234196146500223277
dense,3,55,0.0000000036973148780940091181731563659831598939041704482528406829743200659,0.0000000001971678976143413306917676561269827334807364697924946968583400386841452
dense,3,56,0.000000001834772123896702999205731126804453127880861050447639423726270121,0.0000000001338382438059443232582948657208205093864385317074653934011142642966655
dense,3,57,0.0000000016094468162141872447912064411666179223022745242238821351314842057,0.00000000008947168990027774250811798323572987129489755516968382859553642326941323
dense,3,58,0.00000000073586317999330711036012945957262624487952953218837313632337951638,0.00000000005545631088879284827121060267064665754949257319798339886903927107932921
dense,3,59,0.00000000042140829048713928766765129044216988238517073385125187316691299218,0.00000000002569144845236962561011137062286228357022728024154317398590697723049487
dense,3,60,0.0000000001172057086038022850445426264559580064307181490103700880550341167,0.000000000006094176166102243037329779844014041614954964047262270013843244651849561
dense,3,61,0.00000000006108255685770399922659088122074585436220157832773909735556210823,0.000000000002987855422900320486578435440811421235853436294160553027153750501429661
dense,3,62,0.000000000015585436763230819092082948982844595356752018377402569876864124665,0.000000000001123245991657639648074813918470409991701972748187688817886171678674839
dense,3,63,0.0000000000019338663928037862331146802365627517658258684186910503056951465058,0.0000000000001413647974664647797937235909307537240898243979145620451467007972537208
independent,3,1,1.1122584662811559558238554025442710379741303538839072342758948647,0.1393358947890163419692231708961999190682345594155524879935010379183566
independent,3,2,0.70396562807488921025123119396203231117373780379142930074928470281,0.08969125151334567427755734138049659017609985153973594308635046953917051
independent,3,3,0.66890927313798237490645900315746215543109709918872030146967038885,0.08841954926180190454410769349756018745363262876362392542370165875278072
independent,3,4,0.16497825077507324395198776051984019265378817975601527412876270694,0.01367632992094388527590516489223808280721621816822016651692453623914018
independent,3,5,0.12872316814723931558065245136470916257479566297700738147476842844,0.01061594870443736216884599235700162121560006194503822358658858733458802
independent,3,6,0.098230719622026205247033814386032155034709454196821076547080564477,0.004446139177733777614609199542528386095316931939292926884964514647072344
independent,3,7,0.05300879215950558377574602003356883619923093280332229391392168872,0.00221147758405374812535712448380323031727207743326188433086023934958903
independent,3,8,0.019167841344337535685868877743869458340876879580549078841469557491,0.001264229698743721142423844267466622004789524257179192488722352926594782
independent,3,9,0.011097408648199127907184972313077842633244776211736827774904572979,0.0007142469121612700770885706281239385713969034844903261455525231793958141
independent,3,10,0.0095495368392763988269996695998430024336012008021584382208020663701,0.0004657236990609697350858819538515139049357077757965045709805227787086525
independent,3,11,0.0076185528274658392044240149559305274074733029473062031207162407436,0.0003810775328332982203160129298128856021877192565208833277724700069220682
independent,3,12,0.006028919038194148369410731205152175029454139242623499435724280037,0.0001512218488388737921597202111251810309691513195090134913117499314446408
independent,3,13,0.0034722201618208554918014269091273571709173575596220507491764795361,0.0001226893328710968194766402942313812937101000480542619278684340804773514
independent,3,14,0.0010760549532704097812594491543738454726474708501661103875901316464,0.00004746494537372471987651181535150223347252896766908165264500519865846169
independent,3,15,0.0003077526565841401732355897430033637919123132502256799797674034675,0.000008000270131591295949185658804053258870599225585443733883421314135765794
dense,4,1,1.5039327178534034189662743807169513967129204237431631443571867711,0.1052570708495648978378551683121578471720094457746246481853615541452197
dense,4,2,1.3489169295702982057289173702944170759523069509748267402140698278,0.09394503317678219095716687685986009312888737932104387661104477977767522
dense,4,3,1.2897937298736456971272209380736985068825139166758518421409120147,0.08926830857360891204471182025297858759281747263196058477458542064067797
dense,4,4,1.0883484748944267932578939572577474875679592334270801617869023506,0.0751849838532885778674249595105069853537052943612100410685794651156732
dense,4,5,0.33527512297105395534981667453637665076294486647983878957943596001,0.023242023004383523479688401382284517060269271861499301287426843805481
dense,4,6,0.30149755061882740392876917790722285305962923731406133479107233266,0.02091049910604447624033760491612205665237962433816980234729114884864172
dense,4,7,0.28695575570175955155423592665129946097942063662764633834822772213,0.02030358310064412351169613855077705347870192879919555300544568173559105
dense,4,8,0.25618130497750289426345898257675964863541205244794889461968338913,0.01784286822354336166946493916618872538994043668232531054252313882767897
dense,4,9,0.076626447608518467024605947790809699896198094725933833941590231546,0.005241485116797787857664473675695222180043886777368992360367147027394793
dense,4,10,0.070668033815162617393746644313841549055127232086583000098233685299,0.004749291432471974697584055169342374200788586679806248146552721146608947
dense,4,11,0.062243653809744406771912160009785452739500258242772137342082155674,0.004262215403797357845124038849820848501360485938634741744270555025067519
dense,4,12,0.058642974182926579883464241546484802041926346956573333136350676836,0.003976972865837988144417258810962048458392203029872860606847694610766114
dense,4,13,0.025091047313655827107415457589986133722076858348914748296042341571,0.001219256628644210934854952275355482424272116862177465535305615367409441
dense,4,14,0.018940259316144770015310142207028084294478242828941888900870323658,0.001108748571172199163961463309862651452908827533516276775618673308961083
dense,4,15,0.018054309336460922696582417158650378435678957688865192419049402215,0.001003134270890439881788435324657669420480673990016335340452647820007621
dense,4,16,0.012737633630266074240875871591406536898791825501280755445165923912,0.0008767806982884359408319393911682218092857459181678280794789890500266037
dense,4,17,0.0076341997935285356573216652479085571816528723884899737705596363648,0.0003909420406833277666314050830386465222080333863345477014615334711960676
dense,4,18,0.006823208489709247273265856354896123844097284622585663215458858797,0.0003415059896748997004909860196302169447032603333168550033753900081773226
dense,4,19,0.0063541230661980518479090847034012711545054159701093129171196698949,0.0002968663142513680424189276848057837660172325462958592891357221384936337
dense,4,20,0.0056868850572279100781683768015955972727604284280390897316665226738,0.0002855211591058397249898962627414867792360721278697184309378362042181417
dense,4,21,0.0033845229977758360395756579119210067724634123039648031674551656469,0.0002412668069975265839345091391307426957226320093587054642668258824677785
dense,4,22,0.0033344603392646393218825882113212571728196817297368525489206619535,0.0002223662239966436987839060902302324658229213836713005515661961118097517
dense,4,23,0.0028120832306247206037857679952324841534500909881646519464125382251,0.0001708620026740127000160533702769938037998969712461448737230992312174461
dense,4,24,0.0022594518619024481221446678443630175387379012763171305625001391493,0.0001451497779101643123867012080809241756891031258050365501168108789065588
dense,4,25,0.0020496395393918355676714298670428413168994076922551392147276568931,0.0001392420815139893584611781729370167009148828336760085199088557745088604
dense,4,26,0.001694006613383239563255198617586674960229141056012115854181493461,0.0001044912571762535567246490427168786599259208013539199495247486364730539
dense,4,27,0.001633954246891268471782147415635888303331840843907310073058693841,0.00008661694155271429769817915717066346696549786478492042990970500477228667
dense,4,28,0.0014521549722339576881157126407230530397330982818913427340716156767,0.00008267558825249760032631676042825864278974467775568863088884803403434332
dense,4,29,0.00108941608450002870726021706432197665163720689630095379753831202,0.00006000510782914923968545186032477744710156387769261422804204888388738859
dense,4,30,0.00089809410874527050849940174484758668494874997491672121251864301802,0.00004756487283681330267037274455060787629530509161565723109718612688983511
dense,4,31,0.00066305119993182131331155434624529568728164359877254348608564242543,0.00003829127518450146647134976575196457831017344794840105881304086339083979
dense,4,32,0.00056984249270704476327159552556279783560056202037074111307145321705,0.00003241992024322835894624512029994362558452721677796568555078131454883893
dense,4,33,0.00039435854213436326166759228426668675305216865372948918269867596039,0.00002378184938784079618951074444624674991494561150252963961521332397974071
dense,4,34,0.00031546795069381695425040531189762917505274067236195959389831552586,0.00002198583208661568843961565539147555397024784103639949764713861372859682
dense,4,35,0.00029577941463100818334774019717176374805098392422302691590635224689,0.0000181474978850764084889378512544029323201612828190275128780435127708836
dense,4,36,0.00023126290041269646570790215347875909546846383750131236211653971508,0.00001425796434443122062907667944098530847575004450800748895857774496354703
dense,4,37,0.00012119154156206994444894386991291337765982893089432605495907564039,0.000007252759771278768780242064687338383932255493365937080488319361994974045
dense,4,38,0.000096386066287607511952361317763073165488998156388764614983390913596,0.000006146879023308291427517907757325769450309532851708631822720975907884515
dense,4,39,0.000085238336666820667842935851069223357056696171248239070946992084476,0.000005708747659923402869403262707903003863990240917571267128715348469345492
dense,4,40,0.000065753382577219595814250500327844246844072860383962738385863778952,0.000004367259192232628883330377096245395121229858461220978603907650525929963
dense,4,41,0.000036762439671400228276672190534083356934803245958019756596464395277,0.00000224102903735563411209138402758235962277482350508456583610633891069687
dense,4,42,0.000031932465905384612018526758610341963864885824595610401652619012631,0.000001932836371247037382092946170784785388367093117268135703181422510659756
dense,4,43,0.000023047698677373302823134329796133587848140315601809133023504062835,0.000001364187387895995799456582163945910454506922194281150021607740485220802
dense,4,44,0.00001967883283618479119367516573986867914744032019058695250218755551,0.000001325191559292736561438258173485549530940716878978181391785939668110922
dense,4,45,0.000017331927299296578532493884223057882931170186165901562856336103984,0.000001086915430557254142120750911412994692350067881806996532337695400627003
dense,4,46,0.000014131488296563589821787699488163675750136900706937700483652694974,0.0000009077522886778937232148049591832525460982122660867574079887305087798109
dense,4,47,0.000013089902241616699241857491178758638663187695247563015778430075775,0.0000007648927324213798771461603742535164985260918447713719403452763967795865
dense,4,48,0.0000092908977948922947136093250443689273227706995487486155874394147039,0.0000006225418227530245420180656458638884184626031499798012230503734545802689
dense,4,49,0.0000077559016899390440898229411495000244789316158460510950041735010318,0.0000004694646806197557889644059630761066031402581338548807709198989774823003
dense,4,50,0.0000062608326822795347965233788024940055074729673253987715269814538378,0.0000003873870851400175152931664628892247089480623914974263056996759226151844
dense,4,51,0.0000054813118737059183212980869107514383236954950288959954963695746214,0.0000003077932460647905350307477877352957985747879676464749371834587381157083
dense,4,52,0.0000043557076190055979605209872535515945748496684968952790948433211599,0.0000002853643481287152890134238498397081145808802002615764015023842730007558
dense,4,53,0.0000041673453031161389208768262154559706698048121705116441326624187663,0.0000002720167245157883209111020140854327550861564145775902748078781167688375
dense,4,54,0.0000035078544195142309443711156985861270101871075614577298893698121085,0.0000001844640376771361126644825903100113700623183769592099727164330051012819
dense,4,55,0.000002811724600467063104051106013278677622975312821084371070093191957,0.0000001506911865205507146502856634805291394566745536494321274478516541454653
dense,4,56,0.0000022188238327166485411841708100552044142241170341926059172884577195,0.0000001273454302553496016557205454067779958826346758716951124039894167211885
dense,4,57,0.000001750005583505340767130867424898838531572672275042827428223347204,0.00000009658847246998752934855241018559134047591745168655668658843411598451611
dense,4,58,0.0000015085632324146477602261433075104101202148475315688982384143530417,0.00000009057478124750603007358073702910986258685728016733420976651445768618833
dense,4,59,0.0000013593380524748165615686668001707981618681989176182941511733437195,0.00000007716602848062460190772761777472994264014938791217246842368715263890224
dense,4,60,0.0000012949719165223683413802664403133096883523883553744762253294676528,0.00000006617188503631017459916623348390215953649663286616763734327250795114207
dense,4,61,0.00000098100448624469351203125479326139196375579826254800607028724578364,0.00000005713506527468757769655829664800909874567584178962913918281511366163207
dense,4,62,0.00000085101875845309276401466579011663382699103152246603760719408982504,0.00000004885170690070843277542512664621698553362865121969794440897328387465218
dense,4,63,0.0000007498973066373971792681437926330834137070841608870571001267585195,0.00000004599161253754793628599092560264751706514475107093616810328083068569254
dense,4,64,0.00000062697482249769559500792149258245727875084979550379083795244299417,0.00000003003248457439872587533204612443193727139911378283542751656865291772252
dense,4,65,0.00000035587576795460746991096549828511266056587933028094340780121709251,0.00000001880439716437289745242155113147952420218158652060955676543223603903967
dense,4,66,0.00000026457349988360256872196408448446043527326377496739245326608990568,0.00000001606151836703773761408388138846249961216163624428463809905548972424194
dense,4,67,0.00000023148879235033688826562219293661417430119662202989578609483461016,0.00000001063599729132454221073099217241679750595892326383438153561178932302441
dense,4,68,0.00000015601550276203243618813865389133377362944004210989728639357949941,0.000000009641412283849951320994004147415017798848952682879327865382514097578723
dense,4,69,0.00000010859507833599653364828456491269368890527109710307778718915607987,0.000000006485896980735212373021051847930971722367675492335861799703237450332975
dense,4,70,0.000000088767229765462167054330532662326910869486541182793697588043372602,0.000000004452712376705619822794473758759693033048480740905478764577804688991422
dense,4,71,0.00000007116035214258264493723345987878197189947776116980886815987796165,0.000000004082543353621467540702120027257949807594119024157629552721136389682967
dense,4,72,0.000000058931391555390632606756633864945960145177517178803316200994182516,0.000000003154381168688285299050335375370915272113205596630350646670244402566675
dense,4,73,0.000000047630697619006334241262372452119221241277694098225532278311351099,0.000000002953436392866575695797632849183065309569487885591250913133997655741401
dense,4,74,0.000000036505126602579115278047313782924094782356963808056024552477453295,0.000000002170939024602469094034622033333826089755902841643242022663014788390737
dense,4,75,0.000000025356410663571140924021573016828572962311740057368835224845613512,0.000000001519197413129538336382387689976288229369952562249666080835898782563535
dense,4,76,0.000000021054722649270857112555178738340688090682835838700892136419317448,0.000000001163807210389780116173691380046774542246242645356619416391019713740893
dense,4,77,0.000000018409812920790372796227817931890002025763156866472847715366766456,0.0000000009863129567806448940600048637246685911401871680847912136212569466589928
dense,4,78,0.000000014450948198665061811657014775523388047151958199759542346979834009,0.0000000006712160583946580356499165223904925120620811972014011775948323421782619
dense,4,79,0.000000012510717466866237592114542103068302416731622851530560984173147571,0.0000000005394003510571720702092183161873290118456705274582275918064621627455934
dense,4,80,0.0000000098359125925105695384582625864779427116505994258461564620782839725,0.0000000004982905415838821457769091178983200378736408312046260575195160195491121
dense,4,81,0.0000000059332848156818252622971349450522836488532630230051392868744988174,0.0000000002871678910445127028700986654657835489195623966084222522978424198325789
dense,4,82,0.000000005408265164036851426172308991934303744985115500130501010330117714,0.0000000002503681983963490610536927274572757971761267221918877741914131722209366
dense,4,83,0.0000000042029251751644109501297957571617925444134751471208062920904891263,0.000000000229040009989513552614332436035092166255205423832127274988958925862944
dense,4,84,0.0000000038557967683585752106368404440897514698812719291007709771490551703,0.0000000001941458971482370960582251148058332210556927345361640405713463404478269
dense,4,85,0.0000000026394021734420158118760470902998280821621282164812597499513099349,0.0000000001492441679427949687578606859435184940649688206157974084168053766926305
dense,4,86,0.0000000022143082571639211878749642586426303626837728307752113824953463715,0.0000000001144860698497703775616741842035529735329456590499420570098671627954669
dense,4,87,0.0000000015260554526278466117552009365288683905012629797342377224166739831,0.00000000007463502603145876238091638868946165880953140396696481535846210523065882
dense,4,88,0.000000001315570488153876599951187221395363048799563315980130082067099898,0.00000000006828402998898751412893207242418737532562803821149378854233308048918934
dense,4,89,0.0000000010838478492324830392009955915280618161950787672250416407758926787,0.00000000005958598509336725624211229396669060472863325176424496624077450022812913
dense,4,90,0.00000000083494908114457557810538986641397742725574698405548937605334601802,0.00000000004888394480340106267604072200145037162043307672560038701357207012590866
dense,4,91,0.00000000074904695824047351033897384403495579255478212985139540048866970411,0.00000000003335311476903525593405017378475563897447941027941189179408969078267075
dense,4,92,0.00000000052987731854120382703881012614460907864277088109114191742400108379,0.00000000002495043578900528436370379973874932012355175444422872496920580215655298
dense,4,93,0.00000000033125863182160253152783449990966132116661253072635135622705470087,0.00000000001744382232781538694400900013435786672815561208190053994532703649944923
dense,4,94,0.00000000024942201315875523142453970242307274541932271705031788725838776809,0.00000000001297204504593842706931727024130992184225732530377012281534901179970311
dense,4,95,0.00000000016806355150217371846119220979638495295568997525075633221193870979,0.000000000008402893239277797269341143402932686251159878644498734027257056108520563
dense,4,96,0.0000000001196323743155750342604467010330925020417313052217042438512190877,0.000000000007971598597480564467056678213147323048300663381700205975073881654154852
dense,4,97,0.00000000010819098391298479257650571787278695338969302316039339088029599981,0.000000000005338290797892395265888655821323274156991879281301637508984619212472345
dense,4,98,0.000000000087519546103334460726827041160891736074956709611872136764186908305,0.000000000004490906869834791486184384276239245563176697260398587213965163289322411
dense,4,99,0.000000000072951086591853620274049206896525334693764692542020490288686958715,0.000000000003737378974013116774046145867291604772205145217873348565506595981008928
dense,4,100,0.000000000046765514467650924386454851707501155980689893260163885175123877142,0.000000000002174731691664029753782112794951698006989317546730700348356312188951479
dense,4,101,0.000000000034311434642680268012317920522004858198337973745974275597291075122,0.000000000002101559876704566336674487315278898520745070723380673130132660131425398
dense,4,102,0.000000000030002147463840327765800524466422399005201131084955621393930941668,0.000000000001763097306791110621824385208348524359181310228498286795564801818296917
dense,4,103,0.000000000022782810646586240637476930438406306616203657230230818203892882556,0.000000000001323565034671037163685983580997963611929421350758451557881923882567102
dense,4,104,0.000000000016957551355095016295803904661408306156776576964391357497057153181,0.0000000000007920328611376424501529621791070348421215186872764513535825351541840017
dense,4,105,0.000000000012763754107649106638957893271434292761482603863590712759984837366,0.000000000000719937984462055526929780090420054487663979150022460409092233565452157
dense,4,106,0.0000000000095691267169982040883394407973891106008354204815137151146516500761,0.0000000000005541391573332120612396172925991227646353568332044072101364792534618104
dense,4,107,0.0000000000063509136524496690885395357158742983868007649360180133023796607188,0.0000000000003777227723519333412140147672667833984827798697906900040475397672669626
dense,4,108,0.0000000000038942429289998917934354700571982694302144262966024281552729636199,0.0000000000001663137169846380010215039239062205602425392472038799971172366506909688
dense,4,109,0.0000000000023763434462049359442699779167052272384757280726229748134975429971,0.0000000000001045473016718701198557207959614606589729353069727000975088778148300151
dense,4,110,0.0000000000020731571484444342513697018658019036289915400096022334253280116425,0.00000000000009713816120394860358994569321309929393144385596350765551630412329125714
dense,4,111,0.0000000000014320428971359274074825267301958885512478237609501640068933505783,0.00000000000007968721038646341048884548462562359435286276340259687469224557410614474
dense,4,112,0.0000000000011854208384157235256117385342806300323441069460059375067180248624,0.00000000000005986630054924284667036885977198477444221098824547209569074278063067988
dense,4,113,0.00000000000098982540155905596670245247272376769096854634856016598242100115478,0.00000000000004811902369624001633191811985925970583576364301886719099330581899471933
dense,4,114,0.00000000000076908246944921765548801334838481307528085789962830058413467276489,0.00000000000003722759990138808940760749113009634598170337633755575053744161361826908
dense,4,115,0.00000000000054681991110277130625457182833472712456298797117954405762013512397,0.00000000000002570506878000505180063728788904300030377508710204016552006112300216862
dense,4,116,0.00000000000038856267970195205169997501429148897553667966542921629775346087271,0.00000000000002375477748116987068236272613166848684256819729783703459952741963352416
dense,4,117,0.0000000000003460718914620734242957520035339012878110842099942198020854920638,0.00000000000002083633952658909343557783763205861947765471044944776393937289141541354
dense,4,118,0.00000000000025617193616968446446491091403751787246938523352586901561944154897,0.0000000000000154177231119286691403862886929680449987892544540139238126268646634169
dense,4,119,0.00000000000015152898340381777612052801598640088577817776129931283362645273932,0.00000000000001061734177998904389010700581454322294748356077261007191501421489070515
dense,4,120,0.00000000000011167057193725808061102157320463046551310432821480664748621551395,0.000000000000006422993251048967552890643006982288987179036613125172144483759735295808
dense,4,121,0.00000000000010173282706478315740971275352303698643481093347537135695629583594,0.000000000000005445815063947230883966200434983893102358826773066720900283682928019527
dense,4,122,0.000000000000044814430013041984607753663549550773235829546129887377298289490607,0.000000000000001945178352370691589703265670130585643498873469476528920317617689481271
dense,4,123,0.000000000000033054502252216859400662416060340957098294864477518401919867115207,0.000000000000001740177239983528768337905884091694366174210963354780908141478460621317
dense,4,124,0.000000000000028148229336993760849968208760562621005363600440865145649481831387,0.000000000000001506323370784079681873923328752536417933077607514736495510542678348319
dense,4,125,0.000000000000014829290944474808558418446258096343108202521890638457415870533883,0.0000000000000008441882179899540422763060924370548019376016833530946318577630033021416
dense,4,126,0.000000000000011677133873130432467957966055609108680922211728894975095746560454,0.0000000000000007309530919142160505910749536684513827523719277676101286526344107767954
dense,4,127,0.0000000000000087488967506175837198099134628828530158569648578124367649976597409,0.0000000000000004279437469940100504092968532503172668768821689071685276036572243592347
dense,4,128,0.0000000000000059294169081202539474926289407311719016029784567361185449685160366,0.0000000000000003678100258091310109364289011946177942825474831568001881119535348917132
dense,4,129,0.0000000000000049758327532869078330366824019964167301342521128503658995080758049,0.0000000000000002614414198160880781455303934670122072107846283254616865920490542998386
dense,4,130,0.0000000000000035308740619522052536893486648557005543780156809515344605392849837,0.0000000000000002203905756286006822615616120966445588190096625575714241765286816717699
dense,4,131,0.0000000000000027177245575756205004282834947229866476115260585749809141553435843,0.000000000000000146291180023946891567139162936201972534463818549337843548611393724657
dense,4,132,0.0000000000000021359514231395029032188150285971382104093253346838051517522398637,0.0000000000000001192116068669109576075331105414915323952958862784658872909308562704951
dense,4,133,0.0000000000000014701897030981672654879105370373573937028679954189359233853167098,0.00000000000000005711515696908804775573035631882806272838505617411374227104354405173135
dense,4,134,0.00000000000000064051328668057477024668440812372767232598422486256923726495238586,0.00000000000000003314873081864795361687759500239103976810401206150252893143299908827789
dense,4,135,0.00000000000000038864473797486733116463342167005212757651792380407765999085343635,0.00000000000000001971417497344776747970727821229071841075108735177914946654785706246186
dense,4,136,0.00000000000000020903632369375138133545946702671484789386274382243732637649323945,0.000000000000000008210207880358347309484753539636039530859938390435384240519412252682462
dense,4,137,0.00000000000000011696453283956841987202772642268281517014791097588190814253385682,0.000000000000000004666850294469581688472289084873609517410339941461941415571293364124344
dense,4,138,0.00000000000000010681730640397926059418505112260479437113513429991960909965334302,0.000000000000000003287665041454286511785557931066530839241871467567490154264354984973186
dense,4,139,0.000000000000000048629749940963740176123410850574766084744574693980965752024786408,0.00000000000000000247364231746002212196285015424806738745561299352188939321990367096279
dense,4,140,0.000000000000000035239049402549319153285397284004977238803818107062157196194392362,0.000000000000000001729146306171147184528343970508384300238655919021780845269533512208466
dense,4,141,0.000000000000000021434353601984439227621308361504711473457375427787700112481646572,0.0000000000000000007520171887647149790075682743256174596333736725294269866009663385430401
dense,4,142,0.00000000000000001001365221890785587026840820614289162626205960674387086558668467,0.000000000000000000499498753611345053898751901579654835376550935877271270502702893349808
dense,4,143,0.0000000000000000059877956592303091772223668253479348105336940666118325251527116465,0.0000000000000000003166255703003645624275918313024756761124973988257002405764932829127893
dense,4,144,0.00000000000000000070797554088632578585358259581583468135243053910199612251699126692,0.0000000000000000000210694542416746956495956627412296953171181040379498584149099925700453
independent,4,1,1.7088105392903464260049703319563282389918043479411444345039337163,0.1194029327423971029605626099247323914774277388212094952428871024811372
independent,4,2,1.0764222687190776458231536254700802330350536679082309953257389188,0.1065262019540516812878685920713053859137981357585496174545112058910846
independent,4,3,0.7785091732898119058093571456735760110029219965954160663809133979,0.1011986571649936177061478021958805055420669134308693144231396657607454
independent,4,4,0.64817604579836070978761090663423256398946378767067574243917140874,0.08952134203586511584086353049574677855036707837794213087497784149590215
independent,4,5,0.22689611624899828622943445741709865358397846242731629417309116102,0.02548749620301143223902910171909777153658546850205197089585129935023709
independent,4,6,0.19757656578123725282018433311985146409991882526547459911458910169,0.01750428567078536973720247904937707229924108853393619297389513356081644
independent,4,7,0.1755671828952551524119551597628468822985934983881912848470643017,0.01326395125744897925227899811177694245406522368398354314189807038357118
independent,4,8,0.15037696656273991680321232919770754403679816223751999289076439019,0.01115184203216270420872838560804295216577969809755241336732855518130324
independent,4,9,0.092994580684740481049091409085294195909777079577395959980970912769,0.004453916631544698435068410872216627170249879289440377686603472576523554
independent,4,10,0.055384695484955695049714135657705225034711291596517855247842968103,0.003110000598932898034013661781222474554131111638847832904415500363701722
independent,4,11,0.043509470189227723066534100422552159569436254338547460752585646553,0.002599438516970909828980065248194788865175826899515605607295649401209076
independent,4,12,0.026373675651751984425759401835561895234868127104182013303743495658,0.001702077604166861378919824787190912932310907761470544544572214245421753
independent,4,13,0.022086816899730079755868395161077926340031064535565221765538038903,0.00113782369181784380024990378188179554550973442828067495808128975083513
independent,4,14,0.01569014536635970134926442164450193357312397592472885697632306503,0.0009751792816410586596789414624696866382381851184972754531948553593319514
independent,4,15,0.011211269072971131820440663067177898348765250370086566075594085519,0.0006555093165195991821492865405439736077411022474638347184273781049454239
independent,4,16,0.0076834742132609522548117131426861428540068961960293548576975939938,0.00037364833306460331979925120203083767657703918737562845488059933049895
independent,4,17,0.0053933840445697478285819582943345182816403528863091455765628450408,0.0003286757493561598801848092785971986641367749929993350841592669583077581
independent,4,18,0.0048590832218571848220535013589154565753717690198859704718409382109,0.0002344844291490538844701135140457899177738223189824687159081974124605075
independent,4,19,0.0032465996491612726434689333796603074112659319939537169033516202905,0.0001729196641209716975178521155475202748917736718363858712176358748885817
independent,4,20,0.0029293252467783055382994273059632635524161077135065520578747945336,0.0001529179678708617010948694195756549799864209335715740548184177782971128
independent,4,21,0.0025293583848178145519120826245401838701310516924101568262211895812,0.00008723375333832454473233402598746608219293901062899776676666765942480609
independent,4,22,0.0015420512767787741297173553688462466371577961541128343096659947687,0.00005706365022587029545292292586636561795493723710195640437913375593844548
independent,4,23,0.0012131713908969388213976185758263489758036767701599753578205066213,0.00002295066578471151587849128138357536619444944040448615551052122074411064
independent,4,24,0.000058462661058716909070434217761684162326972982754841974794446185353,0.000001112970678762062081858078091647598991074100126935204862302738007258634
