family,interaction,depth,seed,samples,dimension_cap,parameter_hash,maximum_reference_relative_error,rank_1e-12,rank_1e-10,rank_1e-08
block,1,1,9401100,8,7,f653b6ed739b7760774183749ab95bc6e12cd2e0ea75aad2b392fcf3dd9d04f3,3.328912259180603e-16,7,7,7
block,1,1,9401101,8,7,91654c4718ecd60b2b718fcf6cf328844b61ce057d6dda929bccff8296ec3758,4.689361862545018e-16,7,7,7
block,1,1,9401102,8,7,df5b1dbe4b8785208e0ec72fda457ad6b94ae3a016d29724c19b442f76fc4716,4.456496794015441e-16,7,7,7
block,1,1,9401103,8,7,63fb0a868792c576d8d0c1b973af02ad5ec653a0fe6b598a00bf6b49ae5d45c5,6.203605344120335e-16,7,7,7
block,1,1,9401104,8,7,60d3c4601ac8563b25db106de1c7f1b868cb6c1cbd6a4d057f754cb272abf16b,5.807200045497847e-16,7,7,7
block,1,1,pooled_parameter_settings,40,39,,,39,39,39
block,8,1,9401100,8,7,818dfc5fed9792742648d011db4d5a4fc8b5ddf1028c49834620850d45e41f11,4.000823613986676e-16,7,7,7
block,8,1,9401101,8,7,cee748caaad60cef505fbd5a02947261da422b8487b6fdf8362b4832cbf295b9,4.3728223312569333e-16,7,7,7
block,8,1,9401102,8,7,ac5a30cd5dafb5ef06f8fea033a4dd57d67b40f87da805ef52039c4590c0b431,5.350352771810182e-16,7,7,7
block,8,1,9401103,8,7,8ae3deb9995e6c07e5a33ec56351696bb5cde9d81d3c643321479dab21071d3f,5.522209643718909e-16,7,7,7
block,8,1,9401104,8,7,ab8215243d822689dc8c02a2fe4c25be4f699e3c6ee0c4a96909b8ed048ebb74,4.169367176181878e-16,7,7,7
block,8,1,pooled_parameter_settings,40,39,,,39,39,39
lowrank,0,1,9401100,8,7,f653b6ed739b7760774183749ab95bc6e12cd2e0ea75aad2b392fcf3dd9d04f3,3.328912259180603e-16,7,7,7
lowrank,0,1,9401101,8,7,91654c4718ecd60b2b718fcf6cf328844b61ce057d6dda929bccff8296ec3758,4.689361862545018e-16,7,7,7
lowrank,0,1,9401102,8,7,df5b1dbe4b8785208e0ec72fda457ad6b94ae3a016d29724c19b442f76fc4716,4.456496794015441e-16,7,7,7
lowrank,0,1,9401103,8,7,63fb0a868792c576d8d0c1b973af02ad5ec653a0fe6b598a00bf6b49ae5d45c5,6.203605344120335e-16,7,7,7
lowrank,0,1,9401104,8,7,60d3c4601ac8563b25db106de1c7f1b868cb6c1cbd6a4d057f754cb272abf16b,5.807200045497847e-16,7,7,7
lowrank,0,1,pooled_parameter_settings,40,39,,,39,39,39
lowrank,1,1,9401100,8,7,62b888aa63d92a8dc57e316459779d195895f4d856bff7f50eea580d974ab86e,7.622230372365398e-16,7,7,7
lowrank,1,1,9401101,8,7,f9ed17020e3b35649c32897433e0693917a821c52dc965e0c9763d77da243afd,1.0365653116866302e-15,7,7,7
lowrank,1,1,9401102,8,7,1fbf43d005d4848cb8fd470452df2e055d2b9a3a34bb0583fbe8b6cd2b0c7cd1,1.0031717978308565e-15,7,7,7
lowrank,1,1,9401103,8,7,96c2fe8b405a72dc9cc4174e96264c020433b797c0c1b447d3da4d47af220c19,4.673471355731062e-16,7,7,7
lowrank,1,1,9401104,8,7,82021980408c59e442254237c199de76c8ae347aaba1698c0b96268bf8325797,2.04095887962535e-15,7,7,7
lowrank,1,1,pooled_parameter_settings,40,39,,,39,39,39
lowrank,8,1,9401100,8,7,e47cdb3b9108d8fa36f1baf9298951c7698e15242673e4672aa1e265b00cf956,4.349974910426676e-16,7,7,7
lowrank,8,1,9401101,8,7,0435e4568551e49c2020326715466fcb6f7783408e4b4817cf9f44ce5f9568f1,4.769898921723829e-16,7,7,7
lowrank,8,1,9401102,8,7,5b728b541d9548a1627ef4ada757d0815ce9eac34d0c0db3ecb5800562a08159,6.194265064743365e-16,7,7,7
lowrank,8,1,9401103,8,7,5c9417a73f2505b1ddfdfef829d510872820e73a302875e6e1671b2f44f48044,4.597732379398166e-16,7,7,7
lowrank,8,1,9401104,8,7,872cb2d199f8e859de359d7561bb9e8199bfaf537b33c3fa5845ccb7177a6563,4.106842517923679e-16,7,7,7
lowrank,8,1,pooled_parameter_settings,40,39,,,39,39,39
block,1,3,9401100,8,7,318150e33b7d9ede1b12ca12dcad525f1fa92ea9cd3aee5d82dbdf8d54c1a57e,6.187829947978222e-16,7,7,7
block,1,3,9401101,8,7,b585754e50891d70ff639c0b27831cb71fe69018858fc6db526036f65121998f,7.244290589147414e-16,7,7,7
block,1,3,9401102,8,7,96c9026fe2e1f6775f2a462d18cb24736dab942aa237e05c24d6ad1c823dce3b,8.539267105325138e-16,7,7,7
block,1,3,9401103,8,7,7fcae1dd3d95a68270b36788809e0dfcbb7683fcaad38467c49d1d45a7984bbd,5.316020239898274e-16,7,7,7
block,1,3,9401104,8,7,51fd9acaf82aef9b3982d22acdae100365e4a50eb95af2966b00e4a072bb04f2,6.549732639262765e-16,7,7,7
block,1,3,pooled_parameter_settings,40,39,,,39,39,39
block,8,3,9401100,8,7,fc8388f9756457e15a78894d75ac18bf95dc60eaf38d4be0c75e8545cef8b34f,8.350826890272954e-16,7,7,7
block,8,3,9401101,8,7,5037a01ef044ee8c3525dd63138525ecb9a0defb196bc024790cddd9290d0fff,7.49132535335925e-16,7,7,7
block,8,3,9401102,8,7,ab466db251e3b345b880ed91d9488c85327ee03ebf39c6ee526d03263c61042a,7.681741880883727e-16,7,7,7
block,8,3,9401103,8,7,4c47e48db27e8626d519d7563bbf4d78c61203a4cf8a91b25ed2897d5af3d691,6.868547214814255e-16,7,7,7
block,8,3,9401104,8,7,f83b73676e40581a100c796d2117cc11284589e0f4545c97a59c7372ef27ee22,7.681506161406049e-16,7,7,7
block,8,3,pooled_parameter_settings,40,39,,,39,39,39
lowrank,1,3,9401100,8,7,b76fbce17ecdaee6d01e9c355571522c5d5197ec8a6f407b36c5903ac3b8b529,1.5006185480545404e-15,7,7,7
lowrank,1,3,9401101,8,7,00c7b56be2b8b07d565be838f010bab2d1422a8a6ee33eb3c040f59290c8c696,1.2380675390562035e-15,7,7,7
lowrank,1,3,9401102,8,7,ada67c6582382298a69cb76555a3cd828eda0d5c137d85a91faae7bcc8003417,7.503323513024792e-16,7,7,7
lowrank,1,3,9401103,8,7,1d15bfc2c4aed1ffafbb5b844a4340640fc138b9852c3d9a77369bd6747c9f01,2.0131112338096545e-15,7,7,7
lowrank,1,3,9401104,8,7,39bf31a4cb3efbc7220dcc56b9c089d2a79fb74b3753281ca7054f45db125e76,9.15926895954579e-16,7,7,7
lowrank,1,3,pooled_parameter_settings,40,39,,,39,39,39
lowrank,8,3,9401100,8,7,3391ba57f5536c3a6328ffd509abceca0e33ce3b7ffcfb21f2c7dd5e2cc86964,7.146012143388752e-16,7,7,7
lowrank,8,3,9401101,8,7,c5e572e87d155c014905db613f6dedafd9839b2bb0ab71cefddc40e2a0f6c5ef,9.069735715625652e-16,7,7,7
lowrank,8,3,9401102,8,7,de633fd780cda11792fd2011426ee4bba1baa7c52b154f24097ecdf573422064,6.958561504354758e-16,7,7,7
lowrank,8,3,9401103,8,7,2135525027fad8582fd872317473042a604305da25f991df61ffe81e23462f46,5.846464988305517e-16,7,7,7
lowrank,8,3,9401104,8,7,5ee5cdcfdd56aad532fa9d73c44e11465de49bc1211e2ba93209514207f5df3b,7.705645749387835e-16,7,7,7
lowrank,8,3,pooled_parameter_settings,40,39,,,39,39,39
