file,bytes,sha256
matrices/n16_block16_d1_stack_nonlinear_T128_s9401100.npz,85655,d94fba61db227ccb1a5428ac6d269024037c9ba718c14f6c77f89bcbf7778a83
matrices/n16_block16_d1_stack_nonlinear_T128_s9401101.npz,85656,e164aa8ba4cab8e8558d7f1decc08e421c9a2c3a8c09fc51df8239bd1a682e30
matrices/n16_block16_d1_stack_nonlinear_T128_s9401102.npz,85608,17f0c210cfbc01725b8244b4593d3a6e05bc91dbf2837830314cd3883b36937b
matrices/n16_block16_d1_stack_nonlinear_T128_s9401103.npz,85640,fea5a419d1f94ba07d204d43ef3ad4291862f397082ee31e0638519640712c2e
matrices/n16_block16_d1_stack_nonlinear_T128_s9401104.npz,85647,4951adf52d73e1ddfeae4082662ad7aca0d981815d51499f8a033242e2279afe
matrices/n16_block16_d1_stack_nonlinear_T32_s9401100.npz,73918,8135f1aae99f8e9684ebd9faf6668cc9dab7703ff0d841712753095605a1fe54
matrices/n16_block16_d1_stack_nonlinear_T32_s9401101.npz,73948,a54e4fec15600bd53cbd5c6ad0dfbab598ff1d4680fbf151fc1ca6da6122cfc1
matrices/n16_block16_d1_stack_nonlinear_T32_s9401102.npz,73931,a25767f79aa4cdcd87e2f00d8c85bbdd1a240a4d8379605f33d6a130eae02d8f
matrices/n16_block16_d1_stack_nonlinear_T32_s9401103.npz,73930,440e6535adfc714a9e75f0e5c4c102110b6285e014689efadd82b94d90b7401b
matrices/n16_block16_d1_stack_nonlinear_T32_s9401104.npz,73939,17de125de1ca5413da0c07d7dd60daba4e359d85823ce7a4c7d57a821788e7e7
matrices/n16_block16_d3_stack_nonlinear_T128_s9401100.npz,418935,774da40dce1eb3cbc5ca59b3ee21e61aee34ea4850af84794c1731253c902071
matrices/n16_block16_d3_stack_nonlinear_T128_s9401101.npz,418924,f2021a9cc88b16e15cd078c0c49deb2521eed486db15f405c4cfda412bd35cca
matrices/n16_block16_d3_stack_nonlinear_T128_s9401102.npz,418886,7920c58fce8ce010bd495e63437fc89a59a9e477e937414573ec42bcd058f9a0
matrices/n16_block16_d3_stack_nonlinear_T128_s9401103.npz,418903,001db1c712f496c98375547453d18514adab8799a7271ff489a600828ba9fba6
matrices/n16_block16_d3_stack_nonlinear_T128_s9401104.npz,418971,1ff92e6629401fab49ec83ce4cca0b1a13c5653be6344661f0de8736ca277a7b
matrices/n16_block16_d3_stack_nonlinear_T32_s9401100.npz,407211,748448e1dc6f9a60372c60b0f2168a8ae0f70fb7a2b683b120ca4b6f56791529
matrices/n16_block16_d3_stack_nonlinear_T32_s9401101.npz,407254,6aef87b4439745f516c9d2480a499eb3427046495b48e5f1299fa70dcec46eb8
matrices/n16_block16_d3_stack_nonlinear_T32_s9401102.npz,407287,e3dce71f2ff57bffcdd6dfc49fae7138ac77b7ba0d15cf080ac5b1bf2973b805
matrices/n16_block16_d3_stack_nonlinear_T32_s9401103.npz,407170,a4362caa300c2503be41c372788cd6626168584c8b794de6861720307e288fc5
matrices/n16_block16_d3_stack_nonlinear_T32_s9401104.npz,407194,551427f35bf2860072c3c58d6cc225dacf6118f7da4eb78869d063a24a5fb591
matrices/n16_block1_d1_stack_nonlinear_T128_s9401100.npz,21459,8b8e4c3af9026733109a6a959ee6c08b7145283241f917cb8e5eb52f0257ed32
matrices/n16_block1_d1_stack_nonlinear_T128_s9401101.npz,21464,a05b374f1b1d74535bea6f790f2085be4328d2a09468264d96a7493e679b878e
matrices/n16_block1_d1_stack_nonlinear_T128_s9401102.npz,21454,4b8ea5ed1548dcbaeac2c28f18fea50cf6ecd947573796f0686a67069990f193
matrices/n16_block1_d1_stack_nonlinear_T128_s9401103.npz,21475,ca74aa9df8eaaabe8ee41b61a9ff96ed25b5bb7b6d29734c58a8e4969e1c5b0c
matrices/n16_block1_d1_stack_nonlinear_T128_s9401104.npz,21471,739634cb102c6edb1b64f06ae28535098170d1d5b7d8e9dcf19521be6247422b
matrices/n16_block1_d1_stack_nonlinear_T32_s9401100.npz,9755,428e5b2f04d9eca8f9dd6958a18fa6c5eb343390a5be3ece67ebf6b0dac0c82e
matrices/n16_block1_d1_stack_nonlinear_T32_s9401101.npz,9762,8d2b01bc69679d67a1ed90ab0dee7372ec651c93496c40ed352c692d32e8c586
matrices/n16_block1_d1_stack_nonlinear_T32_s9401102.npz,9762,54c3507669a2760d4ff68e6df06f4d4d2cc4e8ea6d2f80151e0c9e8e067ae19f
matrices/n16_block1_d1_stack_nonlinear_T32_s9401103.npz,9763,ac9863426c8f8e5ed32bb166522808c1e3bb98b6afbc0792d813e45efdb89901
matrices/n16_block1_d1_stack_nonlinear_T32_s9401104.npz,9767,7703bff45294e68c92aa07c825423c399e1847792489aa50a7936b6c36361193
matrices/n16_block1_d3_stack_nonlinear_T128_s9401100.npz,137641,a7407dcc3ffb9b654fc6e7f65501d63650503ef7c957166fdaebb95880c553a8
matrices/n16_block1_d3_stack_nonlinear_T128_s9401101.npz,137635,fc2ef9a5517fe1ff1cac86aa4bd20379b4fe661cbca7aa41eee4d4e7156b1881
matrices/n16_block1_d3_stack_nonlinear_T128_s9401102.npz,137610,6a25ff79f8ecdae80c30aba78d713d4ce5ba01492cc2f85d2c0506b67353426f
matrices/n16_block1_d3_stack_nonlinear_T128_s9401103.npz,137623,fca921987fc69c1e99b99be728e6b8617e4f2c6e27ddf081e2228a1ae32722b6
matrices/n16_block1_d3_stack_nonlinear_T128_s9401104.npz,137627,bebb61fbb2b561dc13c393e3a601363cf9a319c25d7be5f7188750d2af749937
matrices/n16_block1_d3_stack_nonlinear_T32_s9401100.npz,125923,af462bca7457e8f1656976a645ff21670cc3303da1982a195776a132a1575fa5
matrices/n16_block1_d3_stack_nonlinear_T32_s9401101.npz,125911,31cae098be174bf2854af2c011a88c55b92494b921fc6ed9ed6f3a65bb8c62ec
matrices/n16_block1_d3_stack_nonlinear_T32_s9401102.npz,125893,3e81978ddc786b1e95716c2bc068609f228994cfa8a7795a5b402b7a5dacfe55
matrices/n16_block1_d3_stack_nonlinear_T32_s9401103.npz,125967,1ee76251793df00d11a97ef119e7f9e7d57d668d3f27d84d2a671d59c0d662bf
matrices/n16_block1_d3_stack_nonlinear_T32_s9401104.npz,125887,2b41513435c85d5ada2ef4d1a6ea4b93d5d80883169fae4db22549dc18c449bb
matrices/n16_block4_d1_stack_nonlinear_T128_s9401100.npz,29931,accc2bffcc4dd6a13fd2688b40d393eaa4698a53a9f7676b64a82919132c0cc4
matrices/n16_block4_d1_stack_nonlinear_T128_s9401101.npz,29946,6ada8bbad4ed3c2c368e8ff5367c667c4424762a368df9a6b17caad670f730c2
matrices/n16_block4_d1_stack_nonlinear_T128_s9401102.npz,29933,acbf920e27419140e4420e1e79cbbdc8d5a266779815bf81b51660c276db476c
matrices/n16_block4_d1_stack_nonlinear_T128_s9401103.npz,29949,059e920f80af342515b645b4657fdce765629d98fd970866808e53549d5e95b6
matrices/n16_block4_d1_stack_nonlinear_T128_s9401104.npz,29961,95e8c0c3945ed551b147f7edd62c2eff4f7dc28a5a99fe151592f1a425a5ddc2
matrices/n16_block4_d1_stack_nonlinear_T32_s9401100.npz,18213,66ca62d86a2b96088f7b88fc0944f9b45eec3aaeb4d130a01544011246eba04c
matrices/n16_block4_d1_stack_nonlinear_T32_s9401101.npz,18243,64185a28c74309e251396299a512f4ad4809f95ac56e89f61021ec1e8b8ad040
matrices/n16_block4_d1_stack_nonlinear_T32_s9401102.npz,18243,5111a455aacb36518eab67c4a8c30abb7859c69567b2632b470538a33f9181e2
matrices/n16_block4_d1_stack_nonlinear_T32_s9401103.npz,18224,c51af348e9a5f9f068c8d0eff3f5e89a3e60b4b4106915a459d078e3a5d17346
matrices/n16_block4_d1_stack_nonlinear_T32_s9401104.npz,18245,82aea2bb4a5bdcfcbfd648135623d54c4f832c9a6c4da7f617df0edaa1a4096c
matrices/n16_block4_d3_stack_nonlinear_T128_s9401100.npz,180666,8f948c5409670112bfb6486b87309d02024c115b73da98ff66b1ffbd16ba637d
matrices/n16_block4_d3_stack_nonlinear_T128_s9401101.npz,180707,724a91fe1facba0932471148c82a367518defbb6923835f63915621ea9a3c858
matrices/n16_block4_d3_stack_nonlinear_T128_s9401102.npz,180665,acd669f808c1d816a1860cbf7534a1e6565c7317f04fb4037fe334b9eb650033
matrices/n16_block4_d3_stack_nonlinear_T128_s9401103.npz,180658,62304d9e909333d6a65ea550ce1a08559eab702d5cc62c93e056f6140789f108
matrices/n16_block4_d3_stack_nonlinear_T128_s9401104.npz,180705,7b8c53a4741e0fe8a0b302b50bd06a585080b8a81f436c8f21d221af2eb6433a
matrices/n16_block4_d3_stack_nonlinear_T32_s9401100.npz,168966,109cc8269d42a1b4948a56f5f33ef3a96c08fade6e878beb32e3ad9b026677ad
matrices/n16_block4_d3_stack_nonlinear_T32_s9401101.npz,168991,b841c77a655cdb3c8005aaaf2200307e60ebb5bf27cfe712dd57dbc7bd725263
matrices/n16_block4_d3_stack_nonlinear_T32_s9401102.npz,168976,8c75c883c1c55bd64feba51d305d4a763ce63cab3ec289e1cdbc9ee9d230be85
matrices/n16_block4_d3_stack_nonlinear_T32_s9401103.npz,168943,65adabe7eb8d6c4d9a50ebd41d81b8c6922649f5313426054f826f1d98f853b4
matrices/n16_block4_d3_stack_nonlinear_T32_s9401104.npz,168992,cee42057366e606e920daddfbcd5e5866fc50727dcda6c59e719d7191e974d70
matrices/n16_lowrank0_d1_stack_nonlinear_T128_s9401100.npz,21459,8b8e4c3af9026733109a6a959ee6c08b7145283241f917cb8e5eb52f0257ed32
matrices/n16_lowrank0_d1_stack_nonlinear_T128_s9401101.npz,21464,a05b374f1b1d74535bea6f790f2085be4328d2a09468264d96a7493e679b878e
matrices/n16_lowrank0_d1_stack_nonlinear_T128_s9401102.npz,21454,4b8ea5ed1548dcbaeac2c28f18fea50cf6ecd947573796f0686a67069990f193
matrices/n16_lowrank0_d1_stack_nonlinear_T128_s9401103.npz,21475,ca74aa9df8eaaabe8ee41b61a9ff96ed25b5bb7b6d29734c58a8e4969e1c5b0c
matrices/n16_lowrank0_d1_stack_nonlinear_T128_s9401104.npz,21471,739634cb102c6edb1b64f06ae28535098170d1d5b7d8e9dcf19521be6247422b
matrices/n16_lowrank0_d1_stack_nonlinear_T32_s9401100.npz,9755,428e5b2f04d9eca8f9dd6958a18fa6c5eb343390a5be3ece67ebf6b0dac0c82e
matrices/n16_lowrank0_d1_stack_nonlinear_T32_s9401101.npz,9762,8d2b01bc69679d67a1ed90ab0dee7372ec651c93496c40ed352c692d32e8c586
matrices/n16_lowrank0_d1_stack_nonlinear_T32_s9401102.npz,9762,54c3507669a2760d4ff68e6df06f4d4d2cc4e8ea6d2f80151e0c9e8e067ae19f
matrices/n16_lowrank0_d1_stack_nonlinear_T32_s9401103.npz,9763,ac9863426c8f8e5ed32bb166522808c1e3bb98b6afbc0792d813e45efdb89901
matrices/n16_lowrank0_d1_stack_nonlinear_T32_s9401104.npz,9767,7703bff45294e68c92aa07c825423c399e1847792489aa50a7936b6c36361193
matrices/n16_lowrank0_d3_stack_nonlinear_T128_s9401100.npz,137641,a7407dcc3ffb9b654fc6e7f65501d63650503ef7c957166fdaebb95880c553a8
matrices/n16_lowrank0_d3_stack_nonlinear_T128_s9401101.npz,137635,fc2ef9a5517fe1ff1cac86aa4bd20379b4fe661cbca7aa41eee4d4e7156b1881
matrices/n16_lowrank0_d3_stack_nonlinear_T128_s9401102.npz,137610,6a25ff79f8ecdae80c30aba78d713d4ce5ba01492cc2f85d2c0506b67353426f
matrices/n16_lowrank0_d3_stack_nonlinear_T128_s9401103.npz,137623,fca921987fc69c1e99b99be728e6b8617e4f2c6e27ddf081e2228a1ae32722b6
matrices/n16_lowrank0_d3_stack_nonlinear_T128_s9401104.npz,137627,bebb61fbb2b561dc13c393e3a601363cf9a319c25d7be5f7188750d2af749937
matrices/n16_lowrank0_d3_stack_nonlinear_T32_s9401100.npz,125923,af462bca7457e8f1656976a645ff21670cc3303da1982a195776a132a1575fa5
matrices/n16_lowrank0_d3_stack_nonlinear_T32_s9401101.npz,125911,31cae098be174bf2854af2c011a88c55b92494b921fc6ed9ed6f3a65bb8c62ec
matrices/n16_lowrank0_d3_stack_nonlinear_T32_s9401102.npz,125893,3e81978ddc786b1e95716c2bc068609f228994cfa8a7795a5b402b7a5dacfe55
matrices/n16_lowrank0_d3_stack_nonlinear_T32_s9401103.npz,125967,1ee76251793df00d11a97ef119e7f9e7d57d668d3f27d84d2a671d59c0d662bf
matrices/n16_lowrank0_d3_stack_nonlinear_T32_s9401104.npz,125887,2b41513435c85d5ada2ef4d1a6ea4b93d5d80883169fae4db22549dc18c449bb
matrices/n16_lowrank1_d1_stack_nonlinear_T128_s9401100.npz,58550,1583b1e1b7ebf09ef317d332d6a163686a851fe354aa68c464c736ca5296b033
matrices/n16_lowrank1_d1_stack_nonlinear_T128_s9401101.npz,58696,ca344f729749c77f8e685f6019bcc5b87aacf7dd1955b13d41816a083b15e6f9
matrices/n16_lowrank1_d1_stack_nonlinear_T128_s9401102.npz,58534,dece932633525909e261f268f7fa869d9346488156c3b26c2c12d8e98e556fa5
matrices/n16_lowrank1_d1_stack_nonlinear_T128_s9401103.npz,58729,397124246d305fc6790f4435133eb7f00a26eb8a69ccf82cb7dd87fdc8508bbb
matrices/n16_lowrank1_d1_stack_nonlinear_T128_s9401104.npz,58729,5dcdfbb56ec77df87106bb33de448648e6c88272ef7ca51d7e4eddb24cd9aa24
matrices/n16_lowrank1_d1_stack_nonlinear_T32_s9401100.npz,46828,83511c1e46cfd65fb1d169d252aab3af9e3793d017329eecd2d3e786eeff32f2
matrices/n16_lowrank1_d1_stack_nonlinear_T32_s9401101.npz,46995,3f710fb4ad2be00480ce28b10a527063ac65155e8d1d23c613d910441449e145
matrices/n16_lowrank1_d1_stack_nonlinear_T32_s9401102.npz,46810,b2e97e8e6d0c82aa70f1d23790b4e0b2c861aa07c706d605d12e035f4c4d2e82
matrices/n16_lowrank1_d1_stack_nonlinear_T32_s9401103.npz,46945,cc4e9b38b5e281fa9b5ba4457188ec16650d6e116c5f78a79044f6d98678edf0
matrices/n16_lowrank1_d1_stack_nonlinear_T32_s9401104.npz,46939,aeb9be78134f6de284465df52a408e39ea763f11867ad8572337f575cdb7c086
matrices/n16_lowrank1_d3_stack_nonlinear_T128_s9401100.npz,261221,2e5f87277fc4b50f0e0607d254ae787cbfb3196c3dce81e6e9b64f286ea12281
matrices/n16_lowrank1_d3_stack_nonlinear_T128_s9401101.npz,261139,e0cbab2e3b99878bd89ef182a451fd16fdc7c79839e2df84f9f92ea03e127e34
matrices/n16_lowrank1_d3_stack_nonlinear_T128_s9401102.npz,260723,ce90b8f7e2745973ba981fb9431fd1dc169a62f7c348274d910464195b5d17e9
matrices/n16_lowrank1_d3_stack_nonlinear_T128_s9401103.npz,261398,9dffe54a2bde779ce1e8dd68800f2eef5e49636361ff1e9667e81cd678368a50
matrices/n16_lowrank1_d3_stack_nonlinear_T128_s9401104.npz,261162,ed88c85bcf6bbc9324651c55980580e98790d88a2d1f8623d3d50311112f5895
matrices/n16_lowrank1_d3_stack_nonlinear_T32_s9401100.npz,249412,f0da0f2da9f84e1556658aac87796377f272d1ce9af284bf75d0ec44ac90dea7
matrices/n16_lowrank1_d3_stack_nonlinear_T32_s9401101.npz,249605,98ce3e92cd876f022fbc7463d0cd1b2f675541839294f903f249f97299b76f3a
matrices/n16_lowrank1_d3_stack_nonlinear_T32_s9401102.npz,248879,4bbd8631ca599005c6a277e7c64ed43946d6a4eef22251e679795f2dec6c490d
matrices/n16_lowrank1_d3_stack_nonlinear_T32_s9401103.npz,249713,e5bdd0d144170dde632be9c3d6a3957bd3de5775624d1e435906ac88eeb94ecf
matrices/n16_lowrank1_d3_stack_nonlinear_T32_s9401104.npz,249168,88e200e352c9adf374b9168418381648722a1b6c9d49c0540a10932bc813be78
matrices/n16_lowrank8_d1_stack_nonlinear_T128_s9401100.npz,87908,751ab9086ea7482d906abe3d74c8468509de4e7f3c65134229147fd25127fec3
matrices/n16_lowrank8_d1_stack_nonlinear_T128_s9401101.npz,87832,dd3ebdb24e050db5ba96deb7b2e6c5272225ea2cc05554cca776393fbc316be9
matrices/n16_lowrank8_d1_stack_nonlinear_T128_s9401102.npz,87809,221e16831d4d8cb5eb9ba4dde51fd9756af1cfd3d01fff0d8392b3a6f6c91266
matrices/n16_lowrank8_d1_stack_nonlinear_T128_s9401103.npz,87942,fe43560a21d435b061a01a18d24debe6a075b2d63d7979e732d2bef05b682ce0
matrices/n16_lowrank8_d1_stack_nonlinear_T128_s9401104.npz,87878,91d07a09d0f5a91c126a4fd9703f8dcab06a8028eda847c3d227aa0c5dfbe49a
matrices/n16_lowrank8_d1_stack_nonlinear_T32_s9401100.npz,76034,afd8f297c9733031de3c1a94026d001036e98c8c54798d846b05c7e2200901d5
matrices/n16_lowrank8_d1_stack_nonlinear_T32_s9401101.npz,76163,6edaa7d8613bc4eb7069fbad09b7bf6c20e9861bc1509f4b4b821491548e4a79
matrices/n16_lowrank8_d1_stack_nonlinear_T32_s9401102.npz,76114,90b305bac6a91cb41c639c54dde7da82a9e50650e344c3b7303d2eddf866b5f8
matrices/n16_lowrank8_d1_stack_nonlinear_T32_s9401103.npz,76089,79fc82214299c28547262bd4d59c223921d720e60179c623b3100c117c0f27fc
matrices/n16_lowrank8_d1_stack_nonlinear_T32_s9401104.npz,76116,cc8627825137b354288e18358995202660f46ac44bee6c86e8812dd1671676cb
matrices/n16_lowrank8_d3_stack_nonlinear_T128_s9401100.npz,431732,9755e355fc4d2276d78a1b0761caa32119e61450f22401d1701451f6d10ae9c7
matrices/n16_lowrank8_d3_stack_nonlinear_T128_s9401101.npz,431802,7527b22fa800fe26d16374b9477e2e2275af8588b45c6315e9967f2f580afe00
matrices/n16_lowrank8_d3_stack_nonlinear_T128_s9401102.npz,431709,3cf6ce8f9763723a65f12dfb4fdedd3ba0dc785f3f6f0e4164f039bf26d16ecd
matrices/n16_lowrank8_d3_stack_nonlinear_T128_s9401103.npz,431826,1fdaad979e2a287ae8eea14740d2f92b561db59afa2647cf186c15d7c7693288
matrices/n16_lowrank8_d3_stack_nonlinear_T128_s9401104.npz,431783,8713d8acbcd086fcec7e0f1d36396a3bcc8d0fda24ff19ec5a8cdab41675fa08
matrices/n16_lowrank8_d3_stack_nonlinear_T32_s9401100.npz,419893,bac8314aa552b3d3ce2fdaf4e877074a5cf24c4e78dad64cbd707c9c577d63da
matrices/n16_lowrank8_d3_stack_nonlinear_T32_s9401101.npz,420019,49f4db723f1bc32a18f6b677722cafd9e41e470cfc71a2887a5d7051c938428e
matrices/n16_lowrank8_d3_stack_nonlinear_T32_s9401102.npz,419974,5f133a53742a1a77f4b31986701c4656dfd9312628cfd8282d9a8646c4e44f55
matrices/n16_lowrank8_d3_stack_nonlinear_T32_s9401103.npz,419839,e647f7ea9fbb9b8373d1cffadcbeeca60b25a9b6df5b3493ae466933fde2ab06
matrices/n16_lowrank8_d3_stack_nonlinear_T32_s9401104.npz,419909,c264ee27ef80d0780c4ff9b5b172df757a556784b57747a559b82d2919c07b36
matrices/n16_positive1_d1_none_T128_s9401100.npz,19364,bc335da72949600a66be59f4ebf72d7a327fbef5745449e392c7874efd255922
matrices/n16_positive1_d1_none_T128_s9401101.npz,19388,695831f5fed3df5ece29a9f6fe6ddfd8d829a93dd2bea0b7e7fe5fb134764c65
matrices/n16_positive1_d1_none_T128_s9401102.npz,19362,916c68888811b98153cffbb1983520cf95550972532532b5e6bb7b77838031a5
matrices/n16_positive1_d1_none_T128_s9401103.npz,19385,e7b927467583e0f971647e323b430402ffe36e7eda0f83a43b0f29a98447820f
matrices/n16_positive1_d1_none_T128_s9401104.npz,19390,7f895944a0b3a9d01b84bc680d5ba334992e571e0e6cde7a2913182350c80df7
matrices/n16_positive1_d1_none_T32_s9401100.npz,7661,ac7e585b6f55c7824d5826f07144c16826bf53a91cc1b273ceef3c4cece8db4f
matrices/n16_positive1_d1_none_T32_s9401101.npz,7675,f1bebc7febf67dd466b9738e793947d6c55447abf0cbaf00739d7eed6972ba6f
matrices/n16_positive1_d1_none_T32_s9401102.npz,7673,8097a7626410e59363a5e585af010400cbb4dc8defdfde4aee45f8eaae565e30
matrices/n16_positive1_d1_none_T32_s9401103.npz,7669,616e00d4b61dc66a2f2960c8247b7a020ce5794796188a65ac21e2f38e052cbd
matrices/n16_positive1_d1_none_T32_s9401104.npz,7681,bc8d0d6284e2c6f25ef2addb5e234c1c86ffd42d98d86ad38352d9b19115a99e
matrices/n8_block1_d1_stack_nonlinear_T128_s9401100.npz,10232,6c28385e1e961937417ff04bda9fa41c32e0fb2bb3b40663d860f23931502495
matrices/n8_block1_d1_stack_nonlinear_T128_s9401101.npz,10239,7159ac95246d371d15d14b5d08dcd3b89780f756974f524e68b3de1cf0a4f9a2
matrices/n8_block1_d1_stack_nonlinear_T128_s9401102.npz,10239,54e49336d98c34b4033fb197cb55f393cedb308ed278cf31e768c1fe9a73078a
matrices/n8_block1_d1_stack_nonlinear_T128_s9401103.npz,10237,aa2dc75585c7a3e0a4f1b1e437c7600ce1b1f3073556955ed16ec414a7c9fda6
matrices/n8_block1_d1_stack_nonlinear_T128_s9401104.npz,10245,a1bf5551f0c4f4aa78b68d323aec9330f93a15c7a470066ac42af1989cbc6ca9
matrices/n8_block1_d1_stack_nonlinear_T32_s9401100.npz,4390,bfbca7905116a439b41329cb977b34f6ae9201d1cc183c7e17c4b5b1f9fb8161
matrices/n8_block1_d1_stack_nonlinear_T32_s9401101.npz,4402,23486923329e9e6f432f494ed14b4958aaf8e24ab6e5381d2feb812d32e3847a
matrices/n8_block1_d1_stack_nonlinear_T32_s9401102.npz,4388,fd01d16e14e7aca22c810282832a3176102c3db2a96d1fc84c50a1beeb8298ac
matrices/n8_block1_d1_stack_nonlinear_T32_s9401103.npz,4405,9fec1d465d32ff9aad4ffb7fe2aae28c6fc65120e1bba6442eb7315d4bb62c43
matrices/n8_block1_d1_stack_nonlinear_T32_s9401104.npz,4397,e002b0220bdc6ff848fb6637f131ad240b38c406604bfeb1f847b08fe794d0f4
matrices/n8_block1_d2_stack_nonlinear_T128_s9401100.npz,16500,b4676c2733c73728006837dc4dddc38cf69384469a1f05533ad131ea3b7c1467
matrices/n8_block1_d2_stack_nonlinear_T128_s9401101.npz,16505,aad1e6cb5eeb0d31d5c726c71defaf838dbc5e5369f55b2574ae07fbb1658c72
matrices/n8_block1_d2_stack_nonlinear_T128_s9401102.npz,16503,46b0484ab3e6aa5d6ae5070a5e8ca12c734e7143168ca2cd7052222f2a49139f
matrices/n8_block1_d2_stack_nonlinear_T128_s9401103.npz,16497,d49bfd5209117c8779f71dfa89c3fb10d381946a902cd59b4487ee866ce373c0
matrices/n8_block1_d2_stack_nonlinear_T128_s9401104.npz,16507,f8e19d2b71a2ad23616b17701c4337ec6e33a0dedf7ce9ca178542723b96ded6
matrices/n8_block1_d2_stack_nonlinear_T32_s9401100.npz,10654,bc63f053c0f1278d7f558b02e6e42130e6d5a175cba91bf2624f0af5b560e0d6
matrices/n8_block1_d2_stack_nonlinear_T32_s9401101.npz,10669,9ce84ea2df9d5ad8291ef5ba991afe0197361939fb2214d05a5738ecefe8ead6
matrices/n8_block1_d2_stack_nonlinear_T32_s9401102.npz,10663,c09dd48619d730054f8ef100ddc6116c9500c43fc2f97f716865523571a793fe
matrices/n8_block1_d2_stack_nonlinear_T32_s9401103.npz,10662,4b32c5d963514cbd2637fbf300ce9d65fc5065311877d4f2c91480fc28cb9a8e
matrices/n8_block1_d2_stack_nonlinear_T32_s9401104.npz,10655,13a088f89effeec848d79114aa40d8e04ffdb492d71451ba17e3fbef4456e3c2
matrices/n8_block1_d3_stack_nonlinear_T128_s9401100.npz,27742,3cd5e97e63880a6a140a63bd568da68bc65883018c9a8225a6dabb7d1829cf35
matrices/n8_block1_d3_stack_nonlinear_T128_s9401101.npz,27771,3ef4b80f41c4a443148cb6b70c30d788ad888fe33a528567df73c5cd6850861c
matrices/n8_block1_d3_stack_nonlinear_T128_s9401102.npz,27748,d887a75d783cc445900d9d3228e732a15b79a335d7efb50ae90108cff70c88b1
matrices/n8_block1_d3_stack_nonlinear_T128_s9401103.npz,27747,40e32506c01f21f3c1bfdc8fa2eee51cd21678fe9220b2caf6bd3ed90b177887
matrices/n8_block1_d3_stack_nonlinear_T128_s9401104.npz,27767,5ed8ac76cfe500f17f3cb91e200a87ea72829196607d53e1223b0cb2f161d067
matrices/n8_block1_d3_stack_nonlinear_T32_s9401100.npz,21913,1e4bc3dafac8da2b69218661e89ade3f28c28cf32706cad535bc385772480375
matrices/n8_block1_d3_stack_nonlinear_T32_s9401101.npz,21926,cb043737a1e47368e6cb82dbab1c34105f8ae423118a8cf3da8c115b7826c985
matrices/n8_block1_d3_stack_nonlinear_T32_s9401102.npz,21916,c159dd380137d055ae075416c5d5b174f803c1e9201b046ecc3791092b4f29a1
matrices/n8_block1_d3_stack_nonlinear_T32_s9401103.npz,21900,fa6cbe0b1494904f08348b03e19dde4976a1de7cae5627942de1c2f0a5fb4160
matrices/n8_block1_d3_stack_nonlinear_T32_s9401104.npz,21913,d5fe879f07ba6d3d245a08f99ccd034e9149d1627ced1240d37f58336e1020dd
matrices/n8_block2_d1_stack_nonlinear_T128_s9401100.npz,11014,93621cefa0faf40cf4519957b61fc6afb1e6ca67fb4e84d899f4b8d0b0df2ce1
matrices/n8_block2_d1_stack_nonlinear_T128_s9401101.npz,11011,22439c45006349044d1913a7af69ce12b3402b7e3db1606749d01186a4547fd2
matrices/n8_block2_d1_stack_nonlinear_T128_s9401102.npz,11015,428af73dc97dad7ac1173b06fb74bc8cb850d2766be84c9446c3c3781a82c296
matrices/n8_block2_d1_stack_nonlinear_T128_s9401103.npz,11004,069137848cd6b7360bf09a6ba879dfcc0dc462aa7c32665805682a33d4cf2ac5
matrices/n8_block2_d1_stack_nonlinear_T128_s9401104.npz,11015,9225a4ddf9cbeefc703ecb8dd5e26e2062b25794c0a04b29a43751649ec07904
matrices/n8_block2_d1_stack_nonlinear_T32_s9401100.npz,5167,9f3f9684af14eb354603900a43470b55d526441aa5c229364217510ab2b3f142
matrices/n8_block2_d1_stack_nonlinear_T32_s9401101.npz,5177,52b0219a8cc95edf8a9d940269988ef874cfee6c3f799ac467088e5bbb971110
matrices/n8_block2_d1_stack_nonlinear_T32_s9401102.npz,5158,b5e84edff0cc77cd09d3e99efabed6efbc3ce75f0ffc736c14ddf815e72d728e
matrices/n8_block2_d1_stack_nonlinear_T32_s9401103.npz,5171,685c88749d36ce93872537fc15a5326288ad07fca094a75a564e219553cd28b9
matrices/n8_block2_d1_stack_nonlinear_T32_s9401104.npz,5166,b4ac5a09ec2bcbcb11e1711ea4955be921f7695ca0f6450ebff5abc60337af35
matrices/n8_block2_d2_stack_nonlinear_T128_s9401100.npz,18504,e6af96c3eb2542916030f051d999d39cb8cc2bffec136f58cdf8da3c43b9b352
matrices/n8_block2_d2_stack_nonlinear_T128_s9401101.npz,18522,a79cb0a3e7bd0d2b6bd4a14ddfc7ae2ffad449161290f5972a46cd4328a306ef
matrices/n8_block2_d2_stack_nonlinear_T128_s9401102.npz,18505,8a7d111c8fe8bfdb3d608abecfba133b23d76d64f86323b2172fc721311a7944
matrices/n8_block2_d2_stack_nonlinear_T128_s9401103.npz,18508,b530181d026d46576f0c268a99aeb000d1344fff1366e87f6b04d8714f9ffa79
matrices/n8_block2_d2_stack_nonlinear_T128_s9401104.npz,18514,355eeea552fc4ec8e76c646d27a69aa4092d1ea2af7e9bf4a9fb38b84dd49706
matrices/n8_block2_d2_stack_nonlinear_T32_s9401100.npz,12651,f93ba124e3dda8c7aae115529a77eb2fb8facfece4345a48e9b9a5f47b921b86
matrices/n8_block2_d2_stack_nonlinear_T32_s9401101.npz,12654,a0914f20450cd4bf9ae9860664dc40cee2481a78ea7d62e9c8c5e912e27715f9
matrices/n8_block2_d2_stack_nonlinear_T32_s9401102.npz,12657,e1ad32864c4e50e98f3d1042407fd216eaa4796afe5b3e5cbe7a544730b325fb
matrices/n8_block2_d2_stack_nonlinear_T32_s9401103.npz,12663,70f0b590d87c8f63b0d855b3644c44f1f02291fc0f40044d5b15aca5a464c74f
matrices/n8_block2_d2_stack_nonlinear_T32_s9401104.npz,12658,e29ee6f48e423892a71a0c1b6c592ace4febb75f1f4cceb407de749be0c6aa24
matrices/n8_block2_d3_stack_nonlinear_T128_s9401100.npz,31477,a798478c51d60140b413cb19b3f32518d0ddc43b28536b7fb5aeb020c5045552
matrices/n8_block2_d3_stack_nonlinear_T128_s9401101.npz,31479,663b98263de9da846cbc24709860a71678e8806419db25bb1fd107e4a5215ce8
matrices/n8_block2_d3_stack_nonlinear_T128_s9401102.npz,31478,b0f6bf884e50e999823a2e2d4e5d4e090047fa543c135d676274e39364d2a2ee
matrices/n8_block2_d3_stack_nonlinear_T128_s9401103.npz,31489,641e66f7d7025080bbcce464aa134f37afb963e60819023841e6bda034f5673a
matrices/n8_block2_d3_stack_nonlinear_T128_s9401104.npz,31476,21459de1b9577350c615ae5a7099652c1f2be322501592824abacbbbb7ab6eb1
matrices/n8_block2_d3_stack_nonlinear_T32_s9401100.npz,25614,7778ca1ac113f4912fe2ffc0d3e3b47f4be52d0bdf0e6d7035982e9e12c37d2c
matrices/n8_block2_d3_stack_nonlinear_T32_s9401101.npz,25650,c1fc1544220bbe2b28b90909b4909b5c5d34329c77f3dcd207403257b1273d60
matrices/n8_block2_d3_stack_nonlinear_T32_s9401102.npz,25615,673d2c8b83fed887f8f8b0dd6d9b0c03c5f8b7f977a987fc49d4d0aa3cd6d602
matrices/n8_block2_d3_stack_nonlinear_T32_s9401103.npz,25640,355f82ee8cd33f2df82f3d182ff689bbabba5e09b7367dc942e709948fd6ca41
matrices/n8_block2_d3_stack_nonlinear_T32_s9401104.npz,25610,3abd327de2529e7a65286b1606b723cb61e46e92b3244bc8ac5ee231f84ae83e
matrices/n8_block4_d1_stack_nonlinear_T128_s9401100.npz,12998,b421c8c640ac585151087297145c6695ad9bacd85af3ab4cf5a348c131db72ac
matrices/n8_block4_d1_stack_nonlinear_T128_s9401101.npz,13005,6f771eb6be513189806abaa1bc37d7c45460f50b781d06eaaa927cf0c32b9dc8
matrices/n8_block4_d1_stack_nonlinear_T128_s9401102.npz,13006,7b13080dc06f3e274f1384e0b6c783f9d945f3cc1bddec117ca3476f480edc7c
matrices/n8_block4_d1_stack_nonlinear_T128_s9401103.npz,13001,ebea857c8ad1a1a68045fa0b2e2b8777f7370f31a7f1c77e597684ddeeea2681
matrices/n8_block4_d1_stack_nonlinear_T128_s9401104.npz,13007,f6269ed30b9346c1ced3c3966921ae751f30c812d2da08b7c3a1ea9a3ad798a0
matrices/n8_block4_d1_stack_nonlinear_T32_s9401100.npz,7154,6a97253f5818474f9cd9ffe11b8bba4e70561f604d6bc727f9991f27bb477865
matrices/n8_block4_d1_stack_nonlinear_T32_s9401101.npz,7158,3b526bdaf0e85c82178a39d92da79a1720ff428f88cba1892e682a85bfafc2ad
matrices/n8_block4_d1_stack_nonlinear_T32_s9401102.npz,7157,bb0368f4092cdd8b84d77afbf7b32140565a9a4c0e4980dc85c0772086020a81
matrices/n8_block4_d1_stack_nonlinear_T32_s9401103.npz,7161,d64d199b8f92508c7b0ea5e499c6653f6f066afd92510a2cc3ba3ef594f3ab47
matrices/n8_block4_d1_stack_nonlinear_T32_s9401104.npz,7165,b1b10a5c15e0a036c7665470f3b842beb049e3d36a7758d93e706aafa64ec1be
matrices/n8_block4_d2_stack_nonlinear_T128_s9401100.npz,23451,6cc4948175ff6354311b21bc586b68c466987a59a47ecb7cfe6c72275191027d
matrices/n8_block4_d2_stack_nonlinear_T128_s9401101.npz,23462,9b37eb5c6adec0b2032530e1db1cd31f3042f62a259491441f7fcd1d98c66ed9
matrices/n8_block4_d2_stack_nonlinear_T128_s9401102.npz,23465,99667a32a3befd82bb9f30b75fdf17b441c49fc630d08446a8d471eec8e4c762
matrices/n8_block4_d2_stack_nonlinear_T128_s9401103.npz,23460,eb8f2af66b3d3d81db93fb1b6385d513140504589e53f70dc6fb617b51223da9
matrices/n8_block4_d2_stack_nonlinear_T128_s9401104.npz,23476,183a04987cdfa32547bfef0c69dee85aefb79a59184dc36d8c016a94d8f72e8d
matrices/n8_block4_d2_stack_nonlinear_T32_s9401100.npz,17621,d4f1dbedd2f1a2f4de60417a431137ac546c93080e3ff5832f7d867881cc729b
matrices/n8_block4_d2_stack_nonlinear_T32_s9401101.npz,17615,d03151860f6791820dfe86792f1e67387ab92a625f65a66fd00fcd5af4d26cd2
matrices/n8_block4_d2_stack_nonlinear_T32_s9401102.npz,17610,f0307746f0fc237ac72460bbf6330eeb29724f8ec71100871f95f90d5a706ff2
matrices/n8_block4_d2_stack_nonlinear_T32_s9401103.npz,17625,0a17c15c1e5fac054ca24f36f9df88af2f15931d8738fa1dfa65d40b609b4c2f
matrices/n8_block4_d2_stack_nonlinear_T32_s9401104.npz,17628,c344763e962e3a3e5b22e84f3de1c46e2782716f531c7182a81912b7e424b446
matrices/n8_block4_d3_stack_nonlinear_T128_s9401100.npz,40368,d299a78edfff68d01376254fadef0d4f600ea7df2624e7a46e33a153a3a3e8cd
matrices/n8_block4_d3_stack_nonlinear_T128_s9401101.npz,40389,7716fafa722dd34dacedec74e4a38d1a9e5feb5e4d5c4fb1d0bd5fd90eb0db33
matrices/n8_block4_d3_stack_nonlinear_T128_s9401102.npz,40396,bf6665c614b53a6635ee6e8c9a3b6afe094784311b2f21aeb3aaa3a293e068d4
matrices/n8_block4_d3_stack_nonlinear_T128_s9401103.npz,40384,198ad4f14dd115c180fabc0b6c61c0ae9590534235f14b29a149b6ac56070a87
matrices/n8_block4_d3_stack_nonlinear_T128_s9401104.npz,40403,8dac461c7831c1c00118c89afd4ef39978f03672d20466403db6cdd0e96ab8de
matrices/n8_block4_d3_stack_nonlinear_T32_s9401100.npz,34543,256d7e89b6cef2731c153be4a45fff91ef624ede107495f572ee591368d855bc
matrices/n8_block4_d3_stack_nonlinear_T32_s9401101.npz,34542,f1bfab11e48d3222b0cb19f1dad2a25f2633bcbf093883fcdcf12c7970435b90
matrices/n8_block4_d3_stack_nonlinear_T32_s9401102.npz,34534,6d84c56661d7fb8f8b09c4c695f9af666c02efb1c3aa6fa17c9de24c90c84c02
matrices/n8_block4_d3_stack_nonlinear_T32_s9401103.npz,34529,5a4c84f9948fd11767e845f953d226d231116cdd97fe90a9c90ebac8180254df
matrices/n8_block4_d3_stack_nonlinear_T32_s9401104.npz,34541,851c5ab7862b6bc04c32eb238c2f16d8ede6f6ce61a9cb1ba2d764b23a7320b3
matrices/n8_block8_d1_stack_nonlinear_T128_s9401100.npz,18294,36b18332954328f414dab72f08d798f55a6d8c3d4f95aefdd45554c1d7bc14b8
matrices/n8_block8_d1_stack_nonlinear_T128_s9401101.npz,18314,7d9c3ee757fd6728249e6c19e39515ccd715ad963750658824065034cdc79eb5
matrices/n8_block8_d1_stack_nonlinear_T128_s9401102.npz,18296,adc8234e3c455bc7493db573b1569d8bfeff16999904efdce8b6a22274aadfc8
matrices/n8_block8_d1_stack_nonlinear_T128_s9401103.npz,18294,cf5d44ce1a01f6969ea9b65766d44c6c95303dfe8880b4804d727abddb9af6ab
matrices/n8_block8_d1_stack_nonlinear_T128_s9401104.npz,18308,0425ea4fc80ee0a169429d9c61c07057bfdc13ad5e1112ff77dd3858b6142c03
matrices/n8_block8_d1_stack_nonlinear_T32_s9401100.npz,12466,8c59abfa5b5f1f96d7a5c9c0705de35bd59d3502197afdab1f9ac94c02542286
matrices/n8_block8_d1_stack_nonlinear_T32_s9401101.npz,12463,062731bfe0bafd0c74258d065ce3920c18bf837533ef104b18c3b6c5085608d9
matrices/n8_block8_d1_stack_nonlinear_T32_s9401102.npz,12449,c854a1134aede3f35c9bda4e4b94a74f37a29bd3f41e5db2cfcb8f8247a44db9
matrices/n8_block8_d1_stack_nonlinear_T32_s9401103.npz,12460,b7cd35a01162eb1f76d2a469f9bac90cf364b055289914903b0c141fc6dce9c0
matrices/n8_block8_d1_stack_nonlinear_T32_s9401104.npz,12449,68a10e4aab446dd78009d41edc0047f37d06bca1a04516a9e1c5a8b7e3a04106
matrices/n8_block8_d2_stack_nonlinear_T128_s9401100.npz,36101,ebc753e3b0e51aa9a2fd739297fbdfbc9538ba02b7b500fe0c0812453639451d
matrices/n8_block8_d2_stack_nonlinear_T128_s9401101.npz,36105,ee600c2b59e9625628d66a6239134b959ac2668275b95452fdb8a69d82a5bf7d
matrices/n8_block8_d2_stack_nonlinear_T128_s9401102.npz,36095,21f766f96e8fed75ef62d8ab3573e3a6afb8c43977a5d80374b44ca94954a498
matrices/n8_block8_d2_stack_nonlinear_T128_s9401103.npz,36116,0b566b52566a23408786795c8cae59cf2a79eb47eeb21849e706e688330886db
matrices/n8_block8_d2_stack_nonlinear_T128_s9401104.npz,36122,b4259037a7aa9b9e0fd9cdbc4bf503d63aaa3cdc230b4561d22bcf83d3d012dc
matrices/n8_block8_d2_stack_nonlinear_T32_s9401100.npz,30266,d071db819fcff031caa8a245d167c2a3a1d05f609c233dda2eedf3af7bb555cd
matrices/n8_block8_d2_stack_nonlinear_T32_s9401101.npz,30255,fa76a47fa612dc514a855fb47f526437ce121ef8b89fb2cdae651c6b44754eab
matrices/n8_block8_d2_stack_nonlinear_T32_s9401102.npz,30240,86f01060e3d43a06d2851739d3349bf4501436f477bb7401bf4b066064ee9ff5
matrices/n8_block8_d2_stack_nonlinear_T32_s9401103.npz,30262,600da841011e79969cc528c1d4a144b1119c72ccb6c71cd1cac7d3aadcfdb7e4
matrices/n8_block8_d2_stack_nonlinear_T32_s9401104.npz,30258,9e8c0b44a4a95dbeb7c45c55dbe2b5dd0bb562b73f2f469d96fcfa7cb95aaf8d
matrices/n8_block8_d3_stack_nonlinear_T128_s9401100.npz,62309,5f522d3ba21e8f60b126766b93915f6dacfc25b39c3a19182e0b978c127bfaf4
matrices/n8_block8_d3_stack_nonlinear_T128_s9401101.npz,62331,6ab1e2ea439bf909a93ae03fa269ca3fd519035b4ceb453474936ac749b27d0d
matrices/n8_block8_d3_stack_nonlinear_T128_s9401102.npz,62313,7892a225b4d74a2d3b16b9318693f5faebae61ccda75a9e9002d6adf043be652
matrices/n8_block8_d3_stack_nonlinear_T128_s9401103.npz,62333,31df7b1391751642a136f93a05a881ffd5993ddf8d6468a23e9e34234077eea7
matrices/n8_block8_d3_stack_nonlinear_T128_s9401104.npz,62347,7245e41fc3a334cf0ec537bb3738b3c856a37ccbba91913c7b699e7361186f57
matrices/n8_block8_d3_stack_nonlinear_T32_s9401100.npz,56471,d4d790817c4c9169a9a84df09358f040bab328098d0e7bd5e9bca0002dde2946
matrices/n8_block8_d3_stack_nonlinear_T32_s9401101.npz,56457,250b158378ac5c340c9fc2c8ebf34d09599258e818f72d612fa3587b425b5634
matrices/n8_block8_d3_stack_nonlinear_T32_s9401102.npz,56467,e2ff9494f2dd091e9b6a71fd6020bc0fa7e49cf12dd8c041242e4e6c5209b2cb
matrices/n8_block8_d3_stack_nonlinear_T32_s9401103.npz,56464,c25a068ecf80bfce9ab6819b5011d3518087211d92f178f670ca594ad50211ce
matrices/n8_block8_d3_stack_nonlinear_T32_s9401104.npz,56483,aa489c9d64b9c1cead5b7ebee444260e231c1c745e4a96503145b61d42b8a96c
matrices/n8_lowrank0_d1_stack_nonlinear_T128_s9401100.npz,10232,6c28385e1e961937417ff04bda9fa41c32e0fb2bb3b40663d860f23931502495
matrices/n8_lowrank0_d1_stack_nonlinear_T128_s9401101.npz,10239,7159ac95246d371d15d14b5d08dcd3b89780f756974f524e68b3de1cf0a4f9a2
matrices/n8_lowrank0_d1_stack_nonlinear_T128_s9401102.npz,10239,54e49336d98c34b4033fb197cb55f393cedb308ed278cf31e768c1fe9a73078a
matrices/n8_lowrank0_d1_stack_nonlinear_T128_s9401103.npz,10237,aa2dc75585c7a3e0a4f1b1e437c7600ce1b1f3073556955ed16ec414a7c9fda6
matrices/n8_lowrank0_d1_stack_nonlinear_T128_s9401104.npz,10245,a1bf5551f0c4f4aa78b68d323aec9330f93a15c7a470066ac42af1989cbc6ca9
matrices/n8_lowrank0_d1_stack_nonlinear_T32_s9401100.npz,4390,bfbca7905116a439b41329cb977b34f6ae9201d1cc183c7e17c4b5b1f9fb8161
matrices/n8_lowrank0_d1_stack_nonlinear_T32_s9401101.npz,4402,23486923329e9e6f432f494ed14b4958aaf8e24ab6e5381d2feb812d32e3847a
matrices/n8_lowrank0_d1_stack_nonlinear_T32_s9401102.npz,4388,fd01d16e14e7aca22c810282832a3176102c3db2a96d1fc84c50a1beeb8298ac
matrices/n8_lowrank0_d1_stack_nonlinear_T32_s9401103.npz,4405,9fec1d465d32ff9aad4ffb7fe2aae28c6fc65120e1bba6442eb7315d4bb62c43
matrices/n8_lowrank0_d1_stack_nonlinear_T32_s9401104.npz,4397,e002b0220bdc6ff848fb6637f131ad240b38c406604bfeb1f847b08fe794d0f4
matrices/n8_lowrank0_d2_stack_nonlinear_T128_s9401100.npz,16500,b4676c2733c73728006837dc4dddc38cf69384469a1f05533ad131ea3b7c1467
matrices/n8_lowrank0_d2_stack_nonlinear_T128_s9401101.npz,16505,aad1e6cb5eeb0d31d5c726c71defaf838dbc5e5369f55b2574ae07fbb1658c72
matrices/n8_lowrank0_d2_stack_nonlinear_T128_s9401102.npz,16503,46b0484ab3e6aa5d6ae5070a5e8ca12c734e7143168ca2cd7052222f2a49139f
matrices/n8_lowrank0_d2_stack_nonlinear_T128_s9401103.npz,16497,d49bfd5209117c8779f71dfa89c3fb10d381946a902cd59b4487ee866ce373c0
matrices/n8_lowrank0_d2_stack_nonlinear_T128_s9401104.npz,16507,f8e19d2b71a2ad23616b17701c4337ec6e33a0dedf7ce9ca178542723b96ded6
matrices/n8_lowrank0_d2_stack_nonlinear_T32_s9401100.npz,10654,bc63f053c0f1278d7f558b02e6e42130e6d5a175cba91bf2624f0af5b560e0d6
matrices/n8_lowrank0_d2_stack_nonlinear_T32_s9401101.npz,10669,9ce84ea2df9d5ad8291ef5ba991afe0197361939fb2214d05a5738ecefe8ead6
matrices/n8_lowrank0_d2_stack_nonlinear_T32_s9401102.npz,10663,c09dd48619d730054f8ef100ddc6116c9500c43fc2f97f716865523571a793fe
matrices/n8_lowrank0_d2_stack_nonlinear_T32_s9401103.npz,10662,4b32c5d963514cbd2637fbf300ce9d65fc5065311877d4f2c91480fc28cb9a8e
matrices/n8_lowrank0_d2_stack_nonlinear_T32_s9401104.npz,10655,13a088f89effeec848d79114aa40d8e04ffdb492d71451ba17e3fbef4456e3c2
matrices/n8_lowrank0_d3_stack_nonlinear_T128_s9401100.npz,27742,3cd5e97e63880a6a140a63bd568da68bc65883018c9a8225a6dabb7d1829cf35
matrices/n8_lowrank0_d3_stack_nonlinear_T128_s9401101.npz,27771,3ef4b80f41c4a443148cb6b70c30d788ad888fe33a528567df73c5cd6850861c
matrices/n8_lowrank0_d3_stack_nonlinear_T128_s9401102.npz,27748,d887a75d783cc445900d9d3228e732a15b79a335d7efb50ae90108cff70c88b1
matrices/n8_lowrank0_d3_stack_nonlinear_T128_s9401103.npz,27747,40e32506c01f21f3c1bfdc8fa2eee51cd21678fe9220b2caf6bd3ed90b177887
matrices/n8_lowrank0_d3_stack_nonlinear_T128_s9401104.npz,27767,5ed8ac76cfe500f17f3cb91e200a87ea72829196607d53e1223b0cb2f161d067
matrices/n8_lowrank0_d3_stack_nonlinear_T32_s9401100.npz,21913,1e4bc3dafac8da2b69218661e89ade3f28c28cf32706cad535bc385772480375
matrices/n8_lowrank0_d3_stack_nonlinear_T32_s9401101.npz,21926,cb043737a1e47368e6cb82dbab1c34105f8ae423118a8cf3da8c115b7826c985
matrices/n8_lowrank0_d3_stack_nonlinear_T32_s9401102.npz,21916,c159dd380137d055ae075416c5d5b174f803c1e9201b046ecc3791092b4f29a1
matrices/n8_lowrank0_d3_stack_nonlinear_T32_s9401103.npz,21900,fa6cbe0b1494904f08348b03e19dde4976a1de7cae5627942de1c2f0a5fb4160
matrices/n8_lowrank0_d3_stack_nonlinear_T32_s9401104.npz,21913,d5fe879f07ba6d3d245a08f99ccd034e9149d1627ced1240d37f58336e1020dd
matrices/n8_lowrank1_d1_stack_nonlinear_T128_s9401100.npz,15589,ab2732765917ed7388609492aa948533d60625e19ac587e97dcb9873aa83672d
matrices/n8_lowrank1_d1_stack_nonlinear_T128_s9401101.npz,15545,20acaa45aa2e62a317d0edeeeea3bf7323556e812e540b951f4f7c6fecf5efec
matrices/n8_lowrank1_d1_stack_nonlinear_T128_s9401102.npz,15562,8671b7c004ab3eb44fc7b23dd5d5c5e52806d864d9ff18dd9a979f649fc55666
matrices/n8_lowrank1_d1_stack_nonlinear_T128_s9401103.npz,15558,61f74bed322efd4caad2a8ee8f8965148209f65cc596ad02a8a1e610226bd0e3
matrices/n8_lowrank1_d1_stack_nonlinear_T128_s9401104.npz,15575,13ce7555e12fab1cfa837d8975055341b1d71daecbd11259d3d2572bb305f913
matrices/n8_lowrank1_d1_stack_nonlinear_T32_s9401100.npz,9744,802a34fb343f5a49bbb672cd86da7e6d46a9cbaf69e7829b03d35abf1aad6829
matrices/n8_lowrank1_d1_stack_nonlinear_T32_s9401101.npz,9710,d730305cb35ad089678dca3506f1276836c74b74d67e5a80a2e405af7e4c2c88
matrices/n8_lowrank1_d1_stack_nonlinear_T32_s9401102.npz,9699,010d370e8044f509ad3ff99917eea67f7fcf04311f5da79c9f51d66759e07c1a
matrices/n8_lowrank1_d1_stack_nonlinear_T32_s9401103.npz,9722,90909a7bfe0ecbd123ccb8809f04fa2c2541c9f4b5213b56df126bc9423fb360
matrices/n8_lowrank1_d1_stack_nonlinear_T32_s9401104.npz,9723,a7e363bc0c0bf117e36b8a4ba1c7d6493b7abfe01a28e0c3b77c14616ec9a1d3
matrices/n8_lowrank1_d2_stack_nonlinear_T128_s9401100.npz,28233,951d8802f5405c61540e82ab3291ed63b70c35260140b6a76a1c4f272dc8e9c5
matrices/n8_lowrank1_d2_stack_nonlinear_T128_s9401101.npz,28178,39ae70fca74347ca074cc2ae8ee24b241e1b6e62544ec220a79bf665d36ab969
matrices/n8_lowrank1_d2_stack_nonlinear_T128_s9401102.npz,28158,0782c94ac89cbb0ea79976434bf3752fee4b5047183b23f5998c38dd7092e67f
matrices/n8_lowrank1_d2_stack_nonlinear_T128_s9401103.npz,28203,c79cdc8adeb624cabe54d3e025c8449d4d4ba4dd87fd7928dce0ec1cec171f55
matrices/n8_lowrank1_d2_stack_nonlinear_T128_s9401104.npz,28189,4cf96033845d688f70c84cdf5fc37bfa9fcb1ef11910a4b3e57f33758a6e328d
matrices/n8_lowrank1_d2_stack_nonlinear_T32_s9401100.npz,22393,e543ea66957dd9f284900cac354071e961ca65c36461d749c9546c1251aed940
matrices/n8_lowrank1_d2_stack_nonlinear_T32_s9401101.npz,22347,60deea72fe758e2b0f982555e76df9220261dd9c4525ccee62e4de23cbbc7d4a
matrices/n8_lowrank1_d2_stack_nonlinear_T32_s9401102.npz,22304,b7b68ef115a14e0cd5dfb875315461ace737324dd8487f4529a15af6945303af
matrices/n8_lowrank1_d2_stack_nonlinear_T32_s9401103.npz,22380,35df2e28e1a8642b3c0c3575ba6117e6e1898a71195a42625f71697785a36409
matrices/n8_lowrank1_d2_stack_nonlinear_T32_s9401104.npz,22346,2e372902c1029ade8418fa655f7fb3f3a18651e2fc6b567e9b0e2724e4a30a77
matrices/n8_lowrank1_d3_stack_nonlinear_T128_s9401100.npz,46725,3907cdc890229b48202939d2d0d1e5937a67451685746466a9f297de473bd778
matrices/n8_lowrank1_d3_stack_nonlinear_T128_s9401101.npz,46655,452267ff82d0bed83ba3ffc5058e05cc77e06b8c989985a440ebce07fb3b4651
matrices/n8_lowrank1_d3_stack_nonlinear_T128_s9401102.npz,46634,ba69e91909c644edc24d1f3a9f86a41e922ad7d8af39d13d913f6d1b38c856e4
matrices/n8_lowrank1_d3_stack_nonlinear_T128_s9401103.npz,46721,19ae2f90f5b1ee8b825a4ad84754fc8100733a27f9d5efdef3190bf74c14d9ce
matrices/n8_lowrank1_d3_stack_nonlinear_T128_s9401104.npz,46685,693708b311ff51ae782553a0181ad5db7c30c0de7eb16e5d5007e3f3331698a2
matrices/n8_lowrank1_d3_stack_nonlinear_T32_s9401100.npz,40888,8df7ad56a11c5d05ae418a65d2b9625ae7f4799369f9395be691c412f728bee6
matrices/n8_lowrank1_d3_stack_nonlinear_T32_s9401101.npz,40819,433a9b46e8ce57cb5eaf84936596d4f41448735ec5e3de22512e0d7c31d48ac2
matrices/n8_lowrank1_d3_stack_nonlinear_T32_s9401102.npz,40774,8351b2fe6bfc3a90482b174aa162c734f87c5340d50f7fe3d2dd8a311ae912df
matrices/n8_lowrank1_d3_stack_nonlinear_T32_s9401103.npz,40889,cc0162a9203615d05c91476035ad1226351317d33bc6eb77028e7a320f4b0a27
matrices/n8_lowrank1_d3_stack_nonlinear_T32_s9401104.npz,40844,714ea9cfdc0a3ec34bae6fc570eee8d7a78004596d1d9ad0cae666b3bfb407b9
matrices/n8_lowrank2_d1_stack_nonlinear_T128_s9401100.npz,16659,11562aa72121e0fe6b7f786561208ecace5770563269277f3cec9d4f97c10e07
matrices/n8_lowrank2_d1_stack_nonlinear_T128_s9401101.npz,16648,e9c320d18b7b8a357fc98bcb8917c0f543f001003f89a347d09b75170653e4ad
matrices/n8_lowrank2_d1_stack_nonlinear_T128_s9401102.npz,16652,b9d25048ffce1d48de7afbdcd0c735640430a0dc55ef0a2b393146f35ddcf5d7
matrices/n8_lowrank2_d1_stack_nonlinear_T128_s9401103.npz,16662,f12ac3fab30435502bd3bb6b300aaa87a66af7d08cac86a14769f1251e8c3af3
matrices/n8_lowrank2_d1_stack_nonlinear_T128_s9401104.npz,16665,820086162f3fdb7d2b7166ead145cf17c5952e81150960dcee3a2cc4d30c9cfc
matrices/n8_lowrank2_d1_stack_nonlinear_T32_s9401100.npz,10816,0f15e87494fb9238f2657c3c6c05de7d20375442ad0ae8b2e1157134a846dc60
matrices/n8_lowrank2_d1_stack_nonlinear_T32_s9401101.npz,10810,cbab0596fd08671111c4105928b855140e35f673ab07264494b06e48646d09f6
matrices/n8_lowrank2_d1_stack_nonlinear_T32_s9401102.npz,10803,8428e58521cf44eb52f45a9e23a2c65aecd0d8079fcd75acfb7dd8ceef4c35e3
matrices/n8_lowrank2_d1_stack_nonlinear_T32_s9401103.npz,10810,00664870fa9d95dc543fcc7d9190707ee545f8e09f7b41af72ad3c2098b08153
matrices/n8_lowrank2_d1_stack_nonlinear_T32_s9401104.npz,10815,5ae03d53a68dd9d8cf8b7df71b69cc398e78d11f9b9d75c0cac089b7a33cbdbb
matrices/n8_lowrank2_d2_stack_nonlinear_T128_s9401100.npz,31349,e4288f09ee210777cff832aff33775a59002abe8c5b5b42666ef8355cc130dba
matrices/n8_lowrank2_d2_stack_nonlinear_T128_s9401101.npz,31378,48788eccace6d76d9d76c121a69102cdbdf066fa01a533d61383918a34d30155
matrices/n8_lowrank2_d2_stack_nonlinear_T128_s9401102.npz,31348,303e3e352386ed8090263cf04092583d818cba11afb30d33d7a46bfb501bee8d
matrices/n8_lowrank2_d2_stack_nonlinear_T128_s9401103.npz,31350,b70ac8d7208d1c19a884a710eceb0a6ecd876fdff3797463f81e249248d0b241
matrices/n8_lowrank2_d2_stack_nonlinear_T128_s9401104.npz,31358,9ed707bd41c18748506f7f69ef45ac03659a820d4174ca84e9900d8dd95629c5
matrices/n8_lowrank2_d2_stack_nonlinear_T32_s9401100.npz,25514,fc39ccb0a7895925607d81f47aa8e50284d07f0364a283e6b0ee9d924bac054f
matrices/n8_lowrank2_d2_stack_nonlinear_T32_s9401101.npz,25553,e59543ebac5bcf60553102a35c19a063c37920b4fc9c523c5c5f8c94777ec8fe
matrices/n8_lowrank2_d2_stack_nonlinear_T32_s9401102.npz,25508,a8b7d8c990ec77b565453dac088ec2c34bcb361840518041bbdd2cd00ea5ad98
matrices/n8_lowrank2_d2_stack_nonlinear_T32_s9401103.npz,25510,c4366cf41afcb85a2700f81867363515c932a5c6c9d2dec27cd90312b36c7c4d
matrices/n8_lowrank2_d2_stack_nonlinear_T32_s9401104.npz,25522,03b5cf1f303caa416b669d0542c20aa17996a7e9928076a34627f0d877035525
matrices/n8_lowrank2_d3_stack_nonlinear_T128_s9401100.npz,52905,efa0713e50ece110f7633c0e4ed35d005c6a4df4f97d8c3c9f66bb59759aee56
matrices/n8_lowrank2_d3_stack_nonlinear_T128_s9401101.npz,52957,083dce4f042509ed10492cc1635f28a20f260247bd451d598b5c7015916cc37b
matrices/n8_lowrank2_d3_stack_nonlinear_T128_s9401102.npz,52932,0356385d2839ee4ed6ad2e13189399517420075795832c9f17a5ceee5dba64bc
matrices/n8_lowrank2_d3_stack_nonlinear_T128_s9401103.npz,52932,54e298ab05c4e889831baab19ae7d0bac643ccf8b3f49842a04f354f9a6e0f86
matrices/n8_lowrank2_d3_stack_nonlinear_T128_s9401104.npz,52911,2c21105abc6c01de6017e97cca335d6361683ac5123e356ea924c2a48844160b
matrices/n8_lowrank2_d3_stack_nonlinear_T32_s9401100.npz,47094,485d14b532be985c9b7082cda31a22ba60f37aea1ba9ff206c93ddab4ef06bfa
matrices/n8_lowrank2_d3_stack_nonlinear_T32_s9401101.npz,47118,4cc70aea47f0a7169ed7d00350a1355bc96b2d77d43d09ddfc0e2214173b9fb2
matrices/n8_lowrank2_d3_stack_nonlinear_T32_s9401102.npz,47099,f68b5789a021b266ade1addddd737c9b4e5cc1aff5e9d12fd9d5a46d9d1bbb30
matrices/n8_lowrank2_d3_stack_nonlinear_T32_s9401103.npz,47110,334d5faa2d497f39e97e45080677287ae28b44e9a5e613449a5f64e3714515e4
matrices/n8_lowrank2_d3_stack_nonlinear_T32_s9401104.npz,47072,2a4aaad6c71a0e506d1b2e26c33368674cbc57599629a49d6b1f6f8bdcd5b29d
matrices/n8_lowrank4_d1_stack_nonlinear_T128_s9401100.npz,18860,d774e264c83532a2d4ee003c38e40112820204bbbac01d7e85e9e126d3ec7e20
matrices/n8_lowrank4_d1_stack_nonlinear_T128_s9401101.npz,18865,be158683785965f239c07c4801c33d38fcae0b3898e5fe46a51b3d1ad7b7c933
matrices/n8_lowrank4_d1_stack_nonlinear_T128_s9401102.npz,18855,ee324b78f7b46aec0a2dc2dac42b9026c2581ed17a77e1306fee1adaf3f6222c
matrices/n8_lowrank4_d1_stack_nonlinear_T128_s9401103.npz,18850,766a751ac53418079ecdf75135b45089e00fd53b707f944eb420fa49c5af568e
matrices/n8_lowrank4_d1_stack_nonlinear_T128_s9401104.npz,18861,75302eaf4999a1e9c3211e3f3d77f518ace064b45a047c03c3a98387b18a0266
matrices/n8_lowrank4_d1_stack_nonlinear_T32_s9401100.npz,13004,8749036d0dae2e4427c86289a3475a8c14b23df984bbd948627c3cef2c659341
matrices/n8_lowrank4_d1_stack_nonlinear_T32_s9401101.npz,13023,3970bb19725f7afd7a9cce7fad5b124e74d4db181f42ac957c29a7645da14d39
matrices/n8_lowrank4_d1_stack_nonlinear_T32_s9401102.npz,13006,a49ad68a62c3cb9f1ffad739aabc67d0a4fbdd1640e490535f4a3304127e4722
matrices/n8_lowrank4_d1_stack_nonlinear_T32_s9401103.npz,13024,c20036f07a172039c75ec9d78baabbf77c186aa2cfcc69e6d1ae441cfde1c1a1
matrices/n8_lowrank4_d1_stack_nonlinear_T32_s9401104.npz,13014,74cdaa6e7175c301148643d0271223c1ea47472ed8f2e2e7e0e79fbbd69f4783
matrices/n8_lowrank4_d2_stack_nonlinear_T128_s9401100.npz,37702,3b5d3623403b15e8b2c814c31e738f5744bbf61b1d144e59f21bf93939609a45
matrices/n8_lowrank4_d2_stack_nonlinear_T128_s9401101.npz,37751,fcc3e1de4c9e2d1ef75463929b566b243069b5712bf7728d9c99740123002326
matrices/n8_lowrank4_d2_stack_nonlinear_T128_s9401102.npz,37715,afea426138713a3fa119a92ea9e90775acc74f14dd87b0e42fe7f95364fa60a7
matrices/n8_lowrank4_d2_stack_nonlinear_T128_s9401103.npz,37719,a1a0c79f1166116837d51c2775f43f0ae40528d87f471c5ac924013d1f3b9cc3
matrices/n8_lowrank4_d2_stack_nonlinear_T128_s9401104.npz,37723,52700c9ca297a20f006d9acde3e8e7d2d5f4d6fcb9eb2154241c5f8ddc9a8b89
matrices/n8_lowrank4_d2_stack_nonlinear_T32_s9401100.npz,31860,542ee3053b65e30ec2e9c6d8c805b933366cbc3260ee32286de6dedd55640509
matrices/n8_lowrank4_d2_stack_nonlinear_T32_s9401101.npz,31887,8e8d8e25a30922e9129324f04528df45173b5d0b31400afc0ed05fb625ae32a0
matrices/n8_lowrank4_d2_stack_nonlinear_T32_s9401102.npz,31878,a3111c65a68ccb084cfb1c6d72fa5b826912ae908fc6445997cddc9edd24a0f0
matrices/n8_lowrank4_d2_stack_nonlinear_T32_s9401103.npz,31896,6aa4a554f5772391fb7ae3b088654aa2cf4ea5e0f595ac7f5d6874d256e8e08e
matrices/n8_lowrank4_d2_stack_nonlinear_T32_s9401104.npz,31870,9691074be475adf3f16be4b4de48cb486c32560208515a92045fcafff103bb97
matrices/n8_lowrank4_d3_stack_nonlinear_T128_s9401100.npz,65470,eb15b3cec2d8a91c5f1ba701d1c7038e7a125c1e6b0a1d839e63212c497faec6
matrices/n8_lowrank4_d3_stack_nonlinear_T128_s9401101.npz,65533,b684224a803e530ba45f462d479fe74cdef93642525b56df510debf4bc51e57d
matrices/n8_lowrank4_d3_stack_nonlinear_T128_s9401102.npz,65480,22ad69c38181969b9c3e1a2c916cd1d7ccb025b8b03d28d223d2846cb02cc8ba
matrices/n8_lowrank4_d3_stack_nonlinear_T128_s9401103.npz,65474,bbace0f114919dc278a37ac48c875610eb68fd7526a9ce72ff457d85657655f8
matrices/n8_lowrank4_d3_stack_nonlinear_T128_s9401104.npz,65465,272226ed2b20337c615a35d425b0f133bd525afef1ccd77caa2cdf7528dab9d1
matrices/n8_lowrank4_d3_stack_nonlinear_T32_s9401100.npz,59605,a1a6b4d9919bb2a2503ec2e674230e3f3e5265b6838f85de8d60619c04ad741d
matrices/n8_lowrank4_d3_stack_nonlinear_T32_s9401101.npz,59641,be541d798dcc4f027b5897fb823c5fa3a96e3f0b4a4f92388ef4af455671ad09
matrices/n8_lowrank4_d3_stack_nonlinear_T32_s9401102.npz,59653,e52c018dc2a3821d385e3e8bfabbb169a3a8588192954247f336fcef47e5fbe2
matrices/n8_lowrank4_d3_stack_nonlinear_T32_s9401103.npz,59658,c3243f0c00ab38b8fb67c48b2fd113e37e0f084566396904ffba37fef57011b2
matrices/n8_lowrank4_d3_stack_nonlinear_T32_s9401104.npz,59645,90464e625fbde214ed83f8ef371f46ba37adfb795474b7730d2e34eafd8728f5
matrices/n8_lowrank8_d1_stack_nonlinear_T128_s9401100.npz,23271,d4bb13a480fe85cd0ac954ef83b45042e6b47d0bc2d40e921d71f67d4ee46614
matrices/n8_lowrank8_d1_stack_nonlinear_T128_s9401101.npz,23258,4a451d890ee90042dc8204613cd38fc8d5e86a575a2fcbe9f78363abd4648eb7
matrices/n8_lowrank8_d1_stack_nonlinear_T128_s9401102.npz,23288,f29b47f4709181357ff7b3d3a8ad138c650b51fae7f2166032bc33c76d8f77f9
matrices/n8_lowrank8_d1_stack_nonlinear_T128_s9401103.npz,23258,db47de8697938032c51cabaaa23c0ebd59159176aea2b04281208194f87cc295
matrices/n8_lowrank8_d1_stack_nonlinear_T128_s9401104.npz,23261,93fce64d7bba5e433c79a6419e0ac0595b771be8ede82975f179c0269c1d5732
matrices/n8_lowrank8_d1_stack_nonlinear_T32_s9401100.npz,17408,2774802c1406f90c4e2edcd6ae3e21e2f7bd1c357cbf08591e99c619beccb2c2
matrices/n8_lowrank8_d1_stack_nonlinear_T32_s9401101.npz,17437,4785ef13859c93a19e409dc39c2d5dce5248e4299b6680acdf2ad8b71c93185a
matrices/n8_lowrank8_d1_stack_nonlinear_T32_s9401102.npz,17408,381e541e0cd8ff5e1205ead9cea97701919ccdae108266e470b6ee22f3bd1bca
matrices/n8_lowrank8_d1_stack_nonlinear_T32_s9401103.npz,17427,4adaf558a6e688691794038b96dbb5baeac5c3049e3b45dfbe06f4e546d57c67
matrices/n8_lowrank8_d1_stack_nonlinear_T32_s9401104.npz,17411,ac6bf63c3d72260a30996ea7cabed1ad8bdab3ab83b9ff2ee4d37b39719cd541
matrices/n8_lowrank8_d2_stack_nonlinear_T128_s9401100.npz,50533,42ec645e8360fcbdc4cce61db11f7a4c0a415d1653b286ea1aedd2dbb7c6688d
matrices/n8_lowrank8_d2_stack_nonlinear_T128_s9401101.npz,50530,e43ddec894f7383f85da4dc794b765d1dd5d2f8b299147f431384aa906b87fd7
matrices/n8_lowrank8_d2_stack_nonlinear_T128_s9401102.npz,50541,1b1e4225d73f5919ab308549d44c12b7db3c48dc70c61f9e141944757e6c27d8
matrices/n8_lowrank8_d2_stack_nonlinear_T128_s9401103.npz,50492,f7fe55058f6e4a70d90bc211bc56f154a471bad00b9353036c87187e907d916f
matrices/n8_lowrank8_d2_stack_nonlinear_T128_s9401104.npz,50476,13c7cc4f627d8ebec2d91587482febe4e680a76ed21d2f430ca8e574f7091ca8
matrices/n8_lowrank8_d2_stack_nonlinear_T32_s9401100.npz,44643,a9ea71bfa3d201315f7bd7eb8e79bf6107a35e87ed40762826085433cb989ceb
matrices/n8_lowrank8_d2_stack_nonlinear_T32_s9401101.npz,44712,3e6a98d351d97a230977c967ead902eae5992f1eedcdec6a846bf3d003df6295
matrices/n8_lowrank8_d2_stack_nonlinear_T32_s9401102.npz,44662,97ea41c528a73a9cbd2601e0d203182492a8fb114c7783fdddaf42a4f8a83d7c
matrices/n8_lowrank8_d2_stack_nonlinear_T32_s9401103.npz,44662,fb70559b7c60e748a316e5f23f7fc9e29b5fe5e47e173da306961c626bd19584
matrices/n8_lowrank8_d2_stack_nonlinear_T32_s9401104.npz,44656,a145595cb5f8061c7d5e1be1f91d7b30b5e9c1bfbdde995d9cb0bbef1b6035df
matrices/n8_lowrank8_d3_stack_nonlinear_T128_s9401100.npz,90625,649a04eb82bfe681233f75ff5befb860cd68d710e4defbf7f364bbd230125ece
matrices/n8_lowrank8_d3_stack_nonlinear_T128_s9401101.npz,90595,9281fee070b7b9c7e33705abf01e0286cc1e3807b96fad73520efc541e28e996
matrices/n8_lowrank8_d3_stack_nonlinear_T128_s9401102.npz,90624,19539f104e96b570ed6c26d3d96093f18b8f8d6e53f326a49fa552a295a98593
matrices/n8_lowrank8_d3_stack_nonlinear_T128_s9401103.npz,90534,80aa1ef0e3cbf93154bdb43e22ee985bc5d4cd2c6d6651e091d15896f3a9eb85
matrices/n8_lowrank8_d3_stack_nonlinear_T128_s9401104.npz,90548,c7832367cb0998ee9443805503f8afb40af67f1cc2df3471d290c57cb4018470
matrices/n8_lowrank8_d3_stack_nonlinear_T32_s9401100.npz,84707,ded355108656978d5de80c0092bd2ef311cc8f711f2797981adceb0d4596fee7
matrices/n8_lowrank8_d3_stack_nonlinear_T32_s9401101.npz,84758,b9777a11c0cffdedbf8d3452c5afdd2d1e63fb1b473629a524ed31ed87fafe8e
matrices/n8_lowrank8_d3_stack_nonlinear_T32_s9401102.npz,84731,c504994282375a178bfe83275ff81588a16b0fa1701eb92e5b96d980ccd11323
matrices/n8_lowrank8_d3_stack_nonlinear_T32_s9401103.npz,84712,f2fbb7969dcfc2d9e2a319d3d4456483cc8d79d11bcde2c5bab5933d926e3356
matrices/n8_lowrank8_d3_stack_nonlinear_T32_s9401104.npz,84712,e10a2846f8536964f32fba12dee0fea58fd9967d3b1e71d2e2ecea088e969938
matrices/n8_mix1_d1_feedback_T128_s9401100.npz,18861,ba3b05e69c41c334db8b9c8170a215adfee02846d3b59c00df60d8241740a01d
matrices/n8_mix1_d1_feedback_T128_s9401101.npz,18849,2d8f4d5242035c645ae7c1629b2b59e3c6da5c4db53654d4397f1ed0cbac54fe
matrices/n8_mix1_d1_feedback_T128_s9401102.npz,18852,766a00b6440dc362d833b244b08c5d1c15494c70f7e02a8e72c6a4e27f3556b7
matrices/n8_mix1_d1_feedback_T128_s9401103.npz,18858,017138d5665594ed4fbb1da88c09559262f9a428eba07429b7b8458ff039dc8b
matrices/n8_mix1_d1_feedback_T128_s9401104.npz,18870,256368734eb6b2963d14032954c42f667cfcc0126630d02fe01a3c31de6c9ab0
matrices/n8_mix1_d1_feedback_T32_s9401100.npz,13026,d959650fbdf3a829f68df6908e65060004d4c0d4676a6919f132b90a8c57cef2
matrices/n8_mix1_d1_feedback_T32_s9401101.npz,13010,eea9f5b9ae6ec2ab5ee28bd525b6be9d56acb9d85dedf6ea5868506d5ff68c79
matrices/n8_mix1_d1_feedback_T32_s9401102.npz,12999,b2e16287c2817350adbd3fa2f4f614c3a3e8c3094e9283438ced76cbf91f742f
matrices/n8_mix1_d1_feedback_T32_s9401103.npz,13018,b34a73623a71bbbe08af89b9723e2c52b0071ff8a0dda54ba052bed2dabead41
matrices/n8_mix1_d1_feedback_T32_s9401104.npz,13014,8b582d844d7360fac5527d0d2a38542523136247a08dade380b3b449b570b47f
matrices/n8_mix1_d1_fixed_linear_T128_s9401100.npz,10232,6c28385e1e961937417ff04bda9fa41c32e0fb2bb3b40663d860f23931502495
matrices/n8_mix1_d1_fixed_linear_T128_s9401101.npz,10239,7159ac95246d371d15d14b5d08dcd3b89780f756974f524e68b3de1cf0a4f9a2
matrices/n8_mix1_d1_fixed_linear_T128_s9401102.npz,10239,54e49336d98c34b4033fb197cb55f393cedb308ed278cf31e768c1fe9a73078a
matrices/n8_mix1_d1_fixed_linear_T128_s9401103.npz,10237,aa2dc75585c7a3e0a4f1b1e437c7600ce1b1f3073556955ed16ec414a7c9fda6
matrices/n8_mix1_d1_fixed_linear_T128_s9401104.npz,10245,a1bf5551f0c4f4aa78b68d323aec9330f93a15c7a470066ac42af1989cbc6ca9
matrices/n8_mix1_d1_fixed_linear_T32_s9401100.npz,4390,bfbca7905116a439b41329cb977b34f6ae9201d1cc183c7e17c4b5b1f9fb8161
matrices/n8_mix1_d1_fixed_linear_T32_s9401101.npz,4402,23486923329e9e6f432f494ed14b4958aaf8e24ab6e5381d2feb812d32e3847a
matrices/n8_mix1_d1_fixed_linear_T32_s9401102.npz,4388,fd01d16e14e7aca22c810282832a3176102c3db2a96d1fc84c50a1beeb8298ac
matrices/n8_mix1_d1_fixed_linear_T32_s9401103.npz,4405,9fec1d465d32ff9aad4ffb7fe2aae28c6fc65120e1bba6442eb7315d4bb62c43
matrices/n8_mix1_d1_fixed_linear_T32_s9401104.npz,4397,e002b0220bdc6ff848fb6637f131ad240b38c406604bfeb1f847b08fe794d0f4
matrices/n8_mix1_d1_none_T128_s9401100.npz,10232,6c28385e1e961937417ff04bda9fa41c32e0fb2bb3b40663d860f23931502495
matrices/n8_mix1_d1_none_T128_s9401101.npz,10239,7159ac95246d371d15d14b5d08dcd3b89780f756974f524e68b3de1cf0a4f9a2
matrices/n8_mix1_d1_none_T128_s9401102.npz,10239,54e49336d98c34b4033fb197cb55f393cedb308ed278cf31e768c1fe9a73078a
matrices/n8_mix1_d1_none_T128_s9401103.npz,10237,aa2dc75585c7a3e0a4f1b1e437c7600ce1b1f3073556955ed16ec414a7c9fda6
matrices/n8_mix1_d1_none_T128_s9401104.npz,10245,a1bf5551f0c4f4aa78b68d323aec9330f93a15c7a470066ac42af1989cbc6ca9
matrices/n8_mix1_d1_none_T32_s9401100.npz,4390,bfbca7905116a439b41329cb977b34f6ae9201d1cc183c7e17c4b5b1f9fb8161
matrices/n8_mix1_d1_none_T32_s9401101.npz,4402,23486923329e9e6f432f494ed14b4958aaf8e24ab6e5381d2feb812d32e3847a
matrices/n8_mix1_d1_none_T32_s9401102.npz,4388,fd01d16e14e7aca22c810282832a3176102c3db2a96d1fc84c50a1beeb8298ac
matrices/n8_mix1_d1_none_T32_s9401103.npz,4405,9fec1d465d32ff9aad4ffb7fe2aae28c6fc65120e1bba6442eb7315d4bb62c43
matrices/n8_mix1_d1_none_T32_s9401104.npz,4397,e002b0220bdc6ff848fb6637f131ad240b38c406604bfeb1f847b08fe794d0f4
matrices/n8_mix1_d1_nonlinear_trainable_T128_s9401100.npz,10753,f6fb987f337b68bc2889f4904cf89b32a25f8825ba5f06e6fdd6344af26f7fd2
matrices/n8_mix1_d1_nonlinear_trainable_T128_s9401101.npz,10759,c459b6df8df81055db0ef9b2adc1068ec3dc601b208c7ffa8da07d546eadb5c1
matrices/n8_mix1_d1_nonlinear_trainable_T128_s9401102.npz,10748,6499c94a81d25d67312986fd18c814ef20a0b5cb6bbf67aacbe1990f4a162390
matrices/n8_mix1_d1_nonlinear_trainable_T128_s9401103.npz,10753,1ad572e9364348845b2c5067e95ede44fc2a005ea8dc5a2f611bdcb55d07a2a6
matrices/n8_mix1_d1_nonlinear_trainable_T128_s9401104.npz,10763,0b013c5e91f67e2f952980fa6552efe891e6c2fb42212065baa51ab3b77efa35
matrices/n8_mix1_d1_nonlinear_trainable_T32_s9401100.npz,4909,d9bf4ffef7c4126e37ea3a7f54ade668b20d9b41e6c47cb92ce6953f43fa806e
matrices/n8_mix1_d1_nonlinear_trainable_T32_s9401101.npz,4923,1a8c4c999ece1123bdad45ff60000fa9b7beb67816fdc27bdc790427ebd1bc70
matrices/n8_mix1_d1_nonlinear_trainable_T32_s9401102.npz,4908,a574535942cf7c2f5f8449ecddf77f27a4c069cb8c69c8eeaf9609fa87855558
matrices/n8_mix1_d1_nonlinear_trainable_T32_s9401103.npz,4924,2840a06bf53fde334c68da192200dc908f732e0021389dae573aed09d88d173c
matrices/n8_mix1_d1_nonlinear_trainable_T32_s9401104.npz,4912,6ea34d1342f9a6276094a82ac8097c575514d8bd9e29fb605f21fdb3d581037d
matrices/n8_mix1_d1_trainable_linear_T128_s9401100.npz,10753,f6fb987f337b68bc2889f4904cf89b32a25f8825ba5f06e6fdd6344af26f7fd2
matrices/n8_mix1_d1_trainable_linear_T128_s9401101.npz,10759,c459b6df8df81055db0ef9b2adc1068ec3dc601b208c7ffa8da07d546eadb5c1
matrices/n8_mix1_d1_trainable_linear_T128_s9401102.npz,10748,6499c94a81d25d67312986fd18c814ef20a0b5cb6bbf67aacbe1990f4a162390
matrices/n8_mix1_d1_trainable_linear_T128_s9401103.npz,10753,1ad572e9364348845b2c5067e95ede44fc2a005ea8dc5a2f611bdcb55d07a2a6
matrices/n8_mix1_d1_trainable_linear_T128_s9401104.npz,10763,0b013c5e91f67e2f952980fa6552efe891e6c2fb42212065baa51ab3b77efa35
matrices/n8_mix1_d1_trainable_linear_T32_s9401100.npz,4909,d9bf4ffef7c4126e37ea3a7f54ade668b20d9b41e6c47cb92ce6953f43fa806e
matrices/n8_mix1_d1_trainable_linear_T32_s9401101.npz,4923,1a8c4c999ece1123bdad45ff60000fa9b7beb67816fdc27bdc790427ebd1bc70
matrices/n8_mix1_d1_trainable_linear_T32_s9401102.npz,4908,a574535942cf7c2f5f8449ecddf77f27a4c069cb8c69c8eeaf9609fa87855558
matrices/n8_mix1_d1_trainable_linear_T32_s9401103.npz,4924,2840a06bf53fde334c68da192200dc908f732e0021389dae573aed09d88d173c
matrices/n8_mix1_d1_trainable_linear_T32_s9401104.npz,4912,6ea34d1342f9a6276094a82ac8097c575514d8bd9e29fb605f21fdb3d581037d
matrices/n8_positive1_d1_none_T128_s9401100.npz,9671,1f83548584abb4701455d513ec13278f110776e76b9f0b3920da2a35bb21a3e7
matrices/n8_positive1_d1_none_T128_s9401101.npz,9672,33087d72638352cadc34a6c3d89063302600bb02b07fe4c63fcbc2c61de2c663
matrices/n8_positive1_d1_none_T128_s9401102.npz,9669,79e4153d8d8568422442eeb9fdb2b06c2eaa1a5ac629b175b2036f40ce6cfac1
matrices/n8_positive1_d1_none_T128_s9401103.npz,9667,f7e446517dfdcf9fc48708935478aa828d935d7e73a793478ae663a103b14735
matrices/n8_positive1_d1_none_T128_s9401104.npz,9680,352757fa63b31651db35efad5717ca9ca05fb11073c9ca95fb9c2ab10c07ef2b
matrices/n8_positive1_d1_none_T32_s9401100.npz,3826,368f1831ee463eb8111e4c9b76a0dd294092d534475f4af0d6f971f2d9616b24
matrices/n8_positive1_d1_none_T32_s9401101.npz,3829,fa0e971018ac33ddeaf099f0c9258f287143c55b811d68b274b3c59745640ec4
matrices/n8_positive1_d1_none_T32_s9401102.npz,3825,d4d547623b8af152833337d9beecb9714a2b16d301f662b3d5949ed2b7e10a90
matrices/n8_positive1_d1_none_T32_s9401103.npz,3830,484a716e248964affce787d206d15ddde591ab36a206d88ccc03f1e5573dbe0c
matrices/n8_positive1_d1_none_T32_s9401104.npz,3827,93b65dba7d69ee67d15e9c97c854b21dff511f446253d099fd0fba336fa1d14f
matrices.zip,26399470,5c1218741897ea0de4b676fd62413d728734269c23553e4e3b4e738543e5d054
family_matrices/block1_d1_s9401100.npz,5655,c74e7d6995ff32861b1b13beddd01499c8d94c4db84c97d804ab39efc742748e
family_matrices/block1_d1_s9401101.npz,5669,515ec4b7fbc92615bd315fe3a4cae45818e1cefd69352c256fbad2e9d816a86f
family_matrices/block1_d1_s9401102.npz,5675,f9726e552c287b5d9c43a3294e81e7225dd41ec3bbc5306dab33127886049380
family_matrices/block1_d1_s9401103.npz,5664,4a1c93b7a514f8cc87d98b5379e449afe9513e9412ef3860ffeb49731e6f7423
family_matrices/block1_d1_s9401104.npz,5672,8c92dd4c5f5506641e02ec7812eb66cba9ab1c580d00595d19e22db7b1b74b82
family_matrices/block1_d3_s9401100.npz,135943,14a5c26ea2c3ad7d5a3e0da5413cac9813fc8e00dbe12ea42052672582fb05e9
family_matrices/block1_d3_s9401101.npz,135933,38d3e6c799f0c228f1083b09bb0f8754ae88f94d98604b79811ddbd37020c814
family_matrices/block1_d3_s9401102.npz,135917,7beb764c542e0fe9a54b74b7248e1f7b185f2a65a010a33c74f493d9814816f5
family_matrices/block1_d3_s9401103.npz,135900,aefbb6fb922ff656a826140874c89943a3cca82296799081101caa7aa2fcb902
family_matrices/block1_d3_s9401104.npz,136024,d22b17020f541e79b16edd9520d3e8cb087326d87055643cdbe94cb6dcfbd5e8
family_matrices/block8_d1_s9401100.npz,66982,5a6ee21914adb36c98536a774c9b1c30b860a218f869ba2f69eb91145ffbfc0a
family_matrices/block8_d1_s9401101.npz,66999,e0c84902d15dd70c9c705abcd0e16c37cc0c898630860010c5418e36ee2ec727
family_matrices/block8_d1_s9401102.npz,66988,33be7a0ca9ae9e6a19f6c9c7369309c3ab96b1c8503c6ad053fc1c9a36ab2060
family_matrices/block8_d1_s9401103.npz,66991,428af102ef1e670dd04eb2fa4dcc55dd78f43ec0c81bee12c807beb5274ca6a7
family_matrices/block8_d1_s9401104.npz,67003,4f6d144c108bb0965de3a9b0e709d4b9fa0730cc40cb0fafe8301633a2bb2276
family_matrices/block8_d3_s9401100.npz,402527,ff3dae54f4080b4e4e5accf4ed5053f40238abc52a65b32bef9b618aad9cbc25
family_matrices/block8_d3_s9401101.npz,402503,88f3c8ef74cddfc3aff44c4b6676f11f45702dde2d1f7b6cfc8883f0228839fe
family_matrices/block8_d3_s9401102.npz,402467,b873fbe8c4e0bb6c87f5ea81560e2d7a4dda6304cc02f5d12cf22615462f8e20
family_matrices/block8_d3_s9401103.npz,402487,a7157a95b926b4202fd46156dcd5ca3ac33f420aa35b23e2f4614b3deec78fb2
family_matrices/block8_d3_s9401104.npz,402574,4218e15badf0c12ceac9bc8a14c0b49f56bccf0ab0d81d672fef7e19a9e168b3
family_matrices/lowrank0_d1_s9401100.npz,5655,c74e7d6995ff32861b1b13beddd01499c8d94c4db84c97d804ab39efc742748e
family_matrices/lowrank0_d1_s9401101.npz,5669,515ec4b7fbc92615bd315fe3a4cae45818e1cefd69352c256fbad2e9d816a86f
family_matrices/lowrank0_d1_s9401102.npz,5675,f9726e552c287b5d9c43a3294e81e7225dd41ec3bbc5306dab33127886049380
family_matrices/lowrank0_d1_s9401103.npz,5664,4a1c93b7a514f8cc87d98b5379e449afe9513e9412ef3860ffeb49731e6f7423
family_matrices/lowrank0_d1_s9401104.npz,5672,8c92dd4c5f5506641e02ec7812eb66cba9ab1c580d00595d19e22db7b1b74b82
family_matrices/lowrank1_d1_s9401100.npz,47637,1af509704363cb38ac1d064e7a1f78fa5fda46a5d75ecaef9a3427f0dbfa897d
family_matrices/lowrank1_d1_s9401101.npz,47419,89a93a5d213ac76b58e63badcc4d544e22e73d6031d3809a5a4de923818ab682
family_matrices/lowrank1_d1_s9401102.npz,47389,6a60f88711c09fbb1bec7787a59b9c5eaeea1b73d9632153cb12846b542e7afe
family_matrices/lowrank1_d1_s9401103.npz,47522,b56c5ff2ee21d11644a84b3cef57d93573c56aee7000aff519b3d0514acda2d7
family_matrices/lowrank1_d1_s9401104.npz,47500,ecc867d4bbe4d3fdcc32c3d03710c435e21c009efafdfabc96ab89245c84c3b7
family_matrices/lowrank1_d3_s9401100.npz,285048,2324e1f6b75bde321636ad7c17e80c0955f277b3e44a6b8e631c31dc561254cb
family_matrices/lowrank1_d3_s9401101.npz,284607,9057ea12bbea0c09ca412bdb8a88d353168d2437bbdf59e12efdd447d17f3279
family_matrices/lowrank1_d3_s9401102.npz,284293,e2d7e45340a1d33e4c3701a8b18274c1d06bb1ee73de8fb37fd980ae4a7bdbfa
family_matrices/lowrank1_d3_s9401103.npz,285151,adce3bfeb5f5de9a3cf7c5b499fedf4a597f492bd48835eb56eb9a7ecf575c99
family_matrices/lowrank1_d3_s9401104.npz,284615,6c130247f2e50709b67bfdb62bea6ca6547a39109a7546adaca335a8af5096d9
family_matrices/lowrank8_d1_s9401100.npz,102446,17d53c787da4cee5915429cdadc351210b549ba9be5082943ae5ac48a952de3f
family_matrices/lowrank8_d1_s9401101.npz,102481,191a376f20f8cefb95f2a808f00cb3cc331c101b0f436bf1b6e785e0f2c2fbf0
family_matrices/lowrank8_d1_s9401102.npz,102438,a369c7733784dcfc39c2c38066c049a0dec199692db8e555ac178e4c8264b904
family_matrices/lowrank8_d1_s9401103.npz,102392,10bba0285e9af448808722723b9cd9c7603c089a3728fe2d6c0552348668af3a
family_matrices/lowrank8_d1_s9401104.npz,102487,b492910a6d53cb157ff93799903982adde6521731c50f8a8502778a9679d070b
family_matrices/lowrank8_d3_s9401100.npz,615415,9589ac061da1f67d44ddf3e39e18e42c0d88b4dbc78228ee5cc95f2c9445d792
family_matrices/lowrank8_d3_s9401101.npz,615914,5e627c8260fee368afe45db82f4a63a1d5b38d2c9d697f923e789618387bd15b
family_matrices/lowrank8_d3_s9401102.npz,615972,2a20d4e2d7e2826b421116decb098c583ec6e2fc860ae3bd0ac53468f4960f0f
family_matrices/lowrank8_d3_s9401103.npz,615612,8ed091dbf046e99e3db587554ae127c0a2a3ac1c28e6df3535bdd887074547cc
family_matrices/lowrank8_d3_s9401104.npz,615635,238a8e680c8f2b24c92b802b535ceaea06281312b0c821b9a5bee05cf32d7de3
family_matrices.zip,8342843,0b7ce007251b250764971ae02b8d16e5af3df5a0b4ba12112491751ba84b045d
