id,n,axis,family,interaction,depth,mode,T,seed,P,N,full_capacity,significant,fraction,graph_closure_values,exact_packed_values,exact_packed_all_numbers,exact_packed_index_bytes,snapshot_matrix_factor_values,snapshot_kronecker_values
n8_block1_d1_stack_nonlinear_T32_s9401100,8,block,block,1,1,stack_nonlinear,32,9401100,80,8,640,80,0.125,80,80,168,704,704,704
n8_block1_d1_stack_nonlinear_T32_s9401101,8,block,block,1,1,stack_nonlinear,32,9401101,80,8,640,80,0.125,80,80,168,704,704,704
n8_block1_d1_stack_nonlinear_T32_s9401102,8,block,block,1,1,stack_nonlinear,32,9401102,80,8,640,80,0.125,80,80,168,704,704,704
n8_block1_d1_stack_nonlinear_T32_s9401103,8,block,block,1,1,stack_nonlinear,32,9401103,80,8,640,80,0.125,80,80,168,704,704,704
n8_block1_d1_stack_nonlinear_T32_s9401104,8,block,block,1,1,stack_nonlinear,32,9401104,80,8,640,80,0.125,80,80,168,704,704,704
n8_block1_d1_stack_nonlinear_T128_s9401100,8,block,block,1,1,stack_nonlinear,128,9401100,80,8,640,80,0.125,80,80,168,704,704,704
n8_block1_d1_stack_nonlinear_T128_s9401101,8,block,block,1,1,stack_nonlinear,128,9401101,80,8,640,80,0.125,80,80,168,704,704,704
n8_block1_d1_stack_nonlinear_T128_s9401102,8,block,block,1,1,stack_nonlinear,128,9401102,80,8,640,80,0.125,80,80,168,704,704,704
n8_block1_d1_stack_nonlinear_T128_s9401103,8,block,block,1,1,stack_nonlinear,128,9401103,80,8,640,80,0.125,80,80,168,704,704,704
n8_block1_d1_stack_nonlinear_T128_s9401104,8,block,block,1,1,stack_nonlinear,128,9401104,80,8,640,80,0.125,80,80,168,704,704,704
n8_block1_d2_stack_nonlinear_T32_s9401100,8,block,block,1,2,stack_nonlinear,32,9401100,160,16,2560,800,0.3125,800,800,1040,1920,2816,2688
n8_block1_d2_stack_nonlinear_T32_s9401101,8,block,block,1,2,stack_nonlinear,32,9401101,160,16,2560,800,0.3125,800,800,1040,1920,2816,2688
n8_block1_d2_stack_nonlinear_T32_s9401102,8,block,block,1,2,stack_nonlinear,32,9401102,160,16,2560,800,0.3125,800,800,1040,1920,2816,2688
n8_block1_d2_stack_nonlinear_T32_s9401103,8,block,block,1,2,stack_nonlinear,32,9401103,160,16,2560,800,0.3125,800,800,1040,1920,2816,2688
n8_block1_d2_stack_nonlinear_T32_s9401104,8,block,block,1,2,stack_nonlinear,32,9401104,160,16,2560,800,0.3125,800,800,1040,1920,2816,2688
n8_block1_d2_stack_nonlinear_T128_s9401100,8,block,block,1,2,stack_nonlinear,128,9401100,160,16,2560,800,0.3125,800,800,1040,1920,2816,2688
n8_block1_d2_stack_nonlinear_T128_s9401101,8,block,block,1,2,stack_nonlinear,128,9401101,160,16,2560,800,0.3125,800,800,1040,1920,2816,2688
n8_block1_d2_stack_nonlinear_T128_s9401102,8,block,block,1,2,stack_nonlinear,128,9401102,160,16,2560,800,0.3125,800,800,1040,1920,2816,2688
n8_block1_d2_stack_nonlinear_T128_s9401103,8,block,block,1,2,stack_nonlinear,128,9401103,160,16,2560,800,0.3125,800,800,1040,1920,2816,2688
n8_block1_d2_stack_nonlinear_T128_s9401104,8,block,block,1,2,stack_nonlinear,128,9401104,160,16,2560,800,0.3125,800,800,1040,1920,2816,2688
n8_block1_d3_stack_nonlinear_T32_s9401100,8,block,block,1,3,stack_nonlinear,32,9401100,240,24,5760,2160,0.375,2160,2160,2616,3648,6336,5952
n8_block1_d3_stack_nonlinear_T32_s9401101,8,block,block,1,3,stack_nonlinear,32,9401101,240,24,5760,2160,0.375,2160,2160,2616,3648,6336,5952
n8_block1_d3_stack_nonlinear_T32_s9401102,8,block,block,1,3,stack_nonlinear,32,9401102,240,24,5760,2160,0.375,2160,2160,2616,3648,6336,5952
n8_block1_d3_stack_nonlinear_T32_s9401103,8,block,block,1,3,stack_nonlinear,32,9401103,240,24,5760,2160,0.375,2160,2160,2616,3648,6336,5952
n8_block1_d3_stack_nonlinear_T32_s9401104,8,block,block,1,3,stack_nonlinear,32,9401104,240,24,5760,2160,0.375,2160,2160,2616,3648,6336,5952
n8_block1_d3_stack_nonlinear_T128_s9401100,8,block,block,1,3,stack_nonlinear,128,9401100,240,24,5760,2160,0.375,2160,2160,2616,3648,6336,5952
n8_block1_d3_stack_nonlinear_T128_s9401101,8,block,block,1,3,stack_nonlinear,128,9401101,240,24,5760,2160,0.375,2160,2160,2616,3648,6336,5952
n8_block1_d3_stack_nonlinear_T128_s9401102,8,block,block,1,3,stack_nonlinear,128,9401102,240,24,5760,2160,0.375,2160,2160,2616,3648,6336,5952
n8_block1_d3_stack_nonlinear_T128_s9401103,8,block,block,1,3,stack_nonlinear,128,9401103,240,24,5760,2160,0.375,2160,2160,2616,3648,6336,5952
n8_block1_d3_stack_nonlinear_T128_s9401104,8,block,block,1,3,stack_nonlinear,128,9401104,240,24,5760,2160,0.375,2160,2160,2616,3648,6336,5952
n8_block2_d1_stack_nonlinear_T32_s9401100,8,block,block,2,1,stack_nonlinear,32,9401100,88,8,704,176,0.25,176,176,272,768,768,768
n8_block2_d1_stack_nonlinear_T32_s9401101,8,block,block,2,1,stack_nonlinear,32,9401101,88,8,704,176,0.25,176,176,272,768,768,768
n8_block2_d1_stack_nonlinear_T32_s9401102,8,block,block,2,1,stack_nonlinear,32,9401102,88,8,704,176,0.25,176,176,272,768,768,768
n8_block2_d1_stack_nonlinear_T32_s9401103,8,block,block,2,1,stack_nonlinear,32,9401103,88,8,704,176,0.25,176,176,272,768,768,768
n8_block2_d1_stack_nonlinear_T32_s9401104,8,block,block,2,1,stack_nonlinear,32,9401104,88,8,704,176,0.25,176,176,272,768,768,768
n8_block2_d1_stack_nonlinear_T128_s9401100,8,block,block,2,1,stack_nonlinear,128,9401100,88,8,704,176,0.25,176,176,272,768,768,768
n8_block2_d1_stack_nonlinear_T128_s9401101,8,block,block,2,1,stack_nonlinear,128,9401101,88,8,704,176,0.25,176,176,272,768,768,768
n8_block2_d1_stack_nonlinear_T128_s9401102,8,block,block,2,1,stack_nonlinear,128,9401102,88,8,704,176,0.25,176,176,272,768,768,768
n8_block2_d1_stack_nonlinear_T128_s9401103,8,block,block,2,1,stack_nonlinear,128,9401103,88,8,704,176,0.25,176,176,272,768,768,768
n8_block2_d1_stack_nonlinear_T128_s9401104,8,block,block,2,1,stack_nonlinear,128,9401104,88,8,704,176,0.25,176,176,272,768,768,768
n8_block2_d2_stack_nonlinear_T32_s9401100,8,block,block,2,2,stack_nonlinear,32,9401100,176,16,2816,1056,0.375,1056,1056,1280,1792,3072,2944
n8_block2_d2_stack_nonlinear_T32_s9401101,8,block,block,2,2,stack_nonlinear,32,9401101,176,16,2816,1056,0.375,1056,1056,1280,1792,3072,2944
n8_block2_d2_stack_nonlinear_T32_s9401102,8,block,block,2,2,stack_nonlinear,32,9401102,176,16,2816,1056,0.375,1056,1056,1280,1792,3072,2944
n8_block2_d2_stack_nonlinear_T32_s9401103,8,block,block,2,2,stack_nonlinear,32,9401103,176,16,2816,1056,0.375,1056,1056,1280,1792,3072,2944
n8_block2_d2_stack_nonlinear_T32_s9401104,8,block,block,2,2,stack_nonlinear,32,9401104,176,16,2816,1056,0.375,1056,1056,1280,1792,3072,2944
n8_block2_d2_stack_nonlinear_T128_s9401100,8,block,block,2,2,stack_nonlinear,128,9401100,176,16,2816,1056,0.375,1056,1056,1280,1792,3072,2944
n8_block2_d2_stack_nonlinear_T128_s9401101,8,block,block,2,2,stack_nonlinear,128,9401101,176,16,2816,1056,0.375,1056,1056,1280,1792,3072,2944
n8_block2_d2_stack_nonlinear_T128_s9401102,8,block,block,2,2,stack_nonlinear,128,9401102,176,16,2816,1056,0.375,1056,1056,1280,1792,3072,2944
n8_block2_d2_stack_nonlinear_T128_s9401103,8,block,block,2,2,stack_nonlinear,128,9401103,176,16,2816,1056,0.375,1056,1056,1280,1792,3072,2944
n8_block2_d2_stack_nonlinear_T128_s9401104,8,block,block,2,2,stack_nonlinear,128,9401104,176,16,2816,1056,0.375,1056,1056,1280,1792,3072,2944
n8_block2_d3_stack_nonlinear_T32_s9401100,8,block,block,2,3,stack_nonlinear,32,9401100,264,24,6336,2640,0.4166666666666667,2640,2640,3024,3072,6912,6528
n8_block2_d3_stack_nonlinear_T32_s9401101,8,block,block,2,3,stack_nonlinear,32,9401101,264,24,6336,2640,0.4166666666666667,2640,2640,3024,3072,6912,6528
n8_block2_d3_stack_nonlinear_T32_s9401102,8,block,block,2,3,stack_nonlinear,32,9401102,264,24,6336,2640,0.4166666666666667,2640,2640,3024,3072,6912,6528
n8_block2_d3_stack_nonlinear_T32_s9401103,8,block,block,2,3,stack_nonlinear,32,9401103,264,24,6336,2640,0.4166666666666667,2640,2640,3024,3072,6912,6528
n8_block2_d3_stack_nonlinear_T32_s9401104,8,block,block,2,3,stack_nonlinear,32,9401104,264,24,6336,2640,0.4166666666666667,2640,2640,3024,3072,6912,6528
n8_block2_d3_stack_nonlinear_T128_s9401100,8,block,block,2,3,stack_nonlinear,128,9401100,264,24,6336,2640,0.4166666666666667,2640,2640,3024,3072,6912,6528
n8_block2_d3_stack_nonlinear_T128_s9401101,8,block,block,2,3,stack_nonlinear,128,9401101,264,24,6336,2640,0.4166666666666667,2640,2640,3024,3072,6912,6528
n8_block2_d3_stack_nonlinear_T128_s9401102,8,block,block,2,3,stack_nonlinear,128,9401102,264,24,6336,2640,0.4166666666666667,2640,2640,3024,3072,6912,6528
n8_block2_d3_stack_nonlinear_T128_s9401103,8,block,block,2,3,stack_nonlinear,128,9401103,264,24,6336,2640,0.4166666666666667,2640,2640,3024,3072,6912,6528
n8_block2_d3_stack_nonlinear_T128_s9401104,8,block,block,2,3,stack_nonlinear,128,9401104,264,24,6336,2640,0.4166666666666667,2640,2640,3024,3072,6912,6528
n8_block4_d1_stack_nonlinear_T32_s9401100,8,block,block,4,1,stack_nonlinear,32,9401100,104,8,832,416,0.5,416,416,528,896,896,896
n8_block4_d1_stack_nonlinear_T32_s9401101,8,block,block,4,1,stack_nonlinear,32,9401101,104,8,832,416,0.5,416,416,528,896,896,896
n8_block4_d1_stack_nonlinear_T32_s9401102,8,block,block,4,1,stack_nonlinear,32,9401102,104,8,832,416,0.5,416,416,528,896,896,896
n8_block4_d1_stack_nonlinear_T32_s9401103,8,block,block,4,1,stack_nonlinear,32,9401103,104,8,832,416,0.5,416,416,528,896,896,896
n8_block4_d1_stack_nonlinear_T32_s9401104,8,block,block,4,1,stack_nonlinear,32,9401104,104,8,832,416,0.5,416,416,528,896,896,896
n8_block4_d1_stack_nonlinear_T128_s9401100,8,block,block,4,1,stack_nonlinear,128,9401100,104,8,832,416,0.5,416,416,528,896,896,896
n8_block4_d1_stack_nonlinear_T128_s9401101,8,block,block,4,1,stack_nonlinear,128,9401101,104,8,832,416,0.5,416,416,528,896,896,896
n8_block4_d1_stack_nonlinear_T128_s9401102,8,block,block,4,1,stack_nonlinear,128,9401102,104,8,832,416,0.5,416,416,528,896,896,896
n8_block4_d1_stack_nonlinear_T128_s9401103,8,block,block,4,1,stack_nonlinear,128,9401103,104,8,832,416,0.5,416,416,528,896,896,896
n8_block4_d1_stack_nonlinear_T128_s9401104,8,block,block,4,1,stack_nonlinear,128,9401104,104,8,832,416,0.5,416,416,528,896,896,896
n8_block4_d2_stack_nonlinear_T32_s9401100,8,block,block,4,2,stack_nonlinear,32,9401100,208,16,3328,1664,0.5,1664,1664,1904,1920,3584,3456
n8_block4_d2_stack_nonlinear_T32_s9401101,8,block,block,4,2,stack_nonlinear,32,9401101,208,16,3328,1664,0.5,1664,1664,1904,1920,3584,3456
n8_block4_d2_stack_nonlinear_T32_s9401102,8,block,block,4,2,stack_nonlinear,32,9401102,208,16,3328,1664,0.5,1664,1664,1904,1920,3584,3456
n8_block4_d2_stack_nonlinear_T32_s9401103,8,block,block,4,2,stack_nonlinear,32,9401103,208,16,3328,1664,0.5,1664,1664,1904,1920,3584,3456
n8_block4_d2_stack_nonlinear_T32_s9401104,8,block,block,4,2,stack_nonlinear,32,9401104,208,16,3328,1664,0.5,1664,1664,1904,1920,3584,3456
n8_block4_d2_stack_nonlinear_T128_s9401100,8,block,block,4,2,stack_nonlinear,128,9401100,208,16,3328,1664,0.5,1664,1664,1904,1920,3584,3456
n8_block4_d2_stack_nonlinear_T128_s9401101,8,block,block,4,2,stack_nonlinear,128,9401101,208,16,3328,1664,0.5,1664,1664,1904,1920,3584,3456
n8_block4_d2_stack_nonlinear_T128_s9401102,8,block,block,4,2,stack_nonlinear,128,9401102,208,16,3328,1664,0.5,1664,1664,1904,1920,3584,3456
n8_block4_d2_stack_nonlinear_T128_s9401103,8,block,block,4,2,stack_nonlinear,128,9401103,208,16,3328,1664,0.5,1664,1664,1904,1920,3584,3456
n8_block4_d2_stack_nonlinear_T128_s9401104,8,block,block,4,2,stack_nonlinear,128,9401104,208,16,3328,1664,0.5,1664,1664,1904,1920,3584,3456
n8_block4_d3_stack_nonlinear_T32_s9401100,8,block,block,4,3,stack_nonlinear,32,9401100,312,24,7488,3744,0.5,3744,3744,4128,3072,8064,7680
n8_block4_d3_stack_nonlinear_T32_s9401101,8,block,block,4,3,stack_nonlinear,32,9401101,312,24,7488,3744,0.5,3744,3744,4128,3072,8064,7680
n8_block4_d3_stack_nonlinear_T32_s9401102,8,block,block,4,3,stack_nonlinear,32,9401102,312,24,7488,3744,0.5,3744,3744,4128,3072,8064,7680
n8_block4_d3_stack_nonlinear_T32_s9401103,8,block,block,4,3,stack_nonlinear,32,9401103,312,24,7488,3744,0.5,3744,3744,4128,3072,8064,7680
n8_block4_d3_stack_nonlinear_T32_s9401104,8,block,block,4,3,stack_nonlinear,32,9401104,312,24,7488,3744,0.5,3744,3744,4128,3072,8064,7680
n8_block4_d3_stack_nonlinear_T128_s9401100,8,block,block,4,3,stack_nonlinear,128,9401100,312,24,7488,3744,0.5,3744,3744,4128,3072,8064,7680
n8_block4_d3_stack_nonlinear_T128_s9401101,8,block,block,4,3,stack_nonlinear,128,9401101,312,24,7488,3744,0.5,3744,3744,4128,3072,8064,7680
n8_block4_d3_stack_nonlinear_T128_s9401102,8,block,block,4,3,stack_nonlinear,128,9401102,312,24,7488,3744,0.5,3744,3744,4128,3072,8064,7680
n8_block4_d3_stack_nonlinear_T128_s9401103,8,block,block,4,3,stack_nonlinear,128,9401103,312,24,7488,3744,0.5,3744,3744,4128,3072,8064,7680
n8_block4_d3_stack_nonlinear_T128_s9401104,8,block,block,4,3,stack_nonlinear,128,9401104,312,24,7488,3744,0.5,3744,3744,4128,3072,8064,7680
n8_block8_d1_stack_nonlinear_T32_s9401100,8,block,block,8,1,stack_nonlinear,32,9401100,136,8,1088,1088,1.0,1088,1088,1232,1152,1152,1152
n8_block8_d1_stack_nonlinear_T32_s9401101,8,block,block,8,1,stack_nonlinear,32,9401101,136,8,1088,1088,1.0,1088,1088,1232,1152,1152,1152
n8_block8_d1_stack_nonlinear_T32_s9401102,8,block,block,8,1,stack_nonlinear,32,9401102,136,8,1088,1088,1.0,1088,1088,1232,1152,1152,1152
n8_block8_d1_stack_nonlinear_T32_s9401103,8,block,block,8,1,stack_nonlinear,32,9401103,136,8,1088,1088,1.0,1088,1088,1232,1152,1152,1152
n8_block8_d1_stack_nonlinear_T32_s9401104,8,block,block,8,1,stack_nonlinear,32,9401104,136,8,1088,1088,1.0,1088,1088,1232,1152,1152,1152
n8_block8_d1_stack_nonlinear_T128_s9401100,8,block,block,8,1,stack_nonlinear,128,9401100,136,8,1088,1088,1.0,1088,1088,1232,1152,1152,1152
n8_block8_d1_stack_nonlinear_T128_s9401101,8,block,block,8,1,stack_nonlinear,128,9401101,136,8,1088,1088,1.0,1088,1088,1232,1152,1152,1152
n8_block8_d1_stack_nonlinear_T128_s9401102,8,block,block,8,1,stack_nonlinear,128,9401102,136,8,1088,1088,1.0,1088,1088,1232,1152,1152,1152
n8_block8_d1_stack_nonlinear_T128_s9401103,8,block,block,8,1,stack_nonlinear,128,9401103,136,8,1088,1088,1.0,1088,1088,1232,1152,1152,1152
n8_block8_d1_stack_nonlinear_T128_s9401104,8,block,block,8,1,stack_nonlinear,128,9401104,136,8,1088,1088,1.0,1088,1088,1232,1152,1152,1152
n8_block8_d2_stack_nonlinear_T32_s9401100,8,block,block,8,2,stack_nonlinear,32,9401100,272,16,4352,3264,0.75,3264,3264,3560,2368,4608,4480
n8_block8_d2_stack_nonlinear_T32_s9401101,8,block,block,8,2,stack_nonlinear,32,9401101,272,16,4352,3264,0.75,3264,3264,3560,2368,4608,4480
n8_block8_d2_stack_nonlinear_T32_s9401102,8,block,block,8,2,stack_nonlinear,32,9401102,272,16,4352,3264,0.75,3264,3264,3560,2368,4608,4480
n8_block8_d2_stack_nonlinear_T32_s9401103,8,block,block,8,2,stack_nonlinear,32,9401103,272,16,4352,3264,0.75,3264,3264,3560,2368,4608,4480
n8_block8_d2_stack_nonlinear_T32_s9401104,8,block,block,8,2,stack_nonlinear,32,9401104,272,16,4352,3264,0.75,3264,3264,3560,2368,4608,4480
n8_block8_d2_stack_nonlinear_T128_s9401100,8,block,block,8,2,stack_nonlinear,128,9401100,272,16,4352,3264,0.75,3264,3264,3560,2368,4608,4480
n8_block8_d2_stack_nonlinear_T128_s9401101,8,block,block,8,2,stack_nonlinear,128,9401101,272,16,4352,3264,0.75,3264,3264,3560,2368,4608,4480
n8_block8_d2_stack_nonlinear_T128_s9401102,8,block,block,8,2,stack_nonlinear,128,9401102,272,16,4352,3264,0.75,3264,3264,3560,2368,4608,4480
n8_block8_d2_stack_nonlinear_T128_s9401103,8,block,block,8,2,stack_nonlinear,128,9401103,272,16,4352,3264,0.75,3264,3264,3560,2368,4608,4480
n8_block8_d2_stack_nonlinear_T128_s9401104,8,block,block,8,2,stack_nonlinear,128,9401104,272,16,4352,3264,0.75,3264,3264,3560,2368,4608,4480
n8_block8_d3_stack_nonlinear_T32_s9401100,8,block,block,8,3,stack_nonlinear,32,9401100,408,24,9792,6528,0.6666666666666666,6528,6528,6984,3648,10368,9984
n8_block8_d3_stack_nonlinear_T32_s9401101,8,block,block,8,3,stack_nonlinear,32,9401101,408,24,9792,6528,0.6666666666666666,6528,6528,6984,3648,10368,9984
n8_block8_d3_stack_nonlinear_T32_s9401102,8,block,block,8,3,stack_nonlinear,32,9401102,408,24,9792,6528,0.6666666666666666,6528,6528,6984,3648,10368,9984
n8_block8_d3_stack_nonlinear_T32_s9401103,8,block,block,8,3,stack_nonlinear,32,9401103,408,24,9792,6528,0.6666666666666666,6528,6528,6984,3648,10368,9984
n8_block8_d3_stack_nonlinear_T32_s9401104,8,block,block,8,3,stack_nonlinear,32,9401104,408,24,9792,6528,0.6666666666666666,6528,6528,6984,3648,10368,9984
n8_block8_d3_stack_nonlinear_T128_s9401100,8,block,block,8,3,stack_nonlinear,128,9401100,408,24,9792,6528,0.6666666666666666,6528,6528,6984,3648,10368,9984
n8_block8_d3_stack_nonlinear_T128_s9401101,8,block,block,8,3,stack_nonlinear,128,9401101,408,24,9792,6528,0.6666666666666666,6528,6528,6984,3648,10368,9984
n8_block8_d3_stack_nonlinear_T128_s9401102,8,block,block,8,3,stack_nonlinear,128,9401102,408,24,9792,6528,0.6666666666666666,6528,6528,6984,3648,10368,9984
n8_block8_d3_stack_nonlinear_T128_s9401103,8,block,block,8,3,stack_nonlinear,128,9401103,408,24,9792,6528,0.6666666666666666,6528,6528,6984,3648,10368,9984
n8_block8_d3_stack_nonlinear_T128_s9401104,8,block,block,8,3,stack_nonlinear,128,9401104,408,24,9792,6528,0.6666666666666666,6528,6528,6984,3648,10368,9984
n8_lowrank0_d1_stack_nonlinear_T32_s9401100,8,lowrank,lowrank,0,1,stack_nonlinear,32,9401100,80,8,640,80,0.125,80,80,168,704,704,704
n8_lowrank0_d1_stack_nonlinear_T32_s9401101,8,lowrank,lowrank,0,1,stack_nonlinear,32,9401101,80,8,640,80,0.125,80,80,168,704,704,704
n8_lowrank0_d1_stack_nonlinear_T32_s9401102,8,lowrank,lowrank,0,1,stack_nonlinear,32,9401102,80,8,640,80,0.125,80,80,168,704,704,704
n8_lowrank0_d1_stack_nonlinear_T32_s9401103,8,lowrank,lowrank,0,1,stack_nonlinear,32,9401103,80,8,640,80,0.125,80,80,168,704,704,704
n8_lowrank0_d1_stack_nonlinear_T32_s9401104,8,lowrank,lowrank,0,1,stack_nonlinear,32,9401104,80,8,640,80,0.125,80,80,168,704,704,704
n8_lowrank0_d1_stack_nonlinear_T128_s9401100,8,lowrank,lowrank,0,1,stack_nonlinear,128,9401100,80,8,640,80,0.125,80,80,168,704,704,704
n8_lowrank0_d1_stack_nonlinear_T128_s9401101,8,lowrank,lowrank,0,1,stack_nonlinear,128,9401101,80,8,640,80,0.125,80,80,168,704,704,704
n8_lowrank0_d1_stack_nonlinear_T128_s9401102,8,lowrank,lowrank,0,1,stack_nonlinear,128,9401102,80,8,640,80,0.125,80,80,168,704,704,704
n8_lowrank0_d1_stack_nonlinear_T128_s9401103,8,lowrank,lowrank,0,1,stack_nonlinear,128,9401103,80,8,640,80,0.125,80,80,168,704,704,704
n8_lowrank0_d1_stack_nonlinear_T128_s9401104,8,lowrank,lowrank,0,1,stack_nonlinear,128,9401104,80,8,640,80,0.125,80,80,168,704,704,704
n8_lowrank0_d2_stack_nonlinear_T32_s9401100,8,lowrank,lowrank,0,2,stack_nonlinear,32,9401100,160,16,2560,800,0.3125,800,800,1040,1920,2816,2688
n8_lowrank0_d2_stack_nonlinear_T32_s9401101,8,lowrank,lowrank,0,2,stack_nonlinear,32,9401101,160,16,2560,800,0.3125,800,800,1040,1920,2816,2688
n8_lowrank0_d2_stack_nonlinear_T32_s9401102,8,lowrank,lowrank,0,2,stack_nonlinear,32,9401102,160,16,2560,800,0.3125,800,800,1040,1920,2816,2688
n8_lowrank0_d2_stack_nonlinear_T32_s9401103,8,lowrank,lowrank,0,2,stack_nonlinear,32,9401103,160,16,2560,800,0.3125,800,800,1040,1920,2816,2688
n8_lowrank0_d2_stack_nonlinear_T32_s9401104,8,lowrank,lowrank,0,2,stack_nonlinear,32,9401104,160,16,2560,800,0.3125,800,800,1040,1920,2816,2688
n8_lowrank0_d2_stack_nonlinear_T128_s9401100,8,lowrank,lowrank,0,2,stack_nonlinear,128,9401100,160,16,2560,800,0.3125,800,800,1040,1920,2816,2688
n8_lowrank0_d2_stack_nonlinear_T128_s9401101,8,lowrank,lowrank,0,2,stack_nonlinear,128,9401101,160,16,2560,800,0.3125,800,800,1040,1920,2816,2688
n8_lowrank0_d2_stack_nonlinear_T128_s9401102,8,lowrank,lowrank,0,2,stack_nonlinear,128,9401102,160,16,2560,800,0.3125,800,800,1040,1920,2816,2688
n8_lowrank0_d2_stack_nonlinear_T128_s9401103,8,lowrank,lowrank,0,2,stack_nonlinear,128,9401103,160,16,2560,800,0.3125,800,800,1040,1920,2816,2688
n8_lowrank0_d2_stack_nonlinear_T128_s9401104,8,lowrank,lowrank,0,2,stack_nonlinear,128,9401104,160,16,2560,800,0.3125,800,800,1040,1920,2816,2688
n8_lowrank0_d3_stack_nonlinear_T32_s9401100,8,lowrank,lowrank,0,3,stack_nonlinear,32,9401100,240,24,5760,2160,0.375,2160,2160,2616,3648,6336,5952
n8_lowrank0_d3_stack_nonlinear_T32_s9401101,8,lowrank,lowrank,0,3,stack_nonlinear,32,9401101,240,24,5760,2160,0.375,2160,2160,2616,3648,6336,5952
n8_lowrank0_d3_stack_nonlinear_T32_s9401102,8,lowrank,lowrank,0,3,stack_nonlinear,32,9401102,240,24,5760,2160,0.375,2160,2160,2616,3648,6336,5952
n8_lowrank0_d3_stack_nonlinear_T32_s9401103,8,lowrank,lowrank,0,3,stack_nonlinear,32,9401103,240,24,5760,2160,0.375,2160,2160,2616,3648,6336,5952
n8_lowrank0_d3_stack_nonlinear_T32_s9401104,8,lowrank,lowrank,0,3,stack_nonlinear,32,9401104,240,24,5760,2160,0.375,2160,2160,2616,3648,6336,5952
n8_lowrank0_d3_stack_nonlinear_T128_s9401100,8,lowrank,lowrank,0,3,stack_nonlinear,128,9401100,240,24,5760,2160,0.375,2160,2160,2616,3648,6336,5952
n8_lowrank0_d3_stack_nonlinear_T128_s9401101,8,lowrank,lowrank,0,3,stack_nonlinear,128,9401101,240,24,5760,2160,0.375,2160,2160,2616,3648,6336,5952
n8_lowrank0_d3_stack_nonlinear_T128_s9401102,8,lowrank,lowrank,0,3,stack_nonlinear,128,9401102,240,24,5760,2160,0.375,2160,2160,2616,3648,6336,5952
n8_lowrank0_d3_stack_nonlinear_T128_s9401103,8,lowrank,lowrank,0,3,stack_nonlinear,128,9401103,240,24,5760,2160,0.375,2160,2160,2616,3648,6336,5952
n8_lowrank0_d3_stack_nonlinear_T128_s9401104,8,lowrank,lowrank,0,3,stack_nonlinear,128,9401104,240,24,5760,2160,0.375,2160,2160,2616,3648,6336,5952
n8_lowrank1_d1_stack_nonlinear_T32_s9401100,8,lowrank,lowrank,1,1,stack_nonlinear,32,9401100,96,8,768,768,1.0,768,768,872,832,832,832
n8_lowrank1_d1_stack_nonlinear_T32_s9401101,8,lowrank,lowrank,1,1,stack_nonlinear,32,9401101,96,8,768,768,1.0,768,768,872,832,832,832
n8_lowrank1_d1_stack_nonlinear_T32_s9401102,8,lowrank,lowrank,1,1,stack_nonlinear,32,9401102,96,8,768,768,1.0,768,768,872,832,832,832
n8_lowrank1_d1_stack_nonlinear_T32_s9401103,8,lowrank,lowrank,1,1,stack_nonlinear,32,9401103,96,8,768,768,1.0,768,768,872,832,832,832
n8_lowrank1_d1_stack_nonlinear_T32_s9401104,8,lowrank,lowrank,1,1,stack_nonlinear,32,9401104,96,8,768,768,1.0,768,768,872,832,832,832
n8_lowrank1_d1_stack_nonlinear_T128_s9401100,8,lowrank,lowrank,1,1,stack_nonlinear,128,9401100,96,8,768,768,1.0,768,768,872,832,832,832
n8_lowrank1_d1_stack_nonlinear_T128_s9401101,8,lowrank,lowrank,1,1,stack_nonlinear,128,9401101,96,8,768,768,1.0,768,768,872,832,832,832
n8_lowrank1_d1_stack_nonlinear_T128_s9401102,8,lowrank,lowrank,1,1,stack_nonlinear,128,9401102,96,8,768,768,1.0,768,768,872,832,832,832
n8_lowrank1_d1_stack_nonlinear_T128_s9401103,8,lowrank,lowrank,1,1,stack_nonlinear,128,9401103,96,8,768,768,1.0,768,768,872,832,832,832
n8_lowrank1_d1_stack_nonlinear_T128_s9401104,8,lowrank,lowrank,1,1,stack_nonlinear,128,9401104,96,8,768,768,1.0,768,768,872,832,832,832
n8_lowrank1_d2_stack_nonlinear_T32_s9401100,8,lowrank,lowrank,1,2,stack_nonlinear,32,9401100,192,16,3072,2304,0.75,2304,2304,2520,1728,3328,3200
n8_lowrank1_d2_stack_nonlinear_T32_s9401101,8,lowrank,lowrank,1,2,stack_nonlinear,32,9401101,192,16,3072,2304,0.75,2304,2304,2520,1728,3328,3200
n8_lowrank1_d2_stack_nonlinear_T32_s9401102,8,lowrank,lowrank,1,2,stack_nonlinear,32,9401102,192,16,3072,2304,0.75,2304,2304,2520,1728,3328,3200
n8_lowrank1_d2_stack_nonlinear_T32_s9401103,8,lowrank,lowrank,1,2,stack_nonlinear,32,9401103,192,16,3072,2304,0.75,2304,2304,2520,1728,3328,3200
n8_lowrank1_d2_stack_nonlinear_T32_s9401104,8,lowrank,lowrank,1,2,stack_nonlinear,32,9401104,192,16,3072,2304,0.75,2304,2304,2520,1728,3328,3200
n8_lowrank1_d2_stack_nonlinear_T128_s9401100,8,lowrank,lowrank,1,2,stack_nonlinear,128,9401100,192,16,3072,2304,0.75,2304,2304,2520,1728,3328,3200
n8_lowrank1_d2_stack_nonlinear_T128_s9401101,8,lowrank,lowrank,1,2,stack_nonlinear,128,9401101,192,16,3072,2304,0.75,2304,2304,2520,1728,3328,3200
n8_lowrank1_d2_stack_nonlinear_T128_s9401102,8,lowrank,lowrank,1,2,stack_nonlinear,128,9401102,192,16,3072,2304,0.75,2304,2304,2520,1728,3328,3200
n8_lowrank1_d2_stack_nonlinear_T128_s9401103,8,lowrank,lowrank,1,2,stack_nonlinear,128,9401103,192,16,3072,2304,0.75,2304,2304,2520,1728,3328,3200
n8_lowrank1_d2_stack_nonlinear_T128_s9401104,8,lowrank,lowrank,1,2,stack_nonlinear,128,9401104,192,16,3072,2304,0.75,2304,2304,2520,1728,3328,3200
n8_lowrank1_d3_stack_nonlinear_T32_s9401100,8,lowrank,lowrank,1,3,stack_nonlinear,32,9401100,288,24,6912,4608,0.6666666666666666,4608,4608,4944,2688,7488,7104
n8_lowrank1_d3_stack_nonlinear_T32_s9401101,8,lowrank,lowrank,1,3,stack_nonlinear,32,9401101,288,24,6912,4608,0.6666666666666666,4608,4608,4944,2688,7488,7104
n8_lowrank1_d3_stack_nonlinear_T32_s9401102,8,lowrank,lowrank,1,3,stack_nonlinear,32,9401102,288,24,6912,4608,0.6666666666666666,4608,4608,4944,2688,7488,7104
n8_lowrank1_d3_stack_nonlinear_T32_s9401103,8,lowrank,lowrank,1,3,stack_nonlinear,32,9401103,288,24,6912,4608,0.6666666666666666,4608,4608,4944,2688,7488,7104
n8_lowrank1_d3_stack_nonlinear_T32_s9401104,8,lowrank,lowrank,1,3,stack_nonlinear,32,9401104,288,24,6912,4608,0.6666666666666666,4608,4608,4944,2688,7488,7104
n8_lowrank1_d3_stack_nonlinear_T128_s9401100,8,lowrank,lowrank,1,3,stack_nonlinear,128,9401100,288,24,6912,4608,0.6666666666666666,4608,4608,4944,2688,7488,7104
n8_lowrank1_d3_stack_nonlinear_T128_s9401101,8,lowrank,lowrank,1,3,stack_nonlinear,128,9401101,288,24,6912,4608,0.6666666666666666,4608,4608,4944,2688,7488,7104
n8_lowrank1_d3_stack_nonlinear_T128_s9401102,8,lowrank,lowrank,1,3,stack_nonlinear,128,9401102,288,24,6912,4608,0.6666666666666666,4608,4608,4944,2688,7488,7104
n8_lowrank1_d3_stack_nonlinear_T128_s9401103,8,lowrank,lowrank,1,3,stack_nonlinear,128,9401103,288,24,6912,4608,0.6666666666666666,4608,4608,4944,2688,7488,7104
n8_lowrank1_d3_stack_nonlinear_T128_s9401104,8,lowrank,lowrank,1,3,stack_nonlinear,128,9401104,288,24,6912,4608,0.6666666666666666,4608,4608,4944,2688,7488,7104
n8_lowrank2_d1_stack_nonlinear_T32_s9401100,8,lowrank,lowrank,2,1,stack_nonlinear,32,9401100,112,8,896,896,1.0,896,896,1016,960,960,960
n8_lowrank2_d1_stack_nonlinear_T32_s9401101,8,lowrank,lowrank,2,1,stack_nonlinear,32,9401101,112,8,896,896,1.0,896,896,1016,960,960,960
n8_lowrank2_d1_stack_nonlinear_T32_s9401102,8,lowrank,lowrank,2,1,stack_nonlinear,32,9401102,112,8,896,896,1.0,896,896,1016,960,960,960
n8_lowrank2_d1_stack_nonlinear_T32_s9401103,8,lowrank,lowrank,2,1,stack_nonlinear,32,9401103,112,8,896,896,1.0,896,896,1016,960,960,960
n8_lowrank2_d1_stack_nonlinear_T32_s9401104,8,lowrank,lowrank,2,1,stack_nonlinear,32,9401104,112,8,896,896,1.0,896,896,1016,960,960,960
n8_lowrank2_d1_stack_nonlinear_T128_s9401100,8,lowrank,lowrank,2,1,stack_nonlinear,128,9401100,112,8,896,896,1.0,896,896,1016,960,960,960
n8_lowrank2_d1_stack_nonlinear_T128_s9401101,8,lowrank,lowrank,2,1,stack_nonlinear,128,9401101,112,8,896,896,1.0,896,896,1016,960,960,960
n8_lowrank2_d1_stack_nonlinear_T128_s9401102,8,lowrank,lowrank,2,1,stack_nonlinear,128,9401102,112,8,896,896,1.0,896,896,1016,960,960,960
n8_lowrank2_d1_stack_nonlinear_T128_s9401103,8,lowrank,lowrank,2,1,stack_nonlinear,128,9401103,112,8,896,896,1.0,896,896,1016,960,960,960
n8_lowrank2_d1_stack_nonlinear_T128_s9401104,8,lowrank,lowrank,2,1,stack_nonlinear,128,9401104,112,8,896,896,1.0,896,896,1016,960,960,960
n8_lowrank2_d2_stack_nonlinear_T32_s9401100,8,lowrank,lowrank,2,2,stack_nonlinear,32,9401100,224,16,3584,2688,0.75,2688,2688,2936,1984,3840,3712
n8_lowrank2_d2_stack_nonlinear_T32_s9401101,8,lowrank,lowrank,2,2,stack_nonlinear,32,9401101,224,16,3584,2688,0.75,2688,2688,2936,1984,3840,3712
n8_lowrank2_d2_stack_nonlinear_T32_s9401102,8,lowrank,lowrank,2,2,stack_nonlinear,32,9401102,224,16,3584,2688,0.75,2688,2688,2936,1984,3840,3712
n8_lowrank2_d2_stack_nonlinear_T32_s9401103,8,lowrank,lowrank,2,2,stack_nonlinear,32,9401103,224,16,3584,2688,0.75,2688,2688,2936,1984,3840,3712
n8_lowrank2_d2_stack_nonlinear_T32_s9401104,8,lowrank,lowrank,2,2,stack_nonlinear,32,9401104,224,16,3584,2688,0.75,2688,2688,2936,1984,3840,3712
n8_lowrank2_d2_stack_nonlinear_T128_s9401100,8,lowrank,lowrank,2,2,stack_nonlinear,128,9401100,224,16,3584,2688,0.75,2688,2688,2936,1984,3840,3712
n8_lowrank2_d2_stack_nonlinear_T128_s9401101,8,lowrank,lowrank,2,2,stack_nonlinear,128,9401101,224,16,3584,2688,0.75,2688,2688,2936,1984,3840,3712
n8_lowrank2_d2_stack_nonlinear_T128_s9401102,8,lowrank,lowrank,2,2,stack_nonlinear,128,9401102,224,16,3584,2688,0.75,2688,2688,2936,1984,3840,3712
n8_lowrank2_d2_stack_nonlinear_T128_s9401103,8,lowrank,lowrank,2,2,stack_nonlinear,128,9401103,224,16,3584,2688,0.75,2688,2688,2936,1984,3840,3712
n8_lowrank2_d2_stack_nonlinear_T128_s9401104,8,lowrank,lowrank,2,2,stack_nonlinear,128,9401104,224,16,3584,2688,0.75,2688,2688,2936,1984,3840,3712
n8_lowrank2_d3_stack_nonlinear_T32_s9401100,8,lowrank,lowrank,2,3,stack_nonlinear,32,9401100,336,24,8064,5376,0.6666666666666666,5376,5376,5760,3072,8640,8256
n8_lowrank2_d3_stack_nonlinear_T32_s9401101,8,lowrank,lowrank,2,3,stack_nonlinear,32,9401101,336,24,8064,5376,0.6666666666666666,5376,5376,5760,3072,8640,8256
n8_lowrank2_d3_stack_nonlinear_T32_s9401102,8,lowrank,lowrank,2,3,stack_nonlinear,32,9401102,336,24,8064,5376,0.6666666666666666,5376,5376,5760,3072,8640,8256
n8_lowrank2_d3_stack_nonlinear_T32_s9401103,8,lowrank,lowrank,2,3,stack_nonlinear,32,9401103,336,24,8064,5376,0.6666666666666666,5376,5376,5760,3072,8640,8256
n8_lowrank2_d3_stack_nonlinear_T32_s9401104,8,lowrank,lowrank,2,3,stack_nonlinear,32,9401104,336,24,8064,5376,0.6666666666666666,5376,5376,5760,3072,8640,8256
n8_lowrank2_d3_stack_nonlinear_T128_s9401100,8,lowrank,lowrank,2,3,stack_nonlinear,128,9401100,336,24,8064,5376,0.6666666666666666,5376,5376,5760,3072,8640,8256
n8_lowrank2_d3_stack_nonlinear_T128_s9401101,8,lowrank,lowrank,2,3,stack_nonlinear,128,9401101,336,24,8064,5376,0.6666666666666666,5376,5376,5760,3072,8640,8256
n8_lowrank2_d3_stack_nonlinear_T128_s9401102,8,lowrank,lowrank,2,3,stack_nonlinear,128,9401102,336,24,8064,5376,0.6666666666666666,5376,5376,5760,3072,8640,8256
n8_lowrank2_d3_stack_nonlinear_T128_s9401103,8,lowrank,lowrank,2,3,stack_nonlinear,128,9401103,336,24,8064,5376,0.6666666666666666,5376,5376,5760,3072,8640,8256
n8_lowrank2_d3_stack_nonlinear_T128_s9401104,8,lowrank,lowrank,2,3,stack_nonlinear,128,9401104,336,24,8064,5376,0.6666666666666666,5376,5376,5760,3072,8640,8256
n8_lowrank4_d1_stack_nonlinear_T32_s9401100,8,lowrank,lowrank,4,1,stack_nonlinear,32,9401100,144,8,1152,1152,1.0,1152,1152,1304,1216,1216,1216
n8_lowrank4_d1_stack_nonlinear_T32_s9401101,8,lowrank,lowrank,4,1,stack_nonlinear,32,9401101,144,8,1152,1152,1.0,1152,1152,1304,1216,1216,1216
n8_lowrank4_d1_stack_nonlinear_T32_s9401102,8,lowrank,lowrank,4,1,stack_nonlinear,32,9401102,144,8,1152,1152,1.0,1152,1152,1304,1216,1216,1216
n8_lowrank4_d1_stack_nonlinear_T32_s9401103,8,lowrank,lowrank,4,1,stack_nonlinear,32,9401103,144,8,1152,1152,1.0,1152,1152,1304,1216,1216,1216
n8_lowrank4_d1_stack_nonlinear_T32_s9401104,8,lowrank,lowrank,4,1,stack_nonlinear,32,9401104,144,8,1152,1152,1.0,1152,1152,1304,1216,1216,1216
n8_lowrank4_d1_stack_nonlinear_T128_s9401100,8,lowrank,lowrank,4,1,stack_nonlinear,128,9401100,144,8,1152,1152,1.0,1152,1152,1304,1216,1216,1216
n8_lowrank4_d1_stack_nonlinear_T128_s9401101,8,lowrank,lowrank,4,1,stack_nonlinear,128,9401101,144,8,1152,1152,1.0,1152,1152,1304,1216,1216,1216
n8_lowrank4_d1_stack_nonlinear_T128_s9401102,8,lowrank,lowrank,4,1,stack_nonlinear,128,9401102,144,8,1152,1152,1.0,1152,1152,1304,1216,1216,1216
n8_lowrank4_d1_stack_nonlinear_T128_s9401103,8,lowrank,lowrank,4,1,stack_nonlinear,128,9401103,144,8,1152,1152,1.0,1152,1152,1304,1216,1216,1216
n8_lowrank4_d1_stack_nonlinear_T128_s9401104,8,lowrank,lowrank,4,1,stack_nonlinear,128,9401104,144,8,1152,1152,1.0,1152,1152,1304,1216,1216,1216
n8_lowrank4_d2_stack_nonlinear_T32_s9401100,8,lowrank,lowrank,4,2,stack_nonlinear,32,9401100,288,16,4608,3456,0.75,3456,3456,3768,2496,4864,4736
n8_lowrank4_d2_stack_nonlinear_T32_s9401101,8,lowrank,lowrank,4,2,stack_nonlinear,32,9401101,288,16,4608,3456,0.75,3456,3456,3768,2496,4864,4736
n8_lowrank4_d2_stack_nonlinear_T32_s9401102,8,lowrank,lowrank,4,2,stack_nonlinear,32,9401102,288,16,4608,3456,0.75,3456,3456,3768,2496,4864,4736
n8_lowrank4_d2_stack_nonlinear_T32_s9401103,8,lowrank,lowrank,4,2,stack_nonlinear,32,9401103,288,16,4608,3456,0.75,3456,3456,3768,2496,4864,4736
n8_lowrank4_d2_stack_nonlinear_T32_s9401104,8,lowrank,lowrank,4,2,stack_nonlinear,32,9401104,288,16,4608,3456,0.75,3456,3456,3768,2496,4864,4736
n8_lowrank4_d2_stack_nonlinear_T128_s9401100,8,lowrank,lowrank,4,2,stack_nonlinear,128,9401100,288,16,4608,3456,0.75,3456,3456,3768,2496,4864,4736
n8_lowrank4_d2_stack_nonlinear_T128_s9401101,8,lowrank,lowrank,4,2,stack_nonlinear,128,9401101,288,16,4608,3456,0.75,3456,3456,3768,2496,4864,4736
n8_lowrank4_d2_stack_nonlinear_T128_s9401102,8,lowrank,lowrank,4,2,stack_nonlinear,128,9401102,288,16,4608,3456,0.75,3456,3456,3768,2496,4864,4736
n8_lowrank4_d2_stack_nonlinear_T128_s9401103,8,lowrank,lowrank,4,2,stack_nonlinear,128,9401103,288,16,4608,3456,0.75,3456,3456,3768,2496,4864,4736
n8_lowrank4_d2_stack_nonlinear_T128_s9401104,8,lowrank,lowrank,4,2,stack_nonlinear,128,9401104,288,16,4608,3456,0.75,3456,3456,3768,2496,4864,4736
n8_lowrank4_d3_stack_nonlinear_T32_s9401100,8,lowrank,lowrank,4,3,stack_nonlinear,32,9401100,432,24,10368,6912,0.6666666666666666,6912,6912,7392,3840,10944,10560
n8_lowrank4_d3_stack_nonlinear_T32_s9401101,8,lowrank,lowrank,4,3,stack_nonlinear,32,9401101,432,24,10368,6912,0.6666666666666666,6912,6912,7392,3840,10944,10560
n8_lowrank4_d3_stack_nonlinear_T32_s9401102,8,lowrank,lowrank,4,3,stack_nonlinear,32,9401102,432,24,10368,6912,0.6666666666666666,6912,6912,7392,3840,10944,10560
n8_lowrank4_d3_stack_nonlinear_T32_s9401103,8,lowrank,lowrank,4,3,stack_nonlinear,32,9401103,432,24,10368,6912,0.6666666666666666,6912,6912,7392,3840,10944,10560
n8_lowrank4_d3_stack_nonlinear_T32_s9401104,8,lowrank,lowrank,4,3,stack_nonlinear,32,9401104,432,24,10368,6912,0.6666666666666666,6912,6912,7392,3840,10944,10560
n8_lowrank4_d3_stack_nonlinear_T128_s9401100,8,lowrank,lowrank,4,3,stack_nonlinear,128,9401100,432,24,10368,6912,0.6666666666666666,6912,6912,7392,3840,10944,10560
n8_lowrank4_d3_stack_nonlinear_T128_s9401101,8,lowrank,lowrank,4,3,stack_nonlinear,128,9401101,432,24,10368,6912,0.6666666666666666,6912,6912,7392,3840,10944,10560
n8_lowrank4_d3_stack_nonlinear_T128_s9401102,8,lowrank,lowrank,4,3,stack_nonlinear,128,9401102,432,24,10368,6912,0.6666666666666666,6912,6912,7392,3840,10944,10560
n8_lowrank4_d3_stack_nonlinear_T128_s9401103,8,lowrank,lowrank,4,3,stack_nonlinear,128,9401103,432,24,10368,6912,0.6666666666666666,6912,6912,7392,3840,10944,10560
n8_lowrank4_d3_stack_nonlinear_T128_s9401104,8,lowrank,lowrank,4,3,stack_nonlinear,128,9401104,432,24,10368,6912,0.6666666666666666,6912,6912,7392,3840,10944,10560
n8_lowrank8_d1_stack_nonlinear_T32_s9401100,8,lowrank,lowrank,8,1,stack_nonlinear,32,9401100,208,8,1664,1664,1.0,1664,1664,1880,1728,1728,1728
n8_lowrank8_d1_stack_nonlinear_T32_s9401101,8,lowrank,lowrank,8,1,stack_nonlinear,32,9401101,208,8,1664,1664,1.0,1664,1664,1880,1728,1728,1728
n8_lowrank8_d1_stack_nonlinear_T32_s9401102,8,lowrank,lowrank,8,1,stack_nonlinear,32,9401102,208,8,1664,1664,1.0,1664,1664,1880,1728,1728,1728
n8_lowrank8_d1_stack_nonlinear_T32_s9401103,8,lowrank,lowrank,8,1,stack_nonlinear,32,9401103,208,8,1664,1664,1.0,1664,1664,1880,1728,1728,1728
n8_lowrank8_d1_stack_nonlinear_T32_s9401104,8,lowrank,lowrank,8,1,stack_nonlinear,32,9401104,208,8,1664,1664,1.0,1664,1664,1880,1728,1728,1728
n8_lowrank8_d1_stack_nonlinear_T128_s9401100,8,lowrank,lowrank,8,1,stack_nonlinear,128,9401100,208,8,1664,1664,1.0,1664,1664,1880,1728,1728,1728
n8_lowrank8_d1_stack_nonlinear_T128_s9401101,8,lowrank,lowrank,8,1,stack_nonlinear,128,9401101,208,8,1664,1664,1.0,1664,1664,1880,1728,1728,1728
n8_lowrank8_d1_stack_nonlinear_T128_s9401102,8,lowrank,lowrank,8,1,stack_nonlinear,128,9401102,208,8,1664,1664,1.0,1664,1664,1880,1728,1728,1728
n8_lowrank8_d1_stack_nonlinear_T128_s9401103,8,lowrank,lowrank,8,1,stack_nonlinear,128,9401103,208,8,1664,1664,1.0,1664,1664,1880,1728,1728,1728
n8_lowrank8_d1_stack_nonlinear_T128_s9401104,8,lowrank,lowrank,8,1,stack_nonlinear,128,9401104,208,8,1664,1664,1.0,1664,1664,1880,1728,1728,1728
n8_lowrank8_d2_stack_nonlinear_T32_s9401100,8,lowrank,lowrank,8,2,stack_nonlinear,32,9401100,416,16,6656,4992,0.75,4992,4992,5432,3520,6912,6784
n8_lowrank8_d2_stack_nonlinear_T32_s9401101,8,lowrank,lowrank,8,2,stack_nonlinear,32,9401101,416,16,6656,4992,0.75,4992,4992,5432,3520,6912,6784
n8_lowrank8_d2_stack_nonlinear_T32_s9401102,8,lowrank,lowrank,8,2,stack_nonlinear,32,9401102,416,16,6656,4992,0.75,4992,4992,5432,3520,6912,6784
n8_lowrank8_d2_stack_nonlinear_T32_s9401103,8,lowrank,lowrank,8,2,stack_nonlinear,32,9401103,416,16,6656,4992,0.75,4992,4992,5432,3520,6912,6784
n8_lowrank8_d2_stack_nonlinear_T32_s9401104,8,lowrank,lowrank,8,2,stack_nonlinear,32,9401104,416,16,6656,4992,0.75,4992,4992,5432,3520,6912,6784
n8_lowrank8_d2_stack_nonlinear_T128_s9401100,8,lowrank,lowrank,8,2,stack_nonlinear,128,9401100,416,16,6656,4992,0.75,4992,4992,5432,3520,6912,6784
n8_lowrank8_d2_stack_nonlinear_T128_s9401101,8,lowrank,lowrank,8,2,stack_nonlinear,128,9401101,416,16,6656,4992,0.75,4992,4992,5432,3520,6912,6784
n8_lowrank8_d2_stack_nonlinear_T128_s9401102,8,lowrank,lowrank,8,2,stack_nonlinear,128,9401102,416,16,6656,4992,0.75,4992,4992,5432,3520,6912,6784
n8_lowrank8_d2_stack_nonlinear_T128_s9401103,8,lowrank,lowrank,8,2,stack_nonlinear,128,9401103,416,16,6656,4992,0.75,4992,4992,5432,3520,6912,6784
n8_lowrank8_d2_stack_nonlinear_T128_s9401104,8,lowrank,lowrank,8,2,stack_nonlinear,128,9401104,416,16,6656,4992,0.75,4992,4992,5432,3520,6912,6784
n8_lowrank8_d3_stack_nonlinear_T32_s9401100,8,lowrank,lowrank,8,3,stack_nonlinear,32,9401100,624,24,14976,9984,0.6666666666666666,9984,9984,10656,5376,15552,15168
n8_lowrank8_d3_stack_nonlinear_T32_s9401101,8,lowrank,lowrank,8,3,stack_nonlinear,32,9401101,624,24,14976,9984,0.6666666666666666,9984,9984,10656,5376,15552,15168
n8_lowrank8_d3_stack_nonlinear_T32_s9401102,8,lowrank,lowrank,8,3,stack_nonlinear,32,9401102,624,24,14976,9984,0.6666666666666666,9984,9984,10656,5376,15552,15168
n8_lowrank8_d3_stack_nonlinear_T32_s9401103,8,lowrank,lowrank,8,3,stack_nonlinear,32,9401103,624,24,14976,9984,0.6666666666666666,9984,9984,10656,5376,15552,15168
n8_lowrank8_d3_stack_nonlinear_T32_s9401104,8,lowrank,lowrank,8,3,stack_nonlinear,32,9401104,624,24,14976,9984,0.6666666666666666,9984,9984,10656,5376,15552,15168
n8_lowrank8_d3_stack_nonlinear_T128_s9401100,8,lowrank,lowrank,8,3,stack_nonlinear,128,9401100,624,24,14976,9984,0.6666666666666666,9984,9984,10656,5376,15552,15168
n8_lowrank8_d3_stack_nonlinear_T128_s9401101,8,lowrank,lowrank,8,3,stack_nonlinear,128,9401101,624,24,14976,9984,0.6666666666666666,9984,9984,10656,5376,15552,15168
n8_lowrank8_d3_stack_nonlinear_T128_s9401102,8,lowrank,lowrank,8,3,stack_nonlinear,128,9401102,624,24,14976,9984,0.6666666666666666,9984,9984,10656,5376,15552,15168
n8_lowrank8_d3_stack_nonlinear_T128_s9401103,8,lowrank,lowrank,8,3,stack_nonlinear,128,9401103,624,24,14976,9984,0.6666666666666666,9984,9984,10656,5376,15552,15168
n8_lowrank8_d3_stack_nonlinear_T128_s9401104,8,lowrank,lowrank,8,3,stack_nonlinear,128,9401104,624,24,14976,9984,0.6666666666666666,9984,9984,10656,5376,15552,15168
n8_mix1_d1_none_T32_s9401100,8,mix,block,1,1,none,32,9401100,80,8,640,80,0.125,80,80,168,704,704,704
n8_mix1_d1_none_T32_s9401101,8,mix,block,1,1,none,32,9401101,80,8,640,80,0.125,80,80,168,704,704,704
n8_mix1_d1_none_T32_s9401102,8,mix,block,1,1,none,32,9401102,80,8,640,80,0.125,80,80,168,704,704,704
n8_mix1_d1_none_T32_s9401103,8,mix,block,1,1,none,32,9401103,80,8,640,80,0.125,80,80,168,704,704,704
n8_mix1_d1_none_T32_s9401104,8,mix,block,1,1,none,32,9401104,80,8,640,80,0.125,80,80,168,704,704,704
n8_mix1_d1_none_T128_s9401100,8,mix,block,1,1,none,128,9401100,80,8,640,80,0.125,80,80,168,704,704,704
n8_mix1_d1_none_T128_s9401101,8,mix,block,1,1,none,128,9401101,80,8,640,80,0.125,80,80,168,704,704,704
n8_mix1_d1_none_T128_s9401102,8,mix,block,1,1,none,128,9401102,80,8,640,80,0.125,80,80,168,704,704,704
n8_mix1_d1_none_T128_s9401103,8,mix,block,1,1,none,128,9401103,80,8,640,80,0.125,80,80,168,704,704,704
n8_mix1_d1_none_T128_s9401104,8,mix,block,1,1,none,128,9401104,80,8,640,80,0.125,80,80,168,704,704,704
n8_mix1_d1_fixed_linear_T32_s9401100,8,mix,block,1,1,fixed_linear,32,9401100,80,8,640,80,0.125,80,80,168,704,704,704
n8_mix1_d1_fixed_linear_T32_s9401101,8,mix,block,1,1,fixed_linear,32,9401101,80,8,640,80,0.125,80,80,168,704,704,704
n8_mix1_d1_fixed_linear_T32_s9401102,8,mix,block,1,1,fixed_linear,32,9401102,80,8,640,80,0.125,80,80,168,704,704,704
n8_mix1_d1_fixed_linear_T32_s9401103,8,mix,block,1,1,fixed_linear,32,9401103,80,8,640,80,0.125,80,80,168,704,704,704
n8_mix1_d1_fixed_linear_T32_s9401104,8,mix,block,1,1,fixed_linear,32,9401104,80,8,640,80,0.125,80,80,168,704,704,704
n8_mix1_d1_fixed_linear_T128_s9401100,8,mix,block,1,1,fixed_linear,128,9401100,80,8,640,80,0.125,80,80,168,704,704,704
n8_mix1_d1_fixed_linear_T128_s9401101,8,mix,block,1,1,fixed_linear,128,9401101,80,8,640,80,0.125,80,80,168,704,704,704
n8_mix1_d1_fixed_linear_T128_s9401102,8,mix,block,1,1,fixed_linear,128,9401102,80,8,640,80,0.125,80,80,168,704,704,704
n8_mix1_d1_fixed_linear_T128_s9401103,8,mix,block,1,1,fixed_linear,128,9401103,80,8,640,80,0.125,80,80,168,704,704,704
n8_mix1_d1_fixed_linear_T128_s9401104,8,mix,block,1,1,fixed_linear,128,9401104,80,8,640,80,0.125,80,80,168,704,704,704
n8_mix1_d1_trainable_linear_T32_s9401100,8,mix,block,1,1,trainable_linear,32,9401100,144,8,1152,80,0.06944444444444445,80,80,168,704,1216,1216
n8_mix1_d1_trainable_linear_T32_s9401101,8,mix,block,1,1,trainable_linear,32,9401101,144,8,1152,80,0.06944444444444445,80,80,168,704,1216,1216
n8_mix1_d1_trainable_linear_T32_s9401102,8,mix,block,1,1,trainable_linear,32,9401102,144,8,1152,80,0.06944444444444445,80,80,168,704,1216,1216
n8_mix1_d1_trainable_linear_T32_s9401103,8,mix,block,1,1,trainable_linear,32,9401103,144,8,1152,80,0.06944444444444445,80,80,168,704,1216,1216
n8_mix1_d1_trainable_linear_T32_s9401104,8,mix,block,1,1,trainable_linear,32,9401104,144,8,1152,80,0.06944444444444445,80,80,168,704,1216,1216
n8_mix1_d1_trainable_linear_T128_s9401100,8,mix,block,1,1,trainable_linear,128,9401100,144,8,1152,80,0.06944444444444445,80,80,168,704,1216,1216
n8_mix1_d1_trainable_linear_T128_s9401101,8,mix,block,1,1,trainable_linear,128,9401101,144,8,1152,80,0.06944444444444445,80,80,168,704,1216,1216
n8_mix1_d1_trainable_linear_T128_s9401102,8,mix,block,1,1,trainable_linear,128,9401102,144,8,1152,80,0.06944444444444445,80,80,168,704,1216,1216
n8_mix1_d1_trainable_linear_T128_s9401103,8,mix,block,1,1,trainable_linear,128,9401103,144,8,1152,80,0.06944444444444445,80,80,168,704,1216,1216
n8_mix1_d1_trainable_linear_T128_s9401104,8,mix,block,1,1,trainable_linear,128,9401104,144,8,1152,80,0.06944444444444445,80,80,168,704,1216,1216
n8_mix1_d1_nonlinear_trainable_T32_s9401100,8,mix,block,1,1,nonlinear_trainable,32,9401100,144,8,1152,80,0.06944444444444445,80,80,168,704,1216,1216
n8_mix1_d1_nonlinear_trainable_T32_s9401101,8,mix,block,1,1,nonlinear_trainable,32,9401101,144,8,1152,80,0.06944444444444445,80,80,168,704,1216,1216
n8_mix1_d1_nonlinear_trainable_T32_s9401102,8,mix,block,1,1,nonlinear_trainable,32,9401102,144,8,1152,80,0.06944444444444445,80,80,168,704,1216,1216
n8_mix1_d1_nonlinear_trainable_T32_s9401103,8,mix,block,1,1,nonlinear_trainable,32,9401103,144,8,1152,80,0.06944444444444445,80,80,168,704,1216,1216
n8_mix1_d1_nonlinear_trainable_T32_s9401104,8,mix,block,1,1,nonlinear_trainable,32,9401104,144,8,1152,80,0.06944444444444445,80,80,168,704,1216,1216
n8_mix1_d1_nonlinear_trainable_T128_s9401100,8,mix,block,1,1,nonlinear_trainable,128,9401100,144,8,1152,80,0.06944444444444445,80,80,168,704,1216,1216
n8_mix1_d1_nonlinear_trainable_T128_s9401101,8,mix,block,1,1,nonlinear_trainable,128,9401101,144,8,1152,80,0.06944444444444445,80,80,168,704,1216,1216
n8_mix1_d1_nonlinear_trainable_T128_s9401102,8,mix,block,1,1,nonlinear_trainable,128,9401102,144,8,1152,80,0.06944444444444445,80,80,168,704,1216,1216
n8_mix1_d1_nonlinear_trainable_T128_s9401103,8,mix,block,1,1,nonlinear_trainable,128,9401103,144,8,1152,80,0.06944444444444445,80,80,168,704,1216,1216
n8_mix1_d1_nonlinear_trainable_T128_s9401104,8,mix,block,1,1,nonlinear_trainable,128,9401104,144,8,1152,80,0.06944444444444445,80,80,168,704,1216,1216
n8_mix1_d1_feedback_T32_s9401100,8,mix,block,1,1,feedback,32,9401100,144,8,1152,1152,1.0,1152,1152,1304,1216,1216,1216
n8_mix1_d1_feedback_T32_s9401101,8,mix,block,1,1,feedback,32,9401101,144,8,1152,1152,1.0,1152,1152,1304,1216,1216,1216
n8_mix1_d1_feedback_T32_s9401102,8,mix,block,1,1,feedback,32,9401102,144,8,1152,1152,1.0,1152,1152,1304,1216,1216,1216
n8_mix1_d1_feedback_T32_s9401103,8,mix,block,1,1,feedback,32,9401103,144,8,1152,1152,1.0,1152,1152,1304,1216,1216,1216
n8_mix1_d1_feedback_T32_s9401104,8,mix,block,1,1,feedback,32,9401104,144,8,1152,1152,1.0,1152,1152,1304,1216,1216,1216
n8_mix1_d1_feedback_T128_s9401100,8,mix,block,1,1,feedback,128,9401100,144,8,1152,1152,1.0,1152,1152,1304,1216,1216,1216
n8_mix1_d1_feedback_T128_s9401101,8,mix,block,1,1,feedback,128,9401101,144,8,1152,1152,1.0,1152,1152,1304,1216,1216,1216
n8_mix1_d1_feedback_T128_s9401102,8,mix,block,1,1,feedback,128,9401102,144,8,1152,1152,1.0,1152,1152,1304,1216,1216,1216
n8_mix1_d1_feedback_T128_s9401103,8,mix,block,1,1,feedback,128,9401103,144,8,1152,1152,1.0,1152,1152,1304,1216,1216,1216
n8_mix1_d1_feedback_T128_s9401104,8,mix,block,1,1,feedback,128,9401104,144,8,1152,1152,1.0,1152,1152,1304,1216,1216,1216
n8_positive1_d1_none_T32_s9401100,8,positive,block,1,1,none,32,9401100,80,8,640,80,0.125,80,80,168,704,704,200
n8_positive1_d1_none_T32_s9401101,8,positive,block,1,1,none,32,9401101,80,8,640,80,0.125,80,80,168,704,704,200
n8_positive1_d1_none_T32_s9401102,8,positive,block,1,1,none,32,9401102,80,8,640,80,0.125,80,80,168,704,704,200
n8_positive1_d1_none_T32_s9401103,8,positive,block,1,1,none,32,9401103,80,8,640,80,0.125,80,80,168,704,704,200
n8_positive1_d1_none_T32_s9401104,8,positive,block,1,1,none,32,9401104,80,8,640,80,0.125,80,80,168,704,704,200
n8_positive1_d1_none_T128_s9401100,8,positive,block,1,1,none,128,9401100,80,8,640,80,0.125,80,80,168,704,704,200
n8_positive1_d1_none_T128_s9401101,8,positive,block,1,1,none,128,9401101,80,8,640,80,0.125,80,80,168,704,704,200
n8_positive1_d1_none_T128_s9401102,8,positive,block,1,1,none,128,9401102,80,8,640,80,0.125,80,80,168,704,704,200
n8_positive1_d1_none_T128_s9401103,8,positive,block,1,1,none,128,9401103,80,8,640,80,0.125,80,80,168,704,704,200
n8_positive1_d1_none_T128_s9401104,8,positive,block,1,1,none,128,9401104,80,8,640,80,0.125,80,80,168,704,704,200
n16_block1_d1_stack_nonlinear_T32_s9401100,16,block,block,1,1,stack_nonlinear,32,9401100,288,16,4608,288,0.0625,288,288,592,2432,4864,4864
n16_block1_d1_stack_nonlinear_T32_s9401101,16,block,block,1,1,stack_nonlinear,32,9401101,288,16,4608,288,0.0625,288,288,592,2432,4864,4864
n16_block1_d1_stack_nonlinear_T32_s9401102,16,block,block,1,1,stack_nonlinear,32,9401102,288,16,4608,288,0.0625,288,288,592,2432,4864,4864
n16_block1_d1_stack_nonlinear_T32_s9401103,16,block,block,1,1,stack_nonlinear,32,9401103,288,16,4608,288,0.0625,288,288,592,2432,4864,4864
n16_block1_d1_stack_nonlinear_T32_s9401104,16,block,block,1,1,stack_nonlinear,32,9401104,288,16,4608,288,0.0625,288,288,592,2432,4864,4864
n16_block1_d1_stack_nonlinear_T128_s9401100,16,block,block,1,1,stack_nonlinear,128,9401100,288,16,4608,288,0.0625,288,288,592,2432,4864,4864
n16_block1_d1_stack_nonlinear_T128_s9401101,16,block,block,1,1,stack_nonlinear,128,9401101,288,16,4608,288,0.0625,288,288,592,2432,4864,4864
n16_block1_d1_stack_nonlinear_T128_s9401102,16,block,block,1,1,stack_nonlinear,128,9401102,288,16,4608,288,0.0625,288,288,592,2432,4864,4864
n16_block1_d1_stack_nonlinear_T128_s9401103,16,block,block,1,1,stack_nonlinear,128,9401103,288,16,4608,288,0.0625,288,288,592,2432,4864,4864
n16_block1_d1_stack_nonlinear_T128_s9401104,16,block,block,1,1,stack_nonlinear,128,9401104,288,16,4608,288,0.0625,288,288,592,2432,4864,4864
n16_block1_d3_stack_nonlinear_T32_s9401100,16,block,block,1,3,stack_nonlinear,32,9401100,864,48,41472,14688,0.3541666666666667,14688,14688,16368,13440,43776,41456
n16_block1_d3_stack_nonlinear_T32_s9401101,16,block,block,1,3,stack_nonlinear,32,9401101,864,48,41472,14688,0.3541666666666667,14688,14688,16368,13440,43776,42240
n16_block1_d3_stack_nonlinear_T32_s9401102,16,block,block,1,3,stack_nonlinear,32,9401102,864,48,41472,14688,0.3541666666666667,14688,14688,16368,13440,43776,42240
n16_block1_d3_stack_nonlinear_T32_s9401103,16,block,block,1,3,stack_nonlinear,32,9401103,864,48,41472,14688,0.3541666666666667,14688,14688,16368,13440,43776,42240
n16_block1_d3_stack_nonlinear_T32_s9401104,16,block,block,1,3,stack_nonlinear,32,9401104,864,48,41472,14688,0.3541666666666667,14688,14688,16368,13440,43776,42240
n16_block1_d3_stack_nonlinear_T128_s9401100,16,block,block,1,3,stack_nonlinear,128,9401100,864,48,41472,14688,0.3541666666666667,14688,14688,16368,13440,43776,42240
n16_block1_d3_stack_nonlinear_T128_s9401101,16,block,block,1,3,stack_nonlinear,128,9401101,864,48,41472,14688,0.3541666666666667,14688,14688,16368,13440,43776,41456
n16_block1_d3_stack_nonlinear_T128_s9401102,16,block,block,1,3,stack_nonlinear,128,9401102,864,48,41472,14688,0.3541666666666667,14688,14688,16368,13440,43776,41456
n16_block1_d3_stack_nonlinear_T128_s9401103,16,block,block,1,3,stack_nonlinear,128,9401103,864,48,41472,14688,0.3541666666666667,14688,14688,16368,13440,43776,42240
n16_block1_d3_stack_nonlinear_T128_s9401104,16,block,block,1,3,stack_nonlinear,128,9401104,864,48,41472,14688,0.3541666666666667,14688,14688,16368,13440,43776,41456
n16_block4_d1_stack_nonlinear_T32_s9401100,16,block,block,4,1,stack_nonlinear,32,9401100,336,16,5376,1344,0.25,1344,1344,1696,2816,5632,5632
n16_block4_d1_stack_nonlinear_T32_s9401101,16,block,block,4,1,stack_nonlinear,32,9401101,336,16,5376,1344,0.25,1344,1344,1696,2816,5632,5632
n16_block4_d1_stack_nonlinear_T32_s9401102,16,block,block,4,1,stack_nonlinear,32,9401102,336,16,5376,1344,0.25,1344,1344,1696,2816,5632,5632
n16_block4_d1_stack_nonlinear_T32_s9401103,16,block,block,4,1,stack_nonlinear,32,9401103,336,16,5376,1344,0.25,1344,1344,1696,2816,5632,5632
n16_block4_d1_stack_nonlinear_T32_s9401104,16,block,block,4,1,stack_nonlinear,32,9401104,336,16,5376,1344,0.25,1344,1344,1696,2816,5632,5632
n16_block4_d1_stack_nonlinear_T128_s9401100,16,block,block,4,1,stack_nonlinear,128,9401100,336,16,5376,1344,0.25,1344,1344,1696,2816,5632,5632
n16_block4_d1_stack_nonlinear_T128_s9401101,16,block,block,4,1,stack_nonlinear,128,9401101,336,16,5376,1344,0.25,1344,1344,1696,2816,5632,5632
n16_block4_d1_stack_nonlinear_T128_s9401102,16,block,block,4,1,stack_nonlinear,128,9401102,336,16,5376,1344,0.25,1344,1344,1696,2816,5632,5632
n16_block4_d1_stack_nonlinear_T128_s9401103,16,block,block,4,1,stack_nonlinear,128,9401103,336,16,5376,1344,0.25,1344,1344,1696,2816,5632,5632
n16_block4_d1_stack_nonlinear_T128_s9401104,16,block,block,4,1,stack_nonlinear,128,9401104,336,16,5376,1344,0.25,1344,1344,1696,2816,5632,5632
n16_block4_d3_stack_nonlinear_T32_s9401100,16,block,block,4,3,stack_nonlinear,32,9401100,1008,48,48384,20160,0.4166666666666667,20160,20160,21408,9984,50688,49152
n16_block4_d3_stack_nonlinear_T32_s9401101,16,block,block,4,3,stack_nonlinear,32,9401101,1008,48,48384,20160,0.4166666666666667,20160,20160,21408,9984,50688,49152
n16_block4_d3_stack_nonlinear_T32_s9401102,16,block,block,4,3,stack_nonlinear,32,9401102,1008,48,48384,20160,0.4166666666666667,20160,20160,21408,9984,50688,49152
n16_block4_d3_stack_nonlinear_T32_s9401103,16,block,block,4,3,stack_nonlinear,32,9401103,1008,48,48384,20160,0.4166666666666667,20160,20160,21408,9984,50688,49152
n16_block4_d3_stack_nonlinear_T32_s9401104,16,block,block,4,3,stack_nonlinear,32,9401104,1008,48,48384,20160,0.4166666666666667,20160,20160,21408,9984,50688,49152
n16_block4_d3_stack_nonlinear_T128_s9401100,16,block,block,4,3,stack_nonlinear,128,9401100,1008,48,48384,20160,0.4166666666666667,20160,20160,21408,9984,50688,49152
n16_block4_d3_stack_nonlinear_T128_s9401101,16,block,block,4,3,stack_nonlinear,128,9401101,1008,48,48384,20160,0.4166666666666667,20160,20160,21408,9984,50688,49152
n16_block4_d3_stack_nonlinear_T128_s9401102,16,block,block,4,3,stack_nonlinear,128,9401102,1008,48,48384,20160,0.4166666666666667,20160,20160,21408,9984,50688,49152
n16_block4_d3_stack_nonlinear_T128_s9401103,16,block,block,4,3,stack_nonlinear,128,9401103,1008,48,48384,20160,0.4166666666666667,20160,20160,21408,9984,50688,49152
n16_block4_d3_stack_nonlinear_T128_s9401104,16,block,block,4,3,stack_nonlinear,128,9401104,1008,48,48384,20160,0.4166666666666667,20160,20160,21408,9984,50688,49152
n16_block16_d1_stack_nonlinear_T32_s9401100,16,block,block,16,1,stack_nonlinear,32,9401100,528,16,8448,8448,1.0,8448,8448,8992,4352,8704,8704
n16_block16_d1_stack_nonlinear_T32_s9401101,16,block,block,16,1,stack_nonlinear,32,9401101,528,16,8448,8448,1.0,8448,8448,8992,4352,8704,8704
n16_block16_d1_stack_nonlinear_T32_s9401102,16,block,block,16,1,stack_nonlinear,32,9401102,528,16,8448,8448,1.0,8448,8448,8992,4352,8704,8704
n16_block16_d1_stack_nonlinear_T32_s9401103,16,block,block,16,1,stack_nonlinear,32,9401103,528,16,8448,8448,1.0,8448,8448,8992,4352,8704,8704
n16_block16_d1_stack_nonlinear_T32_s9401104,16,block,block,16,1,stack_nonlinear,32,9401104,528,16,8448,8448,1.0,8448,8448,8992,4352,8704,8704
n16_block16_d1_stack_nonlinear_T128_s9401100,16,block,block,16,1,stack_nonlinear,128,9401100,528,16,8448,8448,1.0,8448,8448,8992,4352,8704,8704
n16_block16_d1_stack_nonlinear_T128_s9401101,16,block,block,16,1,stack_nonlinear,128,9401101,528,16,8448,8448,1.0,8448,8448,8992,4352,8704,8704
n16_block16_d1_stack_nonlinear_T128_s9401102,16,block,block,16,1,stack_nonlinear,128,9401102,528,16,8448,8448,1.0,8448,8448,8992,4352,8704,8704
n16_block16_d1_stack_nonlinear_T128_s9401103,16,block,block,16,1,stack_nonlinear,128,9401103,528,16,8448,8448,1.0,8448,8448,8992,4352,8704,8704
n16_block16_d1_stack_nonlinear_T128_s9401104,16,block,block,16,1,stack_nonlinear,128,9401104,528,16,8448,8448,1.0,8448,8448,8992,4352,8704,8704
n16_block16_d3_stack_nonlinear_T32_s9401100,16,block,block,16,3,stack_nonlinear,32,9401100,1584,48,76032,50688,0.6666666666666666,50688,50688,52368,13440,78336,76800
n16_block16_d3_stack_nonlinear_T32_s9401101,16,block,block,16,3,stack_nonlinear,32,9401101,1584,48,76032,50688,0.6666666666666666,50688,50688,52368,13440,78336,76800
n16_block16_d3_stack_nonlinear_T32_s9401102,16,block,block,16,3,stack_nonlinear,32,9401102,1584,48,76032,50688,0.6666666666666666,50688,50688,52368,13440,78336,76800
n16_block16_d3_stack_nonlinear_T32_s9401103,16,block,block,16,3,stack_nonlinear,32,9401103,1584,48,76032,50688,0.6666666666666666,50688,50688,52368,13440,78336,76800
n16_block16_d3_stack_nonlinear_T32_s9401104,16,block,block,16,3,stack_nonlinear,32,9401104,1584,48,76032,50688,0.6666666666666666,50688,50688,52368,13440,78336,76800
n16_block16_d3_stack_nonlinear_T128_s9401100,16,block,block,16,3,stack_nonlinear,128,9401100,1584,48,76032,50688,0.6666666666666666,50688,50688,52368,13440,78336,76800
n16_block16_d3_stack_nonlinear_T128_s9401101,16,block,block,16,3,stack_nonlinear,128,9401101,1584,48,76032,50688,0.6666666666666666,50688,50688,52368,13440,78336,76800
n16_block16_d3_stack_nonlinear_T128_s9401102,16,block,block,16,3,stack_nonlinear,128,9401102,1584,48,76032,50688,0.6666666666666666,50688,50688,52368,13440,78336,76800
n16_block16_d3_stack_nonlinear_T128_s9401103,16,block,block,16,3,stack_nonlinear,128,9401103,1584,48,76032,50688,0.6666666666666666,50688,50688,52368,13440,78336,76800
n16_block16_d3_stack_nonlinear_T128_s9401104,16,block,block,16,3,stack_nonlinear,128,9401104,1584,48,76032,50688,0.6666666666666666,50688,50688,52368,13440,78336,76800
n16_lowrank0_d1_stack_nonlinear_T32_s9401100,16,lowrank,lowrank,0,1,stack_nonlinear,32,9401100,288,16,4608,288,0.0625,288,288,592,2432,4864,4864
n16_lowrank0_d1_stack_nonlinear_T32_s9401101,16,lowrank,lowrank,0,1,stack_nonlinear,32,9401101,288,16,4608,288,0.0625,288,288,592,2432,4864,4864
n16_lowrank0_d1_stack_nonlinear_T32_s9401102,16,lowrank,lowrank,0,1,stack_nonlinear,32,9401102,288,16,4608,288,0.0625,288,288,592,2432,4864,4864
n16_lowrank0_d1_stack_nonlinear_T32_s9401103,16,lowrank,lowrank,0,1,stack_nonlinear,32,9401103,288,16,4608,288,0.0625,288,288,592,2432,4864,4864
n16_lowrank0_d1_stack_nonlinear_T32_s9401104,16,lowrank,lowrank,0,1,stack_nonlinear,32,9401104,288,16,4608,288,0.0625,288,288,592,2432,4864,4864
n16_lowrank0_d1_stack_nonlinear_T128_s9401100,16,lowrank,lowrank,0,1,stack_nonlinear,128,9401100,288,16,4608,288,0.0625,288,288,592,2432,4864,4864
n16_lowrank0_d1_stack_nonlinear_T128_s9401101,16,lowrank,lowrank,0,1,stack_nonlinear,128,9401101,288,16,4608,288,0.0625,288,288,592,2432,4864,4864
n16_lowrank0_d1_stack_nonlinear_T128_s9401102,16,lowrank,lowrank,0,1,stack_nonlinear,128,9401102,288,16,4608,288,0.0625,288,288,592,2432,4864,4864
n16_lowrank0_d1_stack_nonlinear_T128_s9401103,16,lowrank,lowrank,0,1,stack_nonlinear,128,9401103,288,16,4608,288,0.0625,288,288,592,2432,4864,4864
n16_lowrank0_d1_stack_nonlinear_T128_s9401104,16,lowrank,lowrank,0,1,stack_nonlinear,128,9401104,288,16,4608,288,0.0625,288,288,592,2432,4864,4864
n16_lowrank0_d3_stack_nonlinear_T32_s9401100,16,lowrank,lowrank,0,3,stack_nonlinear,32,9401100,864,48,41472,14688,0.3541666666666667,14688,14688,16368,13440,43776,41456
n16_lowrank0_d3_stack_nonlinear_T32_s9401101,16,lowrank,lowrank,0,3,stack_nonlinear,32,9401101,864,48,41472,14688,0.3541666666666667,14688,14688,16368,13440,43776,42240
n16_lowrank0_d3_stack_nonlinear_T32_s9401102,16,lowrank,lowrank,0,3,stack_nonlinear,32,9401102,864,48,41472,14688,0.3541666666666667,14688,14688,16368,13440,43776,42240
n16_lowrank0_d3_stack_nonlinear_T32_s9401103,16,lowrank,lowrank,0,3,stack_nonlinear,32,9401103,864,48,41472,14688,0.3541666666666667,14688,14688,16368,13440,43776,42240
n16_lowrank0_d3_stack_nonlinear_T32_s9401104,16,lowrank,lowrank,0,3,stack_nonlinear,32,9401104,864,48,41472,14688,0.3541666666666667,14688,14688,16368,13440,43776,42240
n16_lowrank0_d3_stack_nonlinear_T128_s9401100,16,lowrank,lowrank,0,3,stack_nonlinear,128,9401100,864,48,41472,14688,0.3541666666666667,14688,14688,16368,13440,43776,42240
n16_lowrank0_d3_stack_nonlinear_T128_s9401101,16,lowrank,lowrank,0,3,stack_nonlinear,128,9401101,864,48,41472,14688,0.3541666666666667,14688,14688,16368,13440,43776,41456
n16_lowrank0_d3_stack_nonlinear_T128_s9401102,16,lowrank,lowrank,0,3,stack_nonlinear,128,9401102,864,48,41472,14688,0.3541666666666667,14688,14688,16368,13440,43776,41456
n16_lowrank0_d3_stack_nonlinear_T128_s9401103,16,lowrank,lowrank,0,3,stack_nonlinear,128,9401103,864,48,41472,14688,0.3541666666666667,14688,14688,16368,13440,43776,42240
n16_lowrank0_d3_stack_nonlinear_T128_s9401104,16,lowrank,lowrank,0,3,stack_nonlinear,128,9401104,864,48,41472,14688,0.3541666666666667,14688,14688,16368,13440,43776,41456
n16_lowrank1_d1_stack_nonlinear_T32_s9401100,16,lowrank,lowrank,1,1,stack_nonlinear,32,9401100,320,16,5120,5120,1.0,5120,5120,5456,2688,5376,5376
n16_lowrank1_d1_stack_nonlinear_T32_s9401101,16,lowrank,lowrank,1,1,stack_nonlinear,32,9401101,320,16,5120,5120,1.0,5120,5120,5456,2688,5376,5376
n16_lowrank1_d1_stack_nonlinear_T32_s9401102,16,lowrank,lowrank,1,1,stack_nonlinear,32,9401102,320,16,5120,5120,1.0,5120,5120,5456,2688,5376,5376
n16_lowrank1_d1_stack_nonlinear_T32_s9401103,16,lowrank,lowrank,1,1,stack_nonlinear,32,9401103,320,16,5120,5120,1.0,5120,5120,5456,2688,5376,5376
n16_lowrank1_d1_stack_nonlinear_T32_s9401104,16,lowrank,lowrank,1,1,stack_nonlinear,32,9401104,320,16,5120,5120,1.0,5120,5120,5456,2688,5376,5376
n16_lowrank1_d1_stack_nonlinear_T128_s9401100,16,lowrank,lowrank,1,1,stack_nonlinear,128,9401100,320,16,5120,5120,1.0,5120,5120,5456,2688,5376,5376
n16_lowrank1_d1_stack_nonlinear_T128_s9401101,16,lowrank,lowrank,1,1,stack_nonlinear,128,9401101,320,16,5120,5120,1.0,5120,5120,5456,2688,5376,5376
n16_lowrank1_d1_stack_nonlinear_T128_s9401102,16,lowrank,lowrank,1,1,stack_nonlinear,128,9401102,320,16,5120,5120,1.0,5120,5120,5456,2688,5376,5376
n16_lowrank1_d1_stack_nonlinear_T128_s9401103,16,lowrank,lowrank,1,1,stack_nonlinear,128,9401103,320,16,5120,5120,1.0,5120,5120,5456,2688,5376,5376
n16_lowrank1_d1_stack_nonlinear_T128_s9401104,16,lowrank,lowrank,1,1,stack_nonlinear,128,9401104,320,16,5120,5120,1.0,5120,5120,5456,2688,5376,5376
n16_lowrank1_d3_stack_nonlinear_T32_s9401100,16,lowrank,lowrank,1,3,stack_nonlinear,32,9401100,960,48,46080,30720,0.6666666666666666,30720,30720,31776,8448,48384,46848
n16_lowrank1_d3_stack_nonlinear_T32_s9401101,16,lowrank,lowrank,1,3,stack_nonlinear,32,9401101,960,48,46080,30720,0.6666666666666666,30720,30720,31776,8448,48384,46848
n16_lowrank1_d3_stack_nonlinear_T32_s9401102,16,lowrank,lowrank,1,3,stack_nonlinear,32,9401102,960,48,46080,30720,0.6666666666666666,30720,30720,31776,8448,48384,46848
n16_lowrank1_d3_stack_nonlinear_T32_s9401103,16,lowrank,lowrank,1,3,stack_nonlinear,32,9401103,960,48,46080,30720,0.6666666666666666,30720,30720,31776,8448,48384,46848
n16_lowrank1_d3_stack_nonlinear_T32_s9401104,16,lowrank,lowrank,1,3,stack_nonlinear,32,9401104,960,48,46080,30720,0.6666666666666666,30720,30720,31776,8448,48384,46848
n16_lowrank1_d3_stack_nonlinear_T128_s9401100,16,lowrank,lowrank,1,3,stack_nonlinear,128,9401100,960,48,46080,30720,0.6666666666666666,30720,30720,31776,8448,48384,46848
n16_lowrank1_d3_stack_nonlinear_T128_s9401101,16,lowrank,lowrank,1,3,stack_nonlinear,128,9401101,960,48,46080,30720,0.6666666666666666,30720,30720,31776,8448,48384,46848
n16_lowrank1_d3_stack_nonlinear_T128_s9401102,16,lowrank,lowrank,1,3,stack_nonlinear,128,9401102,960,48,46080,30720,0.6666666666666666,30720,30720,31776,8448,48384,46848
n16_lowrank1_d3_stack_nonlinear_T128_s9401103,16,lowrank,lowrank,1,3,stack_nonlinear,128,9401103,960,48,46080,30720,0.6666666666666666,30720,30720,31776,8448,48384,46848
n16_lowrank1_d3_stack_nonlinear_T128_s9401104,16,lowrank,lowrank,1,3,stack_nonlinear,128,9401104,960,48,46080,30720,0.6666666666666666,30720,30720,31776,8448,48384,46848
n16_lowrank8_d1_stack_nonlinear_T32_s9401100,16,lowrank,lowrank,8,1,stack_nonlinear,32,9401100,544,16,8704,8704,1.0,8704,8704,9264,4480,8960,8960
n16_lowrank8_d1_stack_nonlinear_T32_s9401101,16,lowrank,lowrank,8,1,stack_nonlinear,32,9401101,544,16,8704,8704,1.0,8704,8704,9264,4480,8960,8960
n16_lowrank8_d1_stack_nonlinear_T32_s9401102,16,lowrank,lowrank,8,1,stack_nonlinear,32,9401102,544,16,8704,8704,1.0,8704,8704,9264,4480,8960,8960
n16_lowrank8_d1_stack_nonlinear_T32_s9401103,16,lowrank,lowrank,8,1,stack_nonlinear,32,9401103,544,16,8704,8704,1.0,8704,8704,9264,4480,8960,8960
n16_lowrank8_d1_stack_nonlinear_T32_s9401104,16,lowrank,lowrank,8,1,stack_nonlinear,32,9401104,544,16,8704,8704,1.0,8704,8704,9264,4480,8960,8960
n16_lowrank8_d1_stack_nonlinear_T128_s9401100,16,lowrank,lowrank,8,1,stack_nonlinear,128,9401100,544,16,8704,8704,1.0,8704,8704,9264,4480,8960,8960
n16_lowrank8_d1_stack_nonlinear_T128_s9401101,16,lowrank,lowrank,8,1,stack_nonlinear,128,9401101,544,16,8704,8704,1.0,8704,8704,9264,4480,8960,8960
n16_lowrank8_d1_stack_nonlinear_T128_s9401102,16,lowrank,lowrank,8,1,stack_nonlinear,128,9401102,544,16,8704,8704,1.0,8704,8704,9264,4480,8960,8960
n16_lowrank8_d1_stack_nonlinear_T128_s9401103,16,lowrank,lowrank,8,1,stack_nonlinear,128,9401103,544,16,8704,8704,1.0,8704,8704,9264,4480,8960,8960
n16_lowrank8_d1_stack_nonlinear_T128_s9401104,16,lowrank,lowrank,8,1,stack_nonlinear,128,9401104,544,16,8704,8704,1.0,8704,8704,9264,4480,8960,8960
n16_lowrank8_d3_stack_nonlinear_T32_s9401100,16,lowrank,lowrank,8,3,stack_nonlinear,32,9401100,1632,48,78336,52224,0.6666666666666666,52224,52224,53952,13824,80640,79104
n16_lowrank8_d3_stack_nonlinear_T32_s9401101,16,lowrank,lowrank,8,3,stack_nonlinear,32,9401101,1632,48,78336,52224,0.6666666666666666,52224,52224,53952,13824,80640,79104
n16_lowrank8_d3_stack_nonlinear_T32_s9401102,16,lowrank,lowrank,8,3,stack_nonlinear,32,9401102,1632,48,78336,52224,0.6666666666666666,52224,52224,53952,13824,80640,79104
n16_lowrank8_d3_stack_nonlinear_T32_s9401103,16,lowrank,lowrank,8,3,stack_nonlinear,32,9401103,1632,48,78336,52224,0.6666666666666666,52224,52224,53952,13824,80640,79104
n16_lowrank8_d3_stack_nonlinear_T32_s9401104,16,lowrank,lowrank,8,3,stack_nonlinear,32,9401104,1632,48,78336,52224,0.6666666666666666,52224,52224,53952,13824,80640,79104
n16_lowrank8_d3_stack_nonlinear_T128_s9401100,16,lowrank,lowrank,8,3,stack_nonlinear,128,9401100,1632,48,78336,52224,0.6666666666666666,52224,52224,53952,13824,80640,79104
n16_lowrank8_d3_stack_nonlinear_T128_s9401101,16,lowrank,lowrank,8,3,stack_nonlinear,128,9401101,1632,48,78336,52224,0.6666666666666666,52224,52224,53952,13824,80640,79104
n16_lowrank8_d3_stack_nonlinear_T128_s9401102,16,lowrank,lowrank,8,3,stack_nonlinear,128,9401102,1632,48,78336,52224,0.6666666666666666,52224,52224,53952,13824,80640,79104
n16_lowrank8_d3_stack_nonlinear_T128_s9401103,16,lowrank,lowrank,8,3,stack_nonlinear,128,9401103,1632,48,78336,52224,0.6666666666666666,52224,52224,53952,13824,80640,79104
n16_lowrank8_d3_stack_nonlinear_T128_s9401104,16,lowrank,lowrank,8,3,stack_nonlinear,128,9401104,1632,48,78336,52224,0.6666666666666666,52224,52224,53952,13824,80640,79104
n16_positive1_d1_none_T32_s9401100,16,positive,block,1,1,none,32,9401100,288,16,4608,288,0.0625,288,288,592,2432,4864,784
n16_positive1_d1_none_T32_s9401101,16,positive,block,1,1,none,32,9401101,288,16,4608,288,0.0625,288,288,592,2432,4864,784
n16_positive1_d1_none_T32_s9401102,16,positive,block,1,1,none,32,9401102,288,16,4608,288,0.0625,288,288,592,2432,4864,784
n16_positive1_d1_none_T32_s9401103,16,positive,block,1,1,none,32,9401103,288,16,4608,288,0.0625,288,288,592,2432,4864,784
n16_positive1_d1_none_T32_s9401104,16,positive,block,1,1,none,32,9401104,288,16,4608,288,0.0625,288,288,592,2432,4864,784
n16_positive1_d1_none_T128_s9401100,16,positive,block,1,1,none,128,9401100,288,16,4608,288,0.0625,288,288,592,2432,4864,784
n16_positive1_d1_none_T128_s9401101,16,positive,block,1,1,none,128,9401101,288,16,4608,288,0.0625,288,288,592,2432,4864,784
n16_positive1_d1_none_T128_s9401102,16,positive,block,1,1,none,128,9401102,288,16,4608,288,0.0625,288,288,592,2432,4864,784
n16_positive1_d1_none_T128_s9401103,16,positive,block,1,1,none,128,9401103,288,16,4608,288,0.0625,288,288,592,2432,4864,784
n16_positive1_d1_none_T128_s9401104,16,positive,block,1,1,none,128,9401104,288,16,4608,288,0.0625,288,288,592,2432,4864,784
