model,method,depth,T,seed,P,recurrent_state_width,persistent_derivative_scalars,auxiliary_derivative_bytes,peak_explicit_derivative_scalars,terminal_gradient_scalars,audit_trajectory_bytes,inference_seconds_per_step,gradient_seconds_per_step,gradient_to_inference_ratio,total_to_inference_ratio,process_peak_rss_bytes
M1,G0,1,32,9401100,136,8,521,4168,657,136,2048,2.0528124878183007e-05,6.734999988111667e-05,3.280864681054979,5.131679216152188,284082176
M1,G1,1,32,9401100,136,8,1088,8704,10064,136,2048,2.0528124878183007e-05,0.00020640312868636101,10.054650870997149,10.142639872061881,288821248
M1,G0,1,32,9401101,136,8,521,4168,657,136,2048,2.3568751203129068e-05,6.615000165766105e-05,2.8066825046241206,4.480376332343345,289202176
M1,G1,1,32,9401101,136,8,1088,8704,10064,136,2048,2.3568751203129068e-05,0.00018249374988954514,7.743038581752123,7.800052758890174,289202176
M1,G0,1,32,9401102,136,8,521,4168,657,136,2048,2.020625106524676e-05,6.167187530081719e-05,3.0521186291151357,4.705536407062553,289210368
M1,G1,1,32,9401102,136,8,1088,8704,10064,136,2048,2.020625106524676e-05,0.00018199062469648197,9.006649680280981,9.080729502370437,289210368
M1,G0,1,32,9401103,136,8,521,4168,657,136,2048,2.436875001876615e-05,6.137812670203857e-05,2.518722817328416,3.9335726530586044,289210368
M1,G1,1,32,9401103,136,8,1088,8704,10064,136,2048,2.436875001876615e-05,0.0001812999944377225,7.439856139445192,7.531803044623435,289210368
M1,G0,1,32,9401104,136,8,521,4168,657,136,2048,2.0906252757413313e-05,6.21968756604474e-05,2.9750370084085263,4.577278968835326,289210368
M1,G1,1,32,9401104,136,8,1088,8704,10064,136,2048,2.0906252757413313e-05,0.0001756250021571759,8.40059690251758,8.495215574523458,289218560
M1,G0,1,128,9401100,136,8,2057,16456,2193,136,8192,1.9707812498381827e-05,6.23570313109667e-05,3.16407674956755,4.8610164147634345,290648064
M1,G1,1,128,9401100,136,8,1088,8704,10064,136,8192,1.9707812498381827e-05,0.00018034453114523785,9.150915717309854,9.217513671278038,290648064
M1,G0,1,128,9401101,136,8,2057,16456,2193,136,8192,2.0750000658154022e-05,6.467734328907682e-05,3.116980300608371,4.723531458675608,290652160
M1,G1,1,128,9401101,136,8,1088,8704,10064,136,8192,2.0750000658154022e-05,0.00018635312426340533,8.98087317361964,9.038365684971996,290709504
M1,G0,1,128,9401102,136,8,2057,16456,2193,136,8192,2.069375022983877e-05,6.409140587493312e-05,3.0971382742659337,4.673361455901742,290721792
M1,G1,1,128,9401102,136,8,1088,8704,10064,136,8192,2.069375022983877e-05,0.00018506953529140446,8.943257420037314,9.008079015800057,290721792
M1,G0,1,128,9401103,136,8,2057,16456,2193,136,8192,2.0074218809895683e-05,6.173984365887009e-05,3.0755788926857335,4.696594669487637,290721792
M1,G1,1,128,9401103,136,8,1088,8704,10064,136,8192,2.0074218809895683e-05,0.00018156874830310699,9.044872431778106,9.118155231030386,290721792
M1,G0,1,128,9401104,136,8,2057,16456,2193,136,8192,2.0042968571942765e-05,7.036015631456394e-05,3.5104658305485694,5.626076841736466,290721792
M1,G1,1,128,9401104,136,8,1088,8704,10064,136,8192,2.0042968571942765e-05,0.00019749375132960267,9.853517986655188,9.93342436613774,290721792
M1,G0,2,32,9401100,272,16,1289,10312,1561,272,4096,3.9218750316649675e-05,0.00013688437684322707,3.4902789032804815,5.390995928895934,290738176
M1,G1,2,32,9401100,272,16,4352,34816,31248,272,4096,3.9218750316649675e-05,0.0004347406247688923,11.0850198249262,11.15322705124723,291258368
M1,G0,2,32,9401101,272,16,1289,10312,1561,272,4096,4.068750058650039e-05,0.00012716875062324107,3.125499202215289,4.714592910736184,291295232
M1,G1,2,32,9401101,272,16,4352,34816,31248,272,4096,4.068750058650039e-05,0.0004323531211412046,10.62619022817671,10.674193396962382,291295232
M1,G0,2,32,9401102,272,16,1289,10312,1561,272,4096,3.896562702720985e-05,0.00013777187268715352,3.5357283636407772,5.425214293250078,291299328
M1,G1,2,32,9401102,272,16,4352,34816,31248,272,4096,3.896562702720985e-05,0.0004243812509230338,10.891169558921424,10.94482255743974,291299328
M1,G0,2,32,9401103,272,16,1289,10312,1561,272,4096,3.9215625292854384e-05,0.0001408374992024619,3.5913618143460893,5.338831759405739,291299328
M1,G1,2,32,9401103,272,16,4352,34816,31248,272,4096,3.9215625292854384e-05,0.0004037781254737638,10.296358210749673,10.37684267437413,291299328
M1,G0,2,32,9401104,272,16,1289,10312,1561,272,4096,4.25750004069414e-05,0.00013149062579032034,3.088446847527973,4.581693964253558,291299328
M1,G1,2,32,9401104,272,16,4352,34816,31248,272,4096,4.25750004069414e-05,0.0004172062544967048,9.799324733034736,9.858558376037038,291610624
M1,G0,2,128,9401100,272,16,5129,41032,5401,272,16384,4.1959374357247725e-05,0.00014348124932439532,3.419527853365419,5.040329256730599,294313984
M1,G1,2,128,9401100,272,16,4352,34816,31248,272,16384,4.1959374357247725e-05,0.0004128085911361268,9.838292335377053,9.869405061079679,294313984
M1,G0,2,128,9401101,272,16,5129,41032,5401,272,16384,3.961953098041704e-05,0.00013210312499722932,3.3342930046931816,5.017608916551037,294313984
M1,G1,2,128,9401101,272,16,4352,34816,31248,272,16384,3.961953098041704e-05,0.0003923765625586384,9.903614526698473,9.938911212685053,294313984
M1,G0,2,128,9401102,272,16,5129,41032,5401,272,16384,3.773671869566897e-05,0.00013390937419899274,3.5485166391629455,5.32043558992066,294313984
M1,G1,2,128,9401102,272,16,4352,34816,31248,272,16384,3.773671869566897e-05,0.0003977726555604022,10.540732456583578,10.580191714727583,294313984
M1,G0,2,128,9401103,272,16,5129,41032,5401,272,16384,4.1058594433707185e-05,0.00014051796824787743,3.4223764886729477,5.171420323609558,294313984
M1,G1,2,128,9401103,272,16,4352,34816,31248,272,16384,4.1058594433707185e-05,0.00040213516058429377,9.794177470774782,9.826048731357655,294313984
M1,G0,2,128,9401104,272,16,5129,41032,5401,272,16384,3.81703121092869e-05,0.00014328359429782722,3.7537967697928805,5.735642122074683,294313984
M1,G1,2,128,9401104,272,16,4352,34816,31248,272,16384,3.81703121092869e-05,0.00040376718789048027,10.57804260898991,10.612898726293704,294313984
M1,G0,3,32,9401100,408,24,2057,16456,2465,408,6144,5.7384371757507324e-05,0.00020031250096508302,3.4907152388381264,5.146381608977376,294387712
M1,G1,3,32,9401100,408,24,9792,78336,63440,408,6144,5.7384371757507324e-05,0.0006169781263452023,10.751675193943132,10.789958675506362,295141376
M1,G0,3,32,9401101,408,24,2057,16456,2465,408,6144,6.18187514191959e-05,0.00020361562565085478,3.2937518305752813,4.88691724737502,295174144
M1,G1,3,32,9401101,408,24,9792,78336,63440,408,6144,6.18187514191959e-05,0.0009603281250747386,15.53457653265605,15.599585090200097,295174144
M1,G0,3,32,9401102,408,24,2057,16456,2465,408,6144,6.145000224933028e-05,0.00024307499916176312,3.955654845633668,5.588791485389357,295174144
M1,G1,3,32,9401102,408,24,9792,78336,63440,408,6144,6.145000224933028e-05,0.0006429343775380403,10.462723417476317,10.504169674141307,295174144
M1,G0,3,32,9401103,408,24,2057,16456,2465,408,6144,6.095625212765299e-05,0.00021360625032684766,3.504254984041982,5.193581258291667,295174144
M1,G1,3,32,9401103,408,24,9792,78336,63440,408,6144,6.095625212765299e-05,0.0006301781249931082,10.338203268688595,10.373884569551288,295174144
M1,G0,3,32,9401104,408,24,2057,16456,2465,408,6144,5.772499935119413e-05,0.00022246250227908604,3.8538329108614198,5.871860143803679,295174144
M1,G1,3,32,9401104,408,24,9792,78336,63440,408,6144,5.772499935119413e-05,0.0006709687477268744,11.623538419546026,11.700465743221905,295174144
M1,G0,3,128,9401100,408,24,8201,65608,8609,408,24576,6.467499952123035e-05,0.00020901171865261858,3.231723543871198,4.757573963962831,297467904
M1,G1,3,128,9401100,408,24,9792,78336,63440,408,24576,6.467499952123035e-05,0.0006505367209683754,10.058550070105976,10.082987120654925,297619456
M1,G0,3,128,9401101,408,24,8201,65608,8609,408,24576,5.927187521592714e-05,0.00021263124926917953,3.5873885969452624,5.387778763505653,297717760
M1,G1,3,128,9401101,408,24,9792,78336,63440,408,24576,5.927187521592714e-05,0.000610514844993304,10.30024514610347,10.322784265107032,297984000
M1,G0,3,128,9401102,408,24,8201,65608,8609,408,24576,5.581796904152725e-05,0.0002146062497558887,3.844752029516279,5.522177259634795,297984000
M1,G1,3,128,9401102,408,24,9792,78336,63440,408,24576,5.581796904152725e-05,0.0006623484396186541,11.86622249057257,11.907763746847815,297984000
M1,G0,3,128,9401103,408,24,8201,65608,8609,408,24576,5.581015648203902e-05,0.00022778359380026814,4.081400378685089,5.973529101369606,297984000
M1,G1,3,128,9401103,408,24,9792,78336,63440,408,24576,5.581015648203902e-05,0.000663629689370282,11.890840864849629,11.927964457157525,297984000
M1,G0,3,128,9401104,408,24,8201,65608,8609,408,24576,6.445781218644697e-05,0.0002118562506439048,3.2867428083209145,4.836205873582379,297984000
M1,G1,3,128,9401104,408,24,9792,78336,63440,408,24576,6.445781218644697e-05,0.0006309421878540888,9.788451802072673,9.82721261849195,297984000
M2,G0,1,32,9401100,80,8,521,4168,601,80,2048,2.229062738479115e-05,6.447499981732108e-05,2.892471293172853,4.464881109661655,297984000
M2,G1,1,32,9401100,80,8,640,5120,6032,80,2048,2.229062738479115e-05,0.00023970312395249493,10.75353868756713,10.82742070971721,298008576
M2,G2,1,32,9401100,80,8,80,640,768,80,2048,2.229062738479115e-05,5.2534378482960165e-05,2.35679227758319,3.8665354702742736,298008576
M2,G0,1,32,9401101,80,8,521,4168,601,80,2048,2.2224998247111216e-05,5.9734375099651515e-05,2.6877111276000094,4.384561644389467,298090496
M2,G1,1,32,9401101,80,8,640,5120,6032,80,2048,2.2224998247111216e-05,0.00020173750453977846,9.07705378856442,9.146935397512031,298090496
M2,G2,1,32,9401101,80,8,80,640,768,80,2048,2.2224998247111216e-05,3.624688179115765e-05,1.6309059460046968,2.5968786875972003,298090496
M2,G0,1,32,9401102,80,8,521,4168,601,80,2048,2.2506250388687477e-05,6.295624916674569e-05,2.797278448407824,4.287975487155763,298090496
M2,G1,1,32,9401102,80,8,640,5120,6032,80,2048,2.2506250388687477e-05,0.00020933125051669776,9.301027354690582,9.38294901891563,298090496
M2,G2,1,32,9401102,80,8,80,640,768,80,2048,2.2506250388687477e-05,3.6184377677273005e-05,1.6077479390107865,2.621355212042536,298090496
M2,G0,1,32,9401103,80,8,521,4168,601,80,2048,2.1709376596845686e-05,6.834062514826655e-05,3.1479773195420204,5.159349052891798,298090496
M2,G1,1,32,9401103,80,8,640,5120,6032,80,2048,2.1709376596845686e-05,0.0002341218787478283,10.784366732200205,10.869007384756046,298090496
M2,G2,1,32,9401103,80,8,80,640,768,80,2048,2.1709376596845686e-05,4.192500637145713e-05,1.9311934722966075,3.3519502874605274,298090496
M2,G0,1,32,9401104,80,8,521,4168,601,80,2048,2.3931250325404108e-05,7.450937482644804e-05,3.1134760538338004,5.028597458382055,298090496
M2,G1,1,32,9401104,80,8,640,5120,6032,80,2048,2.3931250325404108e-05,0.00021416562231024727,8.949203213293906,9.099112032947755,298090496
M2,G2,1,32,9401104,80,8,80,640,768,80,2048,2.3931250325404108e-05,4.335625999374315e-05,1.8117005757830595,2.71572208814242,298090496
M2,G0,1,128,9401100,80,8,2057,16456,2137,80,8192,2.3179687559604645e-05,6.264765579544473e-05,2.7026962996956487,4.0921469449355135,298090496
M2,G1,1,128,9401100,80,8,640,5120,6032,80,8192,2.3179687559604645e-05,0.00019990078271803213,8.623963640752441,8.679878622019265,298090496
M2,G2,1,128,9401100,80,8,80,640,768,80,8192,2.3179687559604645e-05,3.6944526982551906e-05,1.5938319654892723,2.536366663297541,298090496
M2,G0,1,128,9401101,80,8,2057,16456,2137,80,8192,2.0621094336092938e-05,6.166171806398779e-05,2.9902253032256283,4.906156330490365,298090496
M2,G1,1,128,9401101,80,8,640,5120,6032,80,8192,2.0621094336092938e-05,0.00019552734192984644,9.481909094786326,9.539457956692619,298090496
M2,G2,1,128,9401101,80,8,80,640,768,80,8192,2.0621094336092938e-05,3.5008588383789174e-05,1.6977075907418706,2.7936350922477278,298090496
M2,G0,1,128,9401102,80,8,2057,16456,2137,80,8192,2.1393749193521217e-05,6.287499945756281e-05,2.9389425335790875,4.424043378397934,298090496
M2,G1,1,128,9401102,80,8,640,5120,6032,80,8192,2.1393749193521217e-05,0.0001870570313258213,8.74353670475247,8.796268247711271,298090496
M2,G2,1,128,9401102,80,8,80,640,768,80,8192,2.1393749193521217e-05,3.48320299963234e-05,1.6281405227874584,2.6059743797857013,298090496
M2,G0,1,128,9401103,80,8,2057,16456,2137,80,8192,1.938906279974617e-05,5.919999966863543e-05,3.0532677252151887,4.7389394188146445,298090496
M2,G1,1,128,9401103,80,8,640,5120,6032,80,8192,1.938906279974617e-05,0.00018492265553504694,9.53747261767948,9.607018927222835,298090496
M2,G2,1,128,9401103,80,8,80,640,768,80,8192,1.938906279974617e-05,3.4585161301947664e-05,1.7837459014471,2.8594568098130733,298090496
M2,G0,1,128,9401104,80,8,2057,16456,2137,80,8192,2.355390643060673e-05,6.276874955801759e-05,2.664897635682792,3.9947593219715936,298090496
M2,G1,1,128,9401104,80,8,640,5120,6032,80,8192,2.355390643060673e-05,0.00018529375120124314,7.8667949092497995,7.924674047526983,298090496
M2,G2,1,128,9401104,80,8,80,640,768,80,8192,2.355390643060673e-05,3.5896877307095565e-05,1.5240307340463053,2.4410428162336917,298090496
M3,G0,2,32,9401100,160,16,1289,10312,1449,160,4096,3.868437488563359e-05,0.000121900000522146,3.1511430876815494,4.805638605611709,298090496
M3,G1,2,32,9401100,160,16,2560,20480,18704,160,4096,3.868437488563359e-05,0.00041195937592419796,10.649244743959644,10.709831212359454,298090496
M3,G3,2,32,9401100,160,16,160,1280,1136,160,4096,3.868437488563359e-05,7.526563058490865e-05,1.945633884673691,2.9844898377577236,298090496
M3,G0,2,32,9401101,160,16,1289,10312,1449,160,4096,3.9096874388633296e-05,0.0001298812494496815,3.3220366456568224,5.088242461733266,298090496
M3,G1,2,32,9401101,160,16,2560,20480,18704,160,4096,3.9096874388633296e-05,0.00041885000609909184,10.713132766972924,10.754536182498583,298090496
M3,G3,2,32,9401101,160,16,160,1280,1136,160,4096,3.9096874388633296e-05,6.969374953769147e-05,1.7825913356888106,2.7388698492314085,298090496
M3,G0,2,32,9401102,160,16,1289,10312,1449,160,4096,3.971250043832697e-05,0.00012581562623381615,3.1681617839502776,4.875511458362056,298090496
M3,G1,2,32,9401102,160,16,2560,20480,18704,160,4096,3.971250043832697e-05,0.0004175750036665704,10.51495118810409,10.556657059135373,298090496
M3,G3,2,32,9401102,160,16,160,1280,1136,160,4096,3.971250043832697e-05,7.589375309180468e-05,1.9110796916368125,3.0080264094585525,298090496
M3,G0,2,32,9401103,160,16,1289,10312,1449,160,4096,3.8212499930523336e-05,0.00013895937445340678,3.636490015205966,5.404645112251104,298090496
M3,G1,2,32,9401103,160,16,2560,20480,18704,160,4096,3.8212499930523336e-05,0.0004349624978203792,11.382728128523734,11.433186192541118,298090496
M3,G3,2,32,9401103,160,16,160,1280,1136,160,4096,3.8212499930523336e-05,7.73656320234295e-05,2.024615823725039,3.1405790224692613,298090496
M3,G0,2,32,9401104,160,16,1289,10312,1449,160,4096,3.755312354769558e-05,0.00012793437417712994,3.4067572039551566,5.1834902975280075,298090496
M3,G1,2,32,9401104,160,16,2560,20480,18704,160,4096,3.755312354769558e-05,0.00042539062269497663,11.327702798269106,11.391862009717778,298090496
M3,G3,2,32,9401104,160,16,160,1280,1136,160,4096,3.755312354769558e-05,7.934376480989158e-05,2.112840619212898,3.2464842900825417,298090496
M3,G0,2,128,9401100,160,16,5129,41032,5289,160,16384,4.4451562644098885e-05,0.000145235156196577,3.2672677304823057,4.967134144831888,298090496
M3,G1,2,128,9401100,160,16,2560,20480,18704,160,16384,4.4451562644098885e-05,0.00041689531190058915,9.378642439152442,9.411490718876578,298090496
M3,G3,2,128,9401100,160,16,160,1280,1136,160,16384,4.4451562644098885e-05,7.225390345411142e-05,1.6254524960711005,2.5504411354596144,298090496
M3,G0,2,128,9401101,160,16,5129,41032,5289,160,16384,3.686796935653547e-05,0.00013639765620609978,3.699624866426797,5.42601334132246,298090496
M3,G1,2,128,9401101,160,16,2560,20480,18704,160,16384,3.686796935653547e-05,0.0004148632824581,11.252675145900286,11.309613932894145,298090496
M3,G3,2,128,9401101,160,16,160,1280,1136,160,16384,3.686796935653547e-05,7.337812621699413e-05,1.9902947598600687,3.065775186132903,298090496
M3,G0,2,128,9401102,160,16,5129,41032,5289,160,16384,3.903359356627334e-05,0.00012588984372996492,3.2251666379684556,4.867121682822711,298090496
M3,G1,2,128,9401102,160,16,2560,20480,18704,160,16384,3.903359356627334e-05,0.0004108546863790252,10.525669015881256,10.563276875913518,298090496
M3,G3,2,128,9401102,160,16,160,1280,1136,160,16384,3.903359356627334e-05,7.4157031122013e-05,1.8998258768080165,2.9533654846498743,298090496
M3,G0,2,128,9401103,160,16,5129,41032,5289,160,16384,4.4081250052840915e-05,0.0001355093754682457,3.074081957880242,4.6833793958291565,298090496
M3,G1,2,128,9401103,160,16,2560,20480,18704,160,16384,4.4081250052840915e-05,0.0004957210912834853,11.245622360737418,11.283425463483038,298090496
M3,G3,2,128,9401103,160,16,160,1280,1136,160,16384,4.4081250052840915e-05,8.087109017651528e-05,1.8345915798570545,2.8411137181315276,298090496
M3,G0,2,128,9401104,160,16,5129,41032,5289,160,16384,4.1013281588675454e-05,0.00013191718790039886,3.216450447038203,4.857344186374505,298090496
M3,G1,2,128,9401104,160,16,2560,20480,18704,160,16384,4.1013281588675454e-05,0.0004170062493358273,10.16759042882759,10.198582689981812,298090496
M3,G3,2,128,9401104,160,16,160,1280,1136,160,16384,4.1013281588675454e-05,7.179531166912057e-05,1.7505380912739403,2.700401910828308,298090496
M3,G0,3,32,9401100,240,24,2057,16456,2297,240,6144,5.673749910783954e-05,0.00019717187387868762,3.4751597616935492,5.238048113332459,298090496
M3,G1,3,32,9401100,240,24,5760,46080,37904,240,6144,5.673749910783954e-05,0.0006475499976659194,11.41308672127295,11.444481348766036,298090496
M3,G3,3,32,9401100,240,24,240,1920,1504,240,6144,5.673749910783954e-05,0.00012006874021608382,2.1162148861702943,3.163306923589139,298090496
M3,G0,3,32,9401101,240,24,2057,16456,2297,240,6144,5.4475000069942325e-05,0.00020365937598398887,3.738584226204747,5.6009063459038995,298090496
M3,G1,3,32,9401101,240,24,5760,46080,37904,240,6144,5.4475000069942325e-05,0.0006328187519102357,11.616681984354988,11.652879723178362,298090496
M3,G3,3,32,9401101,240,24,240,1920,1504,240,6144,5.4475000069942325e-05,0.00011373126471880823,2.0877698866045846,3.176284999559903,298090496
M3,G0,3,32,9401102,240,24,2057,16456,2297,240,6144,5.528124893316999e-05,0.00020254374976502731,3.6638779635728618,5.528829935835348,298090496
M3,G1,3,32,9401102,240,24,5760,46080,37904,240,6144,5.528124893316999e-05,0.000685124996380182,12.393442796642237,12.452572370649019,298090496
M3,G3,3,32,9401102,240,24,240,1920,1504,240,6144,5.528124893316999e-05,0.0001197749879793264,2.16664764799586,3.2726965461172495,298090496
M3,G0,3,32,9401103,240,24,2057,16456,2297,240,6144,7.055000241962261e-05,0.0002127906227542553,3.016167476346822,4.49078652892848,298090496
M3,G1,3,32,9401103,240,24,5760,46080,37904,240,6144,7.055000241962261e-05,0.0006579468717973214,9.325965261970303,9.357326030492914,298090496
M3,G3,3,32,9401103,240,24,240,1920,1504,240,6144,7.055000241962261e-05,0.00011219687439734116,1.590317087872062,2.4179659011819794,298090496
M3,G0,3,32,9401104,240,24,2057,16456,2297,240,6144,5.781875006505288e-05,0.0001989906231756322,3.4416278966899907,5.1018268497323085,298090496
M3,G1,3,32,9401104,240,24,5760,46080,37904,240,6144,5.781875006505288e-05,0.0006657250014541205,11.513998498845128,11.5458328228916,298090496
M3,G3,3,32,9401104,240,24,240,1920,1504,240,6144,5.781875006505288e-05,0.00012256249829079024,2.1197708036388376,3.1984109830827814,298090496
M3,G0,3,128,9401100,240,24,8201,65608,8441,240,24576,5.978671924822265e-05,0.000227953125431668,3.812771938283679,5.623126425955333,298090496
M3,G1,3,128,9401100,240,24,5760,46080,37904,240,24576,5.978671924822265e-05,0.000636657031463983,10.648803605039921,10.678936746458682,298090496
M3,G3,3,128,9401100,240,24,240,1920,1504,240,24576,5.978671924822265e-05,0.0001088531234927359,1.820690696219661,2.8034941573206105,298090496
M3,G0,3,128,9401101,240,24,8201,65608,8441,240,24576,5.430624969449127e-05,0.00020008515548397554,3.6843854364753126,5.493181056893099,298291200
M3,G1,3,128,9401101,240,24,5760,46080,37904,240,24576,5.430624969449127e-05,0.0006494625004052068,11.95925890774754,11.984448793997249,298291200
M3,G3,3,128,9401101,240,24,240,1920,1504,240,24576,5.430624969449127e-05,0.0001095070319934166,2.0164720010950195,3.082302343782828,298291200
M3,G0,3,128,9401102,240,24,8201,65608,8441,240,24576,6.144453163869912e-05,0.00022996015650278423,3.742565048017231,5.485473396081767,298291200
M3,G1,3,128,9401102,240,24,5760,46080,37904,240,24576,6.144453163869912e-05,0.0006273125027291826,10.209411415451125,10.2352095266333,298291200
M3,G3,3,128,9401102,240,24,240,1920,1504,240,24576,6.144453163869912e-05,0.00011156797245348571,1.8157510437139983,2.780073475653724,298291200
M3,G0,3,128,9401103,240,24,8201,65608,8441,240,24576,5.6133593716367614e-05,0.00020829921868426027,3.7107764690206126,5.500062630085425,298508288
M3,G1,3,128,9401103,240,24,5760,46080,37904,240,24576,5.6133593716367614e-05,0.0006407640621546307,11.41498378657689,11.44794088627266,298536960
M3,G3,3,128,9401103,240,24,240,1920,1504,240,24576,5.6133593716367614e-05,0.0001178289066956495,2.099080049836406,3.187888830472308,298536960
M3,G0,3,128,9401104,240,24,8201,65608,8441,240,24576,5.6165625210269354e-05,0.0002083992194457096,3.7104406594873223,5.469342896623448,298536960
M3,G1,3,128,9401104,240,24,5760,46080,37904,240,24576,5.6165625210269354e-05,0.0006631359374296153,11.806793478164064,11.836309973071225,298536960
M3,G3,3,128,9401104,240,24,240,1920,1504,240,24576,5.6165625210269354e-05,0.00011106796773674432,1.9775079031157405,3.014104467869504,298541056
