id,case,n,T,seed,P,N,full_size,slice,min_rank,max_rank,rank_at_1e8,rank_at_1e12,tail_rank_1e8,tail_rank_1e12,condition_number,stable_rank,torch_gesdd_relative_discrepancy,torch_gesvd_relative_discrepancy
independent_n8_T32_s9401100,independent,8,32,9401100,80,8,640,full,8,8,8,8,8,8,1.4319270056316868,5.859179540711389,7.815883559233715e-17,7.815883559233715e-17
independent_n8_T32_s9401100,independent,8,32,9401100,80,8,640,W_layer1_owner0,1,1,1,1,1,1,,1.0,0.0,1.7632137740733542e-16
independent_n8_T32_s9401100,independent,8,32,9401100,80,8,640,W_layer1_owner1,1,1,1,1,1,1,,1.0,0.0,1.7189124834981534e-16
independent_n8_T32_s9401100,independent,8,32,9401100,80,8,640,W_layer1_owner2,1,1,1,1,1,1,,1.0,0.0,1.8104116670489146e-16
independent_n8_T32_s9401100,independent,8,32,9401100,80,8,640,W_layer1_owner3,1,1,1,1,1,1,,1.0,0.0,1.8540866986769001e-16
independent_n8_T32_s9401100,independent,8,32,9401100,80,8,640,W_layer1_owner4,1,1,1,1,1,1,,1.0,0.0,1.8591658314539188e-16
independent_n8_T32_s9401100,independent,8,32,9401100,80,8,640,W_layer1_owner5,1,1,1,1,1,1,,1.0,0.0,1.7007148784990685e-16
independent_n8_T32_s9401100,independent,8,32,9401100,80,8,640,W_layer1_owner6,1,1,1,1,1,1,,1.0,2.131495549099294e-17,2.131495549099294e-17
independent_n8_T32_s9401100,independent,8,32,9401100,80,8,640,W_layer1_owner7,1,1,1,1,1,1,,1.0,1.678629393921863e-16,1.678629393921863e-16
independent_n16_T32_s9401100,independent,16,32,9401100,288,16,4608,full,16,16,16,16,16,16,1.4654134141845818,11.20981570842589,4.544245905773497e-17,4.544245905773497e-17
independent_n16_T32_s9401100,independent,16,32,9401100,288,16,4608,W_layer1_owner0,1,1,1,1,1,1,,1.0,0.0,1.6115155610016354e-16
independent_n16_T32_s9401100,independent,16,32,9401100,288,16,4608,W_layer1_owner1,1,1,1,1,1,1,,1.0,1.5301411060136787e-16,1.5301411060136787e-16
independent_n16_T32_s9401100,independent,16,32,9401100,288,16,4608,W_layer1_owner2,1,1,1,1,1,1,,1.0,3.4218168084133915e-16,1.7109084042066958e-16
independent_n16_T32_s9401100,independent,16,32,9401100,288,16,4608,W_layer1_owner3,1,1,1,1,1,1,,1.0,0.0,1.7816609200227707e-16
independent_n16_T32_s9401100,independent,16,32,9401100,288,16,4608,W_layer1_owner4,1,1,1,1,1,1,,1.0,0.0,0.0
independent_n16_T32_s9401100,independent,16,32,9401100,288,16,4608,W_layer1_owner5,1,1,1,1,1,1,,1.0,0.0,0.0
independent_n16_T32_s9401100,independent,16,32,9401100,288,16,4608,W_layer1_owner6,1,1,1,1,1,1,,1.0,0.0,0.0
independent_n16_T32_s9401100,independent,16,32,9401100,288,16,4608,W_layer1_owner7,1,1,1,1,1,1,,1.0,0.0,1.458468506270312e-16
independent_n16_T32_s9401100,independent,16,32,9401100,288,16,4608,W_layer1_owner8,1,1,1,1,1,1,,1.0,0.0,1.7537865783715905e-16
independent_n16_T32_s9401100,independent,16,32,9401100,288,16,4608,W_layer1_owner9,1,1,1,1,1,1,,1.0,0.0,0.0
independent_n16_T32_s9401100,independent,16,32,9401100,288,16,4608,W_layer1_owner10,1,1,1,1,1,1,,1.0,0.0,1.5730079348658312e-16
independent_n16_T32_s9401100,independent,16,32,9401100,288,16,4608,W_layer1_owner11,1,1,1,1,1,1,,1.0,0.0,0.0
independent_n16_T32_s9401100,independent,16,32,9401100,288,16,4608,W_layer1_owner12,1,1,1,1,1,1,,1.0,0.0,0.0
independent_n16_T32_s9401100,independent,16,32,9401100,288,16,4608,W_layer1_owner13,1,1,1,1,1,1,,1.0,1.8219496472766757e-16,0.0
independent_n16_T32_s9401100,independent,16,32,9401100,288,16,4608,W_layer1_owner14,1,1,1,1,1,1,,1.0,0.0,0.0
independent_n16_T32_s9401100,independent,16,32,9401100,288,16,4608,W_layer1_owner15,1,1,1,1,1,1,,1.0,1.5607458390811332e-16,1.5607458390811332e-16
shared_linear_n8_T32_s9401100,shared_linear,8,32,9401100,80,8,640,full,8,8,8,8,8,8,1.006410631119995,7.923235712003276,0.0,0.0
shared_linear_n8_T32_s9401100,shared_linear,8,32,9401100,80,8,640,W_layer1_owner0,1,1,1,1,1,1,,1.0,0.0,1.7743023421864615e-16
shared_linear_n8_T32_s9401100,shared_linear,8,32,9401100,80,8,640,W_layer1_owner1,1,1,1,1,1,1,,1.0,0.0,1.7743023421864615e-16
shared_linear_n8_T32_s9401100,shared_linear,8,32,9401100,80,8,640,W_layer1_owner2,1,1,1,1,1,1,,1.0,0.0,1.7743023421864615e-16
shared_linear_n8_T32_s9401100,shared_linear,8,32,9401100,80,8,640,W_layer1_owner3,1,1,1,1,1,1,,1.0,0.0,1.7743023421864615e-16
shared_linear_n8_T32_s9401100,shared_linear,8,32,9401100,80,8,640,W_layer1_owner4,1,1,1,1,1,1,,1.0,0.0,1.7743023421864615e-16
shared_linear_n8_T32_s9401100,shared_linear,8,32,9401100,80,8,640,W_layer1_owner5,1,1,1,1,1,1,,1.0,0.0,1.7743023421864615e-16
shared_linear_n8_T32_s9401100,shared_linear,8,32,9401100,80,8,640,W_layer1_owner6,1,1,1,1,1,1,,1.0,0.0,1.7743023421864615e-16
shared_linear_n8_T32_s9401100,shared_linear,8,32,9401100,80,8,640,W_layer1_owner7,1,1,1,1,1,1,,1.0,0.0,1.7743023421864615e-16
shared_linear_n16_T32_s9401100,shared_linear,16,32,9401100,288,16,4608,full,16,16,16,16,16,16,1.0044473925583495,15.921516937654783,6.592509382397378e-17,6.592509382397378e-17
shared_linear_n16_T32_s9401100,shared_linear,16,32,9401100,288,16,4608,W_layer1_owner0,1,1,1,1,1,1,,1.0,0.0,0.0
shared_linear_n16_T32_s9401100,shared_linear,16,32,9401100,288,16,4608,W_layer1_owner1,1,1,1,1,1,1,,1.0,0.0,0.0
shared_linear_n16_T32_s9401100,shared_linear,16,32,9401100,288,16,4608,W_layer1_owner2,1,1,1,1,1,1,,1.0,0.0,0.0
shared_linear_n16_T32_s9401100,shared_linear,16,32,9401100,288,16,4608,W_layer1_owner3,1,1,1,1,1,1,,1.0,0.0,0.0
shared_linear_n16_T32_s9401100,shared_linear,16,32,9401100,288,16,4608,W_layer1_owner4,1,1,1,1,1,1,,1.0,0.0,0.0
shared_linear_n16_T32_s9401100,shared_linear,16,32,9401100,288,16,4608,W_layer1_owner5,1,1,1,1,1,1,,1.0,0.0,0.0
shared_linear_n16_T32_s9401100,shared_linear,16,32,9401100,288,16,4608,W_layer1_owner6,1,1,1,1,1,1,,1.0,0.0,0.0
shared_linear_n16_T32_s9401100,shared_linear,16,32,9401100,288,16,4608,W_layer1_owner7,1,1,1,1,1,1,,1.0,0.0,0.0
shared_linear_n16_T32_s9401100,shared_linear,16,32,9401100,288,16,4608,W_layer1_owner8,1,1,1,1,1,1,,1.0,0.0,0.0
shared_linear_n16_T32_s9401100,shared_linear,16,32,9401100,288,16,4608,W_layer1_owner9,1,1,1,1,1,1,,1.0,0.0,0.0
shared_linear_n16_T32_s9401100,shared_linear,16,32,9401100,288,16,4608,W_layer1_owner10,1,1,1,1,1,1,,1.0,0.0,0.0
shared_linear_n16_T32_s9401100,shared_linear,16,32,9401100,288,16,4608,W_layer1_owner11,1,1,1,1,1,1,,1.0,0.0,0.0
shared_linear_n16_T32_s9401100,shared_linear,16,32,9401100,288,16,4608,W_layer1_owner12,1,1,1,1,1,1,,1.0,0.0,0.0
shared_linear_n16_T32_s9401100,shared_linear,16,32,9401100,288,16,4608,W_layer1_owner13,1,1,1,1,1,1,,1.0,0.0,0.0
shared_linear_n16_T32_s9401100,shared_linear,16,32,9401100,288,16,4608,W_layer1_owner14,1,1,1,1,1,1,,1.0,0.0,0.0
shared_linear_n16_T32_s9401100,shared_linear,16,32,9401100,288,16,4608,W_layer1_owner15,1,1,1,1,1,1,,1.0,0.0,0.0
rank1_feedback_n8_T32_s9401100,rank1_feedback,8,32,9401100,96,8,768,full,8,8,8,8,8,8,1.4659802287003687,5.999879431370312,1.7930790997005285e-16,3.88213012833897e-16
rank1_feedback_n8_T32_s9401100,rank1_feedback,8,32,9401100,96,8,768,W_layer1_owner0,6,8,8,8,8,8,22601395.962242916,1.0140723896890256,8.715820663100472e-18,1.9538158982453544e-16
rank1_feedback_n8_T32_s9401100,rank1_feedback,8,32,9401100,96,8,768,W_layer1_owner1,5,8,6,8,6,8,6519870180.127847,1.0004873768463614,1.7112132413913361e-16,1.7078970709133612e-16
rank1_feedback_n8_T32_s9401100,rank1_feedback,8,32,9401100,96,8,768,W_layer1_owner2,5,8,7,8,7,8,2405593701.852389,1.0006529754337787,2.0874070714978752e-17,1.8164164967554262e-16
rank1_feedback_n8_T32_s9401100,rank1_feedback,8,32,9401100,96,8,768,W_layer1_owner3,6,8,7,8,7,8,612275510.4152806,1.0128325999560592,2.550644054764253e-17,1.8366862295531389e-16
rank1_feedback_n8_T32_s9401100,rank1_feedback,8,32,9401100,96,8,768,W_layer1_owner4,6,8,7,8,7,8,2584862690.0787444,1.0002655203982835,7.849539701090901e-18,9.71693843759002e-18
rank1_feedback_n8_T32_s9401100,rank1_feedback,8,32,9401100,96,8,768,W_layer1_owner5,6,8,7,8,7,8,2208614867.580139,1.003328042259511,3.7195636211773516e-17,1.7582768144637508e-16
rank1_feedback_n8_T32_s9401100,rank1_feedback,8,32,9401100,96,8,768,W_layer1_owner6,5,8,7,8,7,8,3767655537.3481436,1.0011239820930877,1.970001344790567e-17,3.5186235203674324e-16
rank1_feedback_n8_T32_s9401100,rank1_feedback,8,32,9401100,96,8,768,W_layer1_owner7,5,8,6,8,6,8,8570953242.000506,1.0002652313633207,1.0021772801654619e-17,1.1321515492547852e-17
rank1_feedback_n16_T32_s9401100,rank1_feedback,16,32,9401100,320,16,5120,full,16,16,16,16,16,16,1.5147451313549543,10.840014855342355,3.022103796324614e-16,5.898128392537735e-16
rank1_feedback_n16_T32_s9401100,rank1_feedback,16,32,9401100,320,16,5120,W_layer1_owner0,8,16,11,15,11,15,2055314029238.7092,1.0014154784046672,1.0063426497304043e-17,5.1237038401590215e-18
rank1_feedback_n16_T32_s9401100,rank1_feedback,16,32,9401100,320,16,5120,W_layer1_owner1,8,16,11,16,11,16,443296497230.8866,1.0019938374601376,1.4872865786393782e-16,1.4870598766115907e-16
rank1_feedback_n16_T32_s9401100,rank1_feedback,16,32,9401100,320,16,5120,W_layer1_owner2,8,16,11,16,11,16,229042696824.2355,1.0021020641868816,1.7106182499536017e-16,6.149237773209593e-18
rank1_feedback_n16_T32_s9401100,rank1_feedback,16,32,9401100,320,16,5120,W_layer1_owner3,8,16,11,16,11,16,282031985129.03217,1.0032185584169768,1.1473593765327658e-17,1.7537444097073478e-16
rank1_feedback_n16_T32_s9401100,rank1_feedback,16,32,9401100,320,16,5120,W_layer1_owner4,8,16,11,16,11,16,118005586031.42937,1.0065470779320367,1.9226505354478244e-16,6.704635920481389e-17
rank1_feedback_n16_T32_s9401100,rank1_feedback,16,32,9401100,320,16,5120,W_layer1_owner5,8,16,11,16,11,16,280276370938.70386,1.0041764532547082,2.842794487270887e-17,1.5145998018061217e-16
rank1_feedback_n16_T32_s9401100,rank1_feedback,16,32,9401100,320,16,5120,W_layer1_owner6,6,16,10,15,10,15,2714614533253.0938,1.0001060268352389,1.5891125195360291e-16,1.9065890814416863e-17
rank1_feedback_n16_T32_s9401100,rank1_feedback,16,32,9401100,320,16,5120,W_layer1_owner7,8,16,11,16,11,16,358435468651.3855,1.0040087384042562,5.60791434957575e-18,1.4739195301005134e-16
rank1_feedback_n16_T32_s9401100,rank1_feedback,16,32,9401100,320,16,5120,W_layer1_owner8,8,16,11,16,11,16,449385342058.08167,1.0040705340928957,1.5604268450319016e-17,1.905910206149377e-17
rank1_feedback_n16_T32_s9401100,rank1_feedback,16,32,9401100,320,16,5120,W_layer1_owner9,7,16,11,15,11,15,1319732894778.156,1.0009124789934893,3.517553382825333e-16,1.7622315734396507e-16
rank1_feedback_n16_T32_s9401100,rank1_feedback,16,32,9401100,320,16,5120,W_layer1_owner10,7,16,11,15,11,15,17616369525306.18,1.0026671818611426,2.859532928007372e-18,2.927774745316285e-17
rank1_feedback_n16_T32_s9401100,rank1_feedback,16,32,9401100,320,16,5120,W_layer1_owner11,8,16,11,15,11,15,1052302969008.9196,1.0027322561532805,1.543964374515949e-16,1.5780536596782713e-16
rank1_feedback_n16_T32_s9401100,rank1_feedback,16,32,9401100,320,16,5120,W_layer1_owner12,8,16,11,16,11,16,255553050110.4551,1.0064334800868748,6.144045890155829e-18,3.390501022899693e-17
rank1_feedback_n16_T32_s9401100,rank1_feedback,16,32,9401100,320,16,5120,W_layer1_owner13,8,16,11,16,11,16,224339593934.08078,1.002117448928757,1.8655200885142548e-16,1.8679980217588812e-16
rank1_feedback_n16_T32_s9401100,rank1_feedback,16,32,9401100,320,16,5120,W_layer1_owner14,6,16,10,15,10,15,54211840246212.93,1.0001855660732397,1.5852693199866908e-16,1.5853084301054267e-16
rank1_feedback_n16_T32_s9401100,rank1_feedback,16,32,9401100,320,16,5120,W_layer1_owner15,6,16,10,15,10,15,1452141628084.3567,1.0000453754944354,3.2882930826902906e-19,3.09728774936127e-16
full_feedback_n8_T32_s9401100,full_feedback,8,32,9401100,136,8,1088,full,8,8,8,8,8,8,1.8848444183932567,3.693062960560225,4.681797048443525e-16,4.714499171531158e-16
full_feedback_n8_T32_s9401100,full_feedback,8,32,9401100,136,8,1088,W_layer1_owner0,8,8,8,8,8,8,12338.27441285663,1.0683619083775033,5.626091183534011e-16,4.0248103171159214e-16
full_feedback_n8_T32_s9401100,full_feedback,8,32,9401100,136,8,1088,W_layer1_owner1,8,8,8,8,8,8,23414.420905379695,1.1135664551567337,1.3855814746346074e-16,2.9436820388823315e-16
full_feedback_n8_T32_s9401100,full_feedback,8,32,9401100,136,8,1088,W_layer1_owner2,8,8,8,8,8,8,20490.874579234292,1.1037253602242343,1.929046740062013e-16,1.9328572746866688e-16
full_feedback_n8_T32_s9401100,full_feedback,8,32,9401100,136,8,1088,W_layer1_owner3,8,8,8,8,8,8,16135.566426154159,1.088818626544227,1.989559290514977e-16,2.182575309905341e-16
full_feedback_n8_T32_s9401100,full_feedback,8,32,9401100,136,8,1088,W_layer1_owner4,8,8,8,8,8,8,13688.312561584678,1.1099499672606574,6.876296205255402e-17,1.8716832935127708e-16
full_feedback_n8_T32_s9401100,full_feedback,8,32,9401100,136,8,1088,W_layer1_owner5,8,8,8,8,8,8,26548.371770610298,1.1277999789300523,2.3476579340522325e-16,1.9091062639157718e-16
full_feedback_n8_T32_s9401100,full_feedback,8,32,9401100,136,8,1088,W_layer1_owner6,8,8,8,8,8,8,41698.84439818714,1.1135222733199084,5.860087841298013e-17,1.4017045890251525e-16
full_feedback_n8_T32_s9401100,full_feedback,8,32,9401100,136,8,1088,W_layer1_owner7,8,8,8,8,8,8,111644.3049430954,1.1022314629630163,7.154682371339798e-17,2.953272338833162e-16
full_feedback_n16_T32_s9401100,full_feedback,16,32,9401100,528,16,8448,full,16,16,16,16,16,16,1.838310938746764,7.183028914473051,2.0348409178809236e-16,4.854431926510428e-16
full_feedback_n16_T32_s9401100,full_feedback,16,32,9401100,528,16,8448,W_layer1_owner0,13,16,15,16,15,16,834396904.1810797,1.369736565783534,1.9684328228633918e-16,4.392213589818885e-16
full_feedback_n16_T32_s9401100,full_feedback,16,32,9401100,528,16,8448,W_layer1_owner1,13,16,15,16,15,16,6128099183.545284,1.389550187410356,8.987141578619057e-17,2.329553761744707e-16
full_feedback_n16_T32_s9401100,full_feedback,16,32,9401100,528,16,8448,W_layer1_owner2,13,16,15,16,15,16,1447076928.5134652,1.4294445458762925,8.032197533583159e-17,4.6392466320298237e-17
full_feedback_n16_T32_s9401100,full_feedback,16,32,9401100,528,16,8448,W_layer1_owner3,14,16,15,16,15,16,7160177351.562028,1.4169128491398526,2.1594250187420503e-17,3.507997000360464e-16
full_feedback_n16_T32_s9401100,full_feedback,16,32,9401100,528,16,8448,W_layer1_owner4,13,16,15,16,15,16,9017997107.370712,1.389184371397651,1.787140827939575e-16,4.414352450767468e-16
full_feedback_n16_T32_s9401100,full_feedback,16,32,9401100,528,16,8448,W_layer1_owner5,13,16,15,16,15,16,1312089302.1520987,1.4222519771546511,9.387018555203155e-17,1.8783860810761857e-16
full_feedback_n16_T32_s9401100,full_feedback,16,32,9401100,528,16,8448,W_layer1_owner6,13,16,15,16,15,16,4054023030.974588,1.3784612650648445,2.0739892475373984e-16,5.74414079825257e-16
full_feedback_n16_T32_s9401100,full_feedback,16,32,9401100,528,16,8448,W_layer1_owner7,13,16,15,16,15,16,851048624.3342202,1.2516790491538043,6.489446613364161e-17,3.6975639290259455e-16
full_feedback_n16_T32_s9401100,full_feedback,16,32,9401100,528,16,8448,W_layer1_owner8,13,16,15,16,15,16,410731782.567166,1.4070470538597493,2.918718166816858e-17,1.3087923027103834e-16
full_feedback_n16_T32_s9401100,full_feedback,16,32,9401100,528,16,8448,W_layer1_owner9,14,16,15,16,15,16,4928858782.125459,1.4108317489961215,2.1589090420915065e-16,2.1925542433733125e-16
full_feedback_n16_T32_s9401100,full_feedback,16,32,9401100,528,16,8448,W_layer1_owner10,13,16,15,16,15,16,891129338.3632314,1.190634714868155,1.6664683270099504e-17,2.8924005626534126e-16
full_feedback_n16_T32_s9401100,full_feedback,16,32,9401100,528,16,8448,W_layer1_owner11,14,16,15,16,15,16,470589065.9622546,1.3644674187435675,2.702023682159539e-17,3.147244880952628e-16
full_feedback_n16_T32_s9401100,full_feedback,16,32,9401100,528,16,8448,W_layer1_owner12,13,16,15,16,15,16,515122873.00102574,1.3898234764686686,1.7657770080426302e-16,4.305783075704998e-16
full_feedback_n16_T32_s9401100,full_feedback,16,32,9401100,528,16,8448,W_layer1_owner13,13,16,15,16,15,16,835464694.3129007,1.4068113746555746,5.136324674284813e-17,2.586449537995837e-16
full_feedback_n16_T32_s9401100,full_feedback,16,32,9401100,528,16,8448,W_layer1_owner14,13,16,15,16,15,16,1184473512.0279489,1.218497027265367,1.9434107153596708e-16,5.325175909338543e-16
full_feedback_n16_T32_s9401100,full_feedback,16,32,9401100,528,16,8448,W_layer1_owner15,13,16,15,16,15,16,415007135.5075418,1.3175721021576867,2.840445708113331e-17,5.261999595908967e-16
deep3_n8_T32_s9401100,deep3,8,32,9401100,408,24,9792,full,24,24,24,24,24,24,3.5869248418555926,6.9218787264180675,3.342114979326732e-16,7.314312490653755e-16
deep3_n8_T32_s9401100,deep3,8,32,9401100,408,24,9792,W_layer1_owner0,8,8,8,8,8,8,9065.840262410666,1.0939595609080306,3.113514303485993e-17,1.8559685158320535e-16
deep3_n8_T32_s9401100,deep3,8,32,9401100,408,24,9792,W_layer1_owner1,8,8,8,8,8,8,10631.62603458383,1.1312465100152367,4.777701481344123e-17,2.290063598850869e-16
deep3_n8_T32_s9401100,deep3,8,32,9401100,408,24,9792,W_layer1_owner2,8,8,8,8,8,8,6746.6664705812445,1.1170301108735543,9.288004076709873e-17,4.3742082304740943e-16
deep3_n8_T32_s9401100,deep3,8,32,9401100,408,24,9792,W_layer1_owner3,8,8,8,8,8,8,9091.02850789912,1.1216605775816488,3.348154710222026e-16,1.5747184145927381e-16
deep3_n8_T32_s9401100,deep3,8,32,9401100,408,24,9792,W_layer1_owner4,8,8,8,8,8,8,6739.338190828472,1.1523679397864646,3.5880674248474185e-16,1.8393342975699767e-16
deep3_n8_T32_s9401100,deep3,8,32,9401100,408,24,9792,W_layer1_owner5,8,8,8,8,8,8,10476.306452876857,1.1637319154738441,3.3491315547950035e-16,2.301334241111001e-16
deep3_n8_T32_s9401100,deep3,8,32,9401100,408,24,9792,W_layer1_owner6,8,8,8,8,8,8,11947.46103975443,1.1177976510055823,8.010707995552406e-17,2.1686638147010348e-16
deep3_n8_T32_s9401100,deep3,8,32,9401100,408,24,9792,W_layer1_owner7,8,8,8,8,8,8,11766.462572893812,1.1218992434387547,2.1090882389530054e-16,1.9362565281120313e-16
deep3_n8_T32_s9401100,deep3,8,32,9401100,408,24,9792,W_layer2_owner0,8,8,8,8,8,8,2448.861339391327,1.496934285000938,2.0262944653061777e-16,5.194224828775831e-16
deep3_n8_T32_s9401100,deep3,8,32,9401100,408,24,9792,W_layer2_owner1,8,8,8,8,8,8,2082.569434768699,1.3525042928699864,1.9045813148054944e-16,3.9643211681554753e-16
deep3_n8_T32_s9401100,deep3,8,32,9401100,408,24,9792,W_layer2_owner2,8,8,8,8,8,8,3309.1611375273933,1.3229718981586698,1.9730464894816777e-16,1.9098601546281528e-16
deep3_n8_T32_s9401100,deep3,8,32,9401100,408,24,9792,W_layer2_owner3,8,8,8,8,8,8,5028.54919701036,1.3463070100977401,7.008267176221723e-17,7.052369051812033e-17
deep3_n8_T32_s9401100,deep3,8,32,9401100,408,24,9792,W_layer2_owner4,8,8,8,8,8,8,3239.984842356693,1.2530368723903986,2.8728211345415514e-16,4.308598484316887e-16
deep3_n8_T32_s9401100,deep3,8,32,9401100,408,24,9792,W_layer2_owner5,8,8,8,8,8,8,2474.2165930608267,1.4985361142279956,2.0088397976125753e-16,3.9718394507327695e-16
deep3_n8_T32_s9401100,deep3,8,32,9401100,408,24,9792,W_layer2_owner6,8,8,8,8,8,8,2331.976175547932,1.4315926894671602,7.49993934948346e-17,1.996869951918422e-16
deep3_n8_T32_s9401100,deep3,8,32,9401100,408,24,9792,W_layer2_owner7,8,8,8,8,8,8,2222.971609934756,1.3862311773292413,2.053218347581251e-16,4.63250412895487e-16
deep3_n8_T32_s9401100,deep3,8,32,9401100,408,24,9792,W_layer3_owner0,8,8,8,8,8,8,28977.9650460254,1.6184864514149109,2.1456260058936314e-16,2.6140601259687475e-16
deep3_n8_T32_s9401100,deep3,8,32,9401100,408,24,9792,W_layer3_owner1,8,8,8,8,8,8,39609.1181525218,1.7143373394608403,3.7681111634597582e-16,7.452492306574867e-16
deep3_n8_T32_s9401100,deep3,8,32,9401100,408,24,9792,W_layer3_owner2,8,8,8,8,8,8,12032.496455241006,1.8892129710868122,3.2559448495707967e-16,2.67760911851083e-16
deep3_n8_T32_s9401100,deep3,8,32,9401100,408,24,9792,W_layer3_owner3,8,8,8,8,8,8,29105.859178125225,1.516814259558525,2.4269912818331426e-16,4.428260833544566e-16
deep3_n8_T32_s9401100,deep3,8,32,9401100,408,24,9792,W_layer3_owner4,8,8,8,8,8,8,19568.20815921398,1.5698819777185298,1.9689802310675282e-16,7.494625905489498e-16
deep3_n8_T32_s9401100,deep3,8,32,9401100,408,24,9792,W_layer3_owner5,8,8,8,8,8,8,67799.17461922126,1.5440277785507488,3.6343833797727643e-16,5.474657768855957e-16
deep3_n8_T32_s9401100,deep3,8,32,9401100,408,24,9792,W_layer3_owner6,8,8,8,8,8,8,51951.5648652676,1.8222985028220169,1.1508430111297812e-16,4.11234522845921e-16
deep3_n8_T32_s9401100,deep3,8,32,9401100,408,24,9792,W_layer3_owner7,8,8,8,8,8,8,23074.70796072978,1.4080461866515679,4.347085904254554e-17,3.1224335490911327e-16
deep3_n16_T32_s9401100,deep3,16,32,9401100,1584,48,76032,full,48,48,48,48,48,48,3.5042039556945297,13.880433283820151,2.9827656299671856e-16,1.2308070691960582e-15
deep3_n16_T32_s9401100,deep3,16,32,9401100,1584,48,76032,W_layer1_owner0,14,16,16,16,16,16,10528852.53545607,1.4089922976985063,4.828336255289344e-17,1.2722444757970243e-16
deep3_n16_T32_s9401100,deep3,16,32,9401100,1584,48,76032,W_layer1_owner1,14,16,16,16,16,16,11278869.913685318,1.4587643215706592,8.714453532016697e-17,8.959588381126226e-16
deep3_n16_T32_s9401100,deep3,16,32,9401100,1584,48,76032,W_layer1_owner2,14,16,16,16,16,16,9774166.239470774,1.4929580418619255,1.8768092963903426e-16,4.587199694838696e-16
deep3_n16_T32_s9401100,deep3,16,32,9401100,1584,48,76032,W_layer1_owner3,14,16,16,16,16,16,12096451.639518987,1.4859137156486089,3.042219924986625e-16,6.396327823794097e-16
deep3_n16_T32_s9401100,deep3,16,32,9401100,1584,48,76032,W_layer1_owner4,15,16,16,16,16,16,8208531.230062699,1.4931837017645906,3.6284304707289595e-17,1.6817759322881892e-16
deep3_n16_T32_s9401100,deep3,16,32,9401100,1584,48,76032,W_layer1_owner5,14,16,16,16,16,16,13924449.942239664,1.5469855023979862,1.0862854210161991e-16,2.97593234938625e-16
deep3_n16_T32_s9401100,deep3,16,32,9401100,1584,48,76032,W_layer1_owner6,14,16,16,16,16,16,8907652.740011135,1.4059026169513897,1.0586818693059961e-16,7.864432600381069e-16
deep3_n16_T32_s9401100,deep3,16,32,9401100,1584,48,76032,W_layer1_owner7,14,16,16,16,16,16,13106695.221562512,1.3052922957227076,3.307504295147185e-16,2.273247500907473e-16
deep3_n16_T32_s9401100,deep3,16,32,9401100,1584,48,76032,W_layer1_owner8,14,16,16,16,16,16,7501932.399223689,1.4922679117064175,1.6703183639203812e-16,3.887371610395275e-16
deep3_n16_T32_s9401100,deep3,16,32,9401100,1584,48,76032,W_layer1_owner9,14,16,16,16,16,16,11633207.442558369,1.4488873646874987,2.129553475028169e-16,5.629527280007347e-16
deep3_n16_T32_s9401100,deep3,16,32,9401100,1584,48,76032,W_layer1_owner10,14,16,16,16,16,16,15020414.104517931,1.2241586096345338,3.1309654553145414e-16,4.777800316400161e-16
deep3_n16_T32_s9401100,deep3,16,32,9401100,1584,48,76032,W_layer1_owner11,14,16,16,16,16,16,8752716.904998358,1.4086639447344549,2.703700217838508e-17,4.946879790377828e-16
deep3_n16_T32_s9401100,deep3,16,32,9401100,1584,48,76032,W_layer1_owner12,14,16,16,16,16,16,10182497.785617404,1.461857318539913,1.6921468996146517e-16,3.311146628263973e-16
deep3_n16_T32_s9401100,deep3,16,32,9401100,1584,48,76032,W_layer1_owner13,14,16,16,16,16,16,11980337.318284674,1.493196449915784,2.311562464665965e-16,3.4285963613535335e-16
deep3_n16_T32_s9401100,deep3,16,32,9401100,1584,48,76032,W_layer1_owner14,14,16,16,16,16,16,8867033.252846861,1.2728782965757108,2.26493563519188e-16,5.064316098267842e-16
deep3_n16_T32_s9401100,deep3,16,32,9401100,1584,48,76032,W_layer1_owner15,14,16,16,16,16,16,7477285.450859527,1.37021463963639,8.580327254773296e-17,4.0948884066931257e-16
deep3_n16_T32_s9401100,deep3,16,32,9401100,1584,48,76032,W_layer2_owner0,14,16,16,16,16,16,26960116.349374,1.172397806229755,8.174848868169943e-17,3.2789229650120543e-16
deep3_n16_T32_s9401100,deep3,16,32,9401100,1584,48,76032,W_layer2_owner1,14,16,16,16,16,16,19071207.785056747,1.1887738536455252,4.941461481852747e-17,7.346941698544323e-16
deep3_n16_T32_s9401100,deep3,16,32,9401100,1584,48,76032,W_layer2_owner2,14,16,16,16,16,16,21954211.74654332,1.1926503939406568,8.285370696053516e-17,3.3620865675518553e-16
deep3_n16_T32_s9401100,deep3,16,32,9401100,1584,48,76032,W_layer2_owner3,14,16,16,16,16,16,22471078.468560882,1.2019672452389685,1.765436572905772e-16,3.9884893208908246e-16
deep3_n16_T32_s9401100,deep3,16,32,9401100,1584,48,76032,W_layer2_owner4,14,16,16,16,16,16,23514810.987876877,1.1776225320982088,1.6108445003154449e-16,2.4641589895297955e-16
deep3_n16_T32_s9401100,deep3,16,32,9401100,1584,48,76032,W_layer2_owner5,14,16,16,16,16,16,21574096.297680903,1.1702536493186797,3.621716764022717e-16,4.897345007732834e-16
deep3_n16_T32_s9401100,deep3,16,32,9401100,1584,48,76032,W_layer2_owner6,14,16,16,16,16,16,24479452.007352404,1.1766104857460737,7.265170754714587e-17,1.6521986867528193e-16
deep3_n16_T32_s9401100,deep3,16,32,9401100,1584,48,76032,W_layer2_owner7,14,16,16,16,16,16,20665957.27785773,1.166353328616866,1.769522994417614e-16,8.379254627765066e-17
deep3_n16_T32_s9401100,deep3,16,32,9401100,1584,48,76032,W_layer2_owner8,14,16,16,16,16,16,21720916.501056008,1.1780168381333456,4.5332039901517296e-17,3.729511603469846e-16
deep3_n16_T32_s9401100,deep3,16,32,9401100,1584,48,76032,W_layer2_owner9,14,16,16,16,16,16,21844804.831244197,1.1580631660203113,2.5733754383580426e-16,2.9526640949826876e-16
deep3_n16_T32_s9401100,deep3,16,32,9401100,1584,48,76032,W_layer2_owner10,14,16,16,16,16,16,27650672.626370363,1.2038443256469662,2.323135111735176e-16,2.3999613528893023e-16
deep3_n16_T32_s9401100,deep3,16,32,9401100,1584,48,76032,W_layer2_owner11,14,16,16,16,16,16,21218889.908583414,1.1557483929774635,9.426009989948447e-17,2.492647507984723e-16
deep3_n16_T32_s9401100,deep3,16,32,9401100,1584,48,76032,W_layer2_owner12,14,16,16,16,16,16,20588872.14430911,1.1740262760578937,1.7782146948646807e-16,5.562696337649198e-16
deep3_n16_T32_s9401100,deep3,16,32,9401100,1584,48,76032,W_layer2_owner13,14,16,16,16,16,16,20189322.48237515,1.1539818598786744,1.3686421311214354e-16,1.8211802213202346e-16
deep3_n16_T32_s9401100,deep3,16,32,9401100,1584,48,76032,W_layer2_owner14,14,16,16,16,16,16,20502702.15259518,1.1770945733415341,2.3839442739549088e-16,3.361960494661449e-16
deep3_n16_T32_s9401100,deep3,16,32,9401100,1584,48,76032,W_layer2_owner15,14,16,16,16,16,16,28458077.229706325,1.1767277322766327,8.258488586857365e-17,6.910607875429094e-16
deep3_n16_T32_s9401100,deep3,16,32,9401100,1584,48,76032,W_layer3_owner0,13,16,15,16,15,16,789070560.4119786,1.1100806432649466,3.448190215255075e-16,2.306668662154772e-16
deep3_n16_T32_s9401100,deep3,16,32,9401100,1584,48,76032,W_layer3_owner1,12,16,15,16,15,16,464070139.1648518,1.1163458537874484,1.6393689703307002e-16,2.8434186279527228e-16
deep3_n16_T32_s9401100,deep3,16,32,9401100,1584,48,76032,W_layer3_owner2,12,16,15,16,15,16,158007129.72082272,1.0890507312584359,8.115160807704426e-17,4.320740000355415e-16
deep3_n16_T32_s9401100,deep3,16,32,9401100,1584,48,76032,W_layer3_owner3,13,16,15,16,15,16,319275140.9921643,1.1053682165975875,1.0930498439572972e-17,4.595862657356745e-16
deep3_n16_T32_s9401100,deep3,16,32,9401100,1584,48,76032,W_layer3_owner4,12,16,15,16,15,16,118442129.32198855,1.0941740433651597,1.1071651202738828e-16,1.491087048949077e-16
deep3_n16_T32_s9401100,deep3,16,32,9401100,1584,48,76032,W_layer3_owner5,13,16,15,16,15,16,123645709.00944391,1.091700058257282,1.6704204086037827e-16,2.1871869769888852e-16
deep3_n16_T32_s9401100,deep3,16,32,9401100,1584,48,76032,W_layer3_owner6,12,16,16,16,16,16,77630235.26894629,1.104719284486318,2.9705771347468055e-16,3.002849833863429e-16
deep3_n16_T32_s9401100,deep3,16,32,9401100,1584,48,76032,W_layer3_owner7,13,16,15,16,15,16,1504097919.7480195,1.1132306253590454,1.7533591184131732e-16,8.071730536633439e-16
deep3_n16_T32_s9401100,deep3,16,32,9401100,1584,48,76032,W_layer3_owner8,13,16,15,16,15,16,105396009.24446012,1.1044390841976275,1.4884249744898004e-16,3.05584837792626e-17
deep3_n16_T32_s9401100,deep3,16,32,9401100,1584,48,76032,W_layer3_owner9,12,16,15,16,15,16,222041766.57645914,1.0858330433845926,2.881015646781207e-16,4.323861758215429e-16
deep3_n16_T32_s9401100,deep3,16,32,9401100,1584,48,76032,W_layer3_owner10,13,16,15,16,15,16,197744610.52361286,1.0934139474350575,1.824185895586546e-16,3.840257386889094e-16
deep3_n16_T32_s9401100,deep3,16,32,9401100,1584,48,76032,W_layer3_owner11,13,16,16,16,16,16,59750224.95444049,1.1041368290222136,1.7829564161824984e-16,1.7687234319372682e-16
deep3_n16_T32_s9401100,deep3,16,32,9401100,1584,48,76032,W_layer3_owner12,12,16,15,16,15,16,187999656.226596,1.109607391168636,3.0883771281743948e-16,1.5584584764812933e-16
deep3_n16_T32_s9401100,deep3,16,32,9401100,1584,48,76032,W_layer3_owner13,12,16,15,16,15,16,117536563.5735201,1.0871632961669844,1.053049425648287e-17,2.870312608156638e-16
deep3_n16_T32_s9401100,deep3,16,32,9401100,1584,48,76032,W_layer3_owner14,13,16,15,16,15,16,100357238.85403156,1.094564887988206,2.824815020297036e-16,1.6277075191739106e-16
deep3_n16_T32_s9401100,deep3,16,32,9401100,1584,48,76032,W_layer3_owner15,12,16,15,16,15,16,504397656.34851635,1.062899516523134,4.7966547592981123e-17,2.6353048440047284e-16
explicit_feedback_n8_T32_s9401100,explicit_feedback,8,32,9401100,144,8,1152,full,8,8,8,8,8,8,1.3069369861605946,5.683031417135814,2.2820934122596507e-16,4.297039819868355e-16
explicit_feedback_n8_T32_s9401100,explicit_feedback,8,32,9401100,144,8,1152,W_layer1_owner0,6,8,8,8,8,8,32651673.370248653,1.006488169868509,1.9588791412754877e-16,1.9640451825815062e-16
explicit_feedback_n8_T32_s9401100,explicit_feedback,8,32,9401100,144,8,1152,W_layer1_owner1,6,8,8,8,8,8,80648912.27360299,1.0162324795747217,2.011447856570819e-17,3.8313550652540423e-16
explicit_feedback_n8_T32_s9401100,explicit_feedback,8,32,9401100,144,8,1152,W_layer1_owner2,6,8,8,8,8,8,29586318.353115235,1.0136794768099064,2.6335834929046274e-17,3.8403103178068035e-16
explicit_feedback_n8_T32_s9401100,explicit_feedback,8,32,9401100,144,8,1152,W_layer1_owner3,6,8,7,8,7,8,334100636.27670974,1.0159620320205354,1.0273463117155759e-17,1.925511109574411e-16
explicit_feedback_n8_T32_s9401100,explicit_feedback,8,32,9401100,144,8,1152,W_layer1_owner4,6,8,8,8,8,8,35761783.76264008,1.0116533187060952,3.746744163998531e-17,1.9616922951992512e-16
explicit_feedback_n8_T32_s9401100,explicit_feedback,8,32,9401100,144,8,1152,W_layer1_owner5,6,8,8,8,8,8,64119852.58866473,1.0156452799481395,5.2403805823552565e-17,1.9771853069984434e-16
explicit_feedback_n8_T32_s9401100,explicit_feedback,8,32,9401100,144,8,1152,W_layer1_owner6,6,8,8,8,8,8,48465498.88090233,1.0157762647801332,2.841463480070363e-17,3.968361310951152e-17
explicit_feedback_n8_T32_s9401100,explicit_feedback,8,32,9401100,144,8,1152,W_layer1_owner7,6,8,8,8,8,8,64444281.035583235,1.0156628336633604,2.0591336440730172e-16,2.2710886397189204e-16
explicit_feedback_n16_T32_s9401100,explicit_feedback,16,32,9401100,544,16,8704,full,16,16,16,16,16,16,1.2665939666592945,12.376051047438619,2.5634814504000703e-16,5.62882890250719e-16
explicit_feedback_n16_T32_s9401100,explicit_feedback,16,32,9401100,544,16,8704,W_layer1_owner0,7,15,9,14,9,14,609075392444182.9,1.0419269606124981,1.9983993078252102e-16,2.017637158483957e-16
explicit_feedback_n16_T32_s9401100,explicit_feedback,16,32,9401100,544,16,8704,W_layer1_owner1,7,15,10,13,10,13,1942509513036352.5,1.0640101272131897,2.270014635557072e-16,4.106087009001536e-17
explicit_feedback_n16_T32_s9401100,explicit_feedback,16,32,9401100,544,16,8704,W_layer1_owner2,7,15,10,14,10,14,489134911905525.2,1.0433096370340584,9.285956482162894e-18,6.097331835686632e-16
explicit_feedback_n16_T32_s9401100,explicit_feedback,16,32,9401100,544,16,8704,W_layer1_owner3,7,15,10,14,10,14,305124725371639.9,1.0439029288683594,3.0102234261566575e-17,2.2309542357772195e-16
explicit_feedback_n16_T32_s9401100,explicit_feedback,16,32,9401100,544,16,8704,W_layer1_owner4,7,15,9,14,9,14,412995399785908.1,1.0537999797665916,5.0591234404715126e-17,4.0894849235166387e-16
explicit_feedback_n16_T32_s9401100,explicit_feedback,16,32,9401100,544,16,8704,W_layer1_owner5,7,15,9,13,9,13,5065315970257056.0,1.0378350264687,7.509025774917582e-17,1.985908736644807e-16
explicit_feedback_n16_T32_s9401100,explicit_feedback,16,32,9401100,544,16,8704,W_layer1_owner6,7,15,9,13,9,13,991492051799115.2,1.0277498036977946,1.0400218125881613e-17,4.048522148413774e-16
explicit_feedback_n16_T32_s9401100,explicit_feedback,16,32,9401100,544,16,8704,W_layer1_owner7,7,15,9,13,9,13,1612756149442180.5,1.0477986510663129,1.0531261010794864e-16,8.202196152463403e-17
explicit_feedback_n16_T32_s9401100,explicit_feedback,16,32,9401100,544,16,8704,W_layer1_owner8,8,15,10,14,10,14,563226179535816.2,1.062238952148339,5.230609925094539e-17,2.0548179987107763e-16
explicit_feedback_n16_T32_s9401100,explicit_feedback,16,32,9401100,544,16,8704,W_layer1_owner9,7,15,9,14,9,14,1669384586141861.5,1.0412939656799707,2.1094093395416155e-16,8.146320266002259e-16
explicit_feedback_n16_T32_s9401100,explicit_feedback,16,32,9401100,544,16,8704,W_layer1_owner10,7,15,10,13,10,13,1057359374155259.9,1.0613267414386849,3.0074629693322563e-17,2.255416966252039e-16
explicit_feedback_n16_T32_s9401100,explicit_feedback,16,32,9401100,544,16,8704,W_layer1_owner11,7,15,9,13,9,13,596575892137984.9,1.0255753892167394,7.990403305427391e-18,4.0545488432545157e-16
explicit_feedback_n16_T32_s9401100,explicit_feedback,16,32,9401100,544,16,8704,W_layer1_owner12,8,15,10,14,10,14,1037896115095292.6,1.0506767219791826,3.9830981161150157e-16,2.040304469280159e-16
explicit_feedback_n16_T32_s9401100,explicit_feedback,16,32,9401100,544,16,8704,W_layer1_owner13,7,15,9,14,9,14,459695707602139.5,1.0461673191238772,2.7036381351997902e-17,4.046019880044191e-16
explicit_feedback_n16_T32_s9401100,explicit_feedback,16,32,9401100,544,16,8704,W_layer1_owner14,7,15,9,13,9,13,597687756442045.0,1.0346356734044917,2.250156346524465e-16,5.755842566442884e-17
explicit_feedback_n16_T32_s9401100,explicit_feedback,16,32,9401100,544,16,8704,W_layer1_owner15,7,15,10,14,9,14,596477436067129.5,1.0337659090869977,4.0413422651299686e-16,2.0707704975839093e-16
block4_n8_T32_s9401100,block4,8,32,9401100,104,8,832,full,8,8,8,8,8,8,1.9142890381796318,3.7268648098574544,1.4430778579306899e-16,1.4430778579306899e-16
block4_n8_T32_s9401100,block4,8,32,9401100,104,8,832,W_layer1_owner0,4,4,4,4,4,4,,1.0867827011117133,3.7313636575064015e-16,1.9189896843958923e-16
block4_n8_T32_s9401100,block4,8,32,9401100,104,8,832,W_layer1_owner1,4,4,4,4,4,4,,1.106411287774563,9.235177453132355e-17,9.3013079743488e-17
block4_n8_T32_s9401100,block4,8,32,9401100,104,8,832,W_layer1_owner2,4,4,4,4,4,4,,1.0347844176607293,2.203972815055568e-17,2.2341806246994163e-16
block4_n8_T32_s9401100,block4,8,32,9401100,104,8,832,W_layer1_owner3,4,4,4,4,4,4,,1.1137099745280201,1.9013799135121922e-16,2.78774842862186e-16
block4_n8_T32_s9401100,block4,8,32,9401100,104,8,832,W_layer1_owner4,4,4,4,4,4,4,7.720634964867691e+19,1.02669894041828,3.7769459600217677e-16,7.477392290734909e-16
block4_n8_T32_s9401100,block4,8,32,9401100,104,8,832,W_layer1_owner5,4,4,4,4,4,4,3.0483672218973e+18,1.107079583472897,1.928495562914007e-16,2.1016307908422847e-16
block4_n8_T32_s9401100,block4,8,32,9401100,104,8,832,W_layer1_owner6,4,4,4,4,4,4,1.4232372436282876e+20,1.1088375609655992,1.920942098041963e-16,1.920942098041963e-16
block4_n8_T32_s9401100,block4,8,32,9401100,104,8,832,W_layer1_owner7,4,4,4,4,4,4,6.430804942658809e+18,1.1064772183441198,6.771014632661031e-17,4.561341574977847e-16
block4_n16_T32_s9401100,block4,16,32,9401100,336,16,5376,full,16,16,16,16,16,16,1.863826931671721,7.687188343373147,1.5542729396052687e-16,2.8865068878383567e-16
block4_n16_T32_s9401100,block4,16,32,9401100,336,16,5376,W_layer1_owner0,4,4,4,4,4,4,,1.2648588582336822,1.5924722960594406e-17,1.7071174268620928e-16
block4_n16_T32_s9401100,block4,16,32,9401100,336,16,5376,W_layer1_owner1,4,4,4,4,4,4,,1.3571995647060675,0.0,1.9580853494213721e-16
block4_n16_T32_s9401100,block4,16,32,9401100,336,16,5376,W_layer1_owner2,4,4,4,4,4,4,,1.1366473618555337,1.864515918486985e-16,1.8217634098014735e-16
block4_n16_T32_s9401100,block4,16,32,9401100,336,16,5376,W_layer1_owner3,4,4,4,4,4,4,,1.3460911871043144,4.2751777986079806e-17,1.9440039237793188e-16
block4_n16_T32_s9401100,block4,16,32,9401100,336,16,5376,W_layer1_owner4,4,4,4,4,4,4,,1.0859966172072675,8.411363058048418e-17,1.8809875774872175e-16
block4_n16_T32_s9401100,block4,16,32,9401100,336,16,5376,W_layer1_owner5,4,4,4,4,4,4,,1.3800919159945721,1.0514176698093922e-16,4.404070083091057e-17
block4_n16_T32_s9401100,block4,16,32,9401100,336,16,5376,W_layer1_owner6,4,4,4,4,4,4,,1.3822348254967776,1.7623673738079466e-16,1.963962194250229e-16
block4_n16_T32_s9401100,block4,16,32,9401100,336,16,5376,W_layer1_owner7,4,4,4,4,4,4,,1.3429599177806495,8.742399933715767e-17,1.7170566990782316e-16
block4_n16_T32_s9401100,block4,16,32,9401100,336,16,5376,W_layer1_owner8,4,4,4,4,4,4,,1.266147609507601,3.5365261518931933e-16,2.5745136912734646e-16
block4_n16_T32_s9401100,block4,16,32,9401100,336,16,5376,W_layer1_owner9,4,4,4,4,4,4,,1.1872675333348726,1.7487346723614196e-16,2.440221113422518e-16
block4_n16_T32_s9401100,block4,16,32,9401100,336,16,5376,W_layer1_owner10,4,4,4,4,4,4,,1.1526525721185004,5.67524928663861e-17,3.527231645323367e-16
block4_n16_T32_s9401100,block4,16,32,9401100,336,16,5376,W_layer1_owner11,4,4,4,4,4,4,,1.2740140796759631,1.3560334751621927e-17,1.908236324124601e-16
block4_n16_T32_s9401100,block4,16,32,9401100,336,16,5376,W_layer1_owner12,4,4,4,4,4,4,5.4463651021921695e+50,1.4053214519945962,9.235476769687257e-17,3.581581987967044e-16
block4_n16_T32_s9401100,block4,16,32,9401100,336,16,5376,W_layer1_owner13,4,4,4,4,4,4,2.2487133578127648e+51,1.3122714406289124,1.185932200977154e-16,4.878649012273466e-16
block4_n16_T32_s9401100,block4,16,32,9401100,336,16,5376,W_layer1_owner14,4,4,4,4,4,4,6.944018512866431e+50,1.2177563712519643,2.830477599584139e-17,9.977947058102931e-17
block4_n16_T32_s9401100,block4,16,32,9401100,336,16,5376,W_layer1_owner15,4,4,4,4,4,4,2.398738614044204e+51,1.1944260893870426,3.36923632038883e-16,4.206129467868966e-16
deep2_n8_T32_s9401100,deep2,8,32,9401100,272,16,4352,full,16,16,16,16,16,16,2.8950215496964637,6.189295217581507,1.8766713392441983e-16,5.031264511079511e-16
deep2_n8_T32_s9401100,deep2,8,32,9401100,272,16,4352,W_layer1_owner0,8,8,8,8,8,8,11673.326552705466,1.0883834380019524,3.591513439854639e-16,1.9818157379552273e-16
deep2_n8_T32_s9401100,deep2,8,32,9401100,272,16,4352,W_layer1_owner1,8,8,8,8,8,8,15897.430268157035,1.1199781607252366,9.719101110806392e-17,3.8500852656042933e-16
deep2_n8_T32_s9401100,deep2,8,32,9401100,272,16,4352,W_layer1_owner2,8,8,8,8,8,8,9776.62693034675,1.1123277663718611,7.374052872467496e-17,4.233574960811148e-16
deep2_n8_T32_s9401100,deep2,8,32,9401100,272,16,4352,W_layer1_owner3,8,8,8,8,8,8,12408.856629285305,1.1151995434837898,1.856688254279937e-16,1.8561709379900318e-16
deep2_n8_T32_s9401100,deep2,8,32,9401100,272,16,4352,W_layer1_owner4,8,8,8,8,8,8,10153.521475323112,1.1442879248425315,9.311717267464371e-17,5.7464229118582e-16
deep2_n8_T32_s9401100,deep2,8,32,9401100,272,16,4352,W_layer1_owner5,8,8,8,8,8,8,17360.55031747883,1.1583187318768196,3.4753734823831554e-16,3.278489944023816e-16
deep2_n8_T32_s9401100,deep2,8,32,9401100,272,16,4352,W_layer1_owner6,8,8,8,8,8,8,14923.618690161891,1.112168619712009,3.490866045662908e-16,6.220902754793058e-17
deep2_n8_T32_s9401100,deep2,8,32,9401100,272,16,4352,W_layer1_owner7,8,8,8,8,8,8,16274.465651997047,1.1159400097462893,5.018610992098251e-17,2.427192621189228e-16
deep2_n8_T32_s9401100,deep2,8,32,9401100,272,16,4352,W_layer2_owner0,8,8,8,8,8,8,4600.727423238914,1.402470092237163,1.6236481133766455e-16,3.595019288168318e-16
deep2_n8_T32_s9401100,deep2,8,32,9401100,272,16,4352,W_layer2_owner1,8,8,8,8,8,8,4181.007183377799,1.2611682355728187,1.088325885220622e-17,3.1160217138493715e-16
deep2_n8_T32_s9401100,deep2,8,32,9401100,272,16,4352,W_layer2_owner2,8,8,8,8,8,8,14354.215077017256,1.3171095727981568,3.595552354408636e-17,2.5726086381102895e-16
deep2_n8_T32_s9401100,deep2,8,32,9401100,272,16,4352,W_layer2_owner3,8,8,8,8,8,8,124128.25714282822,1.3047211314531508,1.4611669488538273e-16,2.6170417029148266e-16
deep2_n8_T32_s9401100,deep2,8,32,9401100,272,16,4352,W_layer2_owner4,8,8,8,8,8,8,7716.532280475387,1.2432131010349,2.221572818157138e-17,5.465791623198783e-16
deep2_n8_T32_s9401100,deep2,8,32,9401100,272,16,4352,W_layer2_owner5,8,8,8,8,8,8,6485.120942407015,1.3743014190114915,1.6413636648704107e-16,2.805965295493046e-16
deep2_n8_T32_s9401100,deep2,8,32,9401100,272,16,4352,W_layer2_owner6,8,8,8,8,8,8,55586.58706395217,1.372415256935143,1.6320716011381474e-16,3.535230716354906e-16
deep2_n8_T32_s9401100,deep2,8,32,9401100,272,16,4352,W_layer2_owner7,8,8,8,8,8,8,11113.920830381392,1.3602311098143902,3.857840860611111e-17,1.4874095657703166e-16
deep2_n16_T32_s9401100,deep2,16,32,9401100,1056,32,33792,full,32,32,32,32,32,32,2.953695203466329,10.767196975795155,3.0121133869453216e-16,9.003893592291982e-16
deep2_n16_T32_s9401100,deep2,16,32,9401100,1056,32,33792,W_layer1_owner0,14,16,16,16,16,16,13509891.77057833,1.3980070862799783,1.8794997887204283e-16,1.8684813950742601e-16
deep2_n16_T32_s9401100,deep2,16,32,9401100,1056,32,33792,W_layer1_owner1,14,16,16,16,16,16,17906604.325472172,1.4471430113743173,8.025675015298133e-17,2.2463533374422163e-16
deep2_n16_T32_s9401100,deep2,16,32,9401100,1056,32,33792,W_layer1_owner2,14,16,16,16,16,16,12084509.814952357,1.4601832788993583,1.27622544794285e-16,2.956178255710048e-16
deep2_n16_T32_s9401100,deep2,16,32,9401100,1056,32,33792,W_layer1_owner3,14,16,16,16,16,16,17024926.79582983,1.4716664302355498,2.9222758801023006e-16,2.5121461540020797e-16
deep2_n16_T32_s9401100,deep2,16,32,9401100,1056,32,33792,W_layer1_owner4,14,16,16,16,16,16,11054288.280185016,1.4748427346587811,1.629404056710124e-16,5.411281406054091e-16
deep2_n16_T32_s9401100,deep2,16,32,9401100,1056,32,33792,W_layer1_owner5,14,16,16,16,16,16,29825746.513383888,1.5258234956604324,1.8901343340069871e-16,2.6033135638610817e-16
deep2_n16_T32_s9401100,deep2,16,32,9401100,1056,32,33792,W_layer1_owner6,14,16,16,16,16,16,14020287.015122617,1.3968092903211229,1.7210894328621264e-16,1.8509935773319942e-16
deep2_n16_T32_s9401100,deep2,16,32,9401100,1056,32,33792,W_layer1_owner7,14,16,16,16,16,16,20177981.282366183,1.2870912043766625,1.6734389895139465e-16,2.449584702302467e-16
deep2_n16_T32_s9401100,deep2,16,32,9401100,1056,32,33792,W_layer1_owner8,14,16,16,16,16,16,12518171.15822476,1.4701377694142987,5.4861755557377534e-17,1.8542831036576098e-16
deep2_n16_T32_s9401100,deep2,16,32,9401100,1056,32,33792,W_layer1_owner9,14,16,16,16,16,16,18480353.930104427,1.4369439373247497,2.3048890374198125e-16,4.366777412169038e-17
deep2_n16_T32_s9401100,deep2,16,32,9401100,1056,32,33792,W_layer1_owner10,14,16,16,16,16,16,21060950.39049799,1.219353677040261,2.448647167226866e-16,3.380674567549619e-16
deep2_n16_T32_s9401100,deep2,16,32,9401100,1056,32,33792,W_layer1_owner11,14,16,16,16,16,16,13866100.86516738,1.3947940568830646,2.2876140309698024e-16,4.3766676336432034e-16
deep2_n16_T32_s9401100,deep2,16,32,9401100,1056,32,33792,W_layer1_owner12,14,16,16,16,16,16,13240932.665556729,1.4422758414319528,2.906381430429494e-16,3.32903613428882e-16
deep2_n16_T32_s9401100,deep2,16,32,9401100,1056,32,33792,W_layer1_owner13,14,16,16,16,16,16,21418541.35689301,1.4811076518279633,2.4688260427706923e-16,6.736838714756182e-16
deep2_n16_T32_s9401100,deep2,16,32,9401100,1056,32,33792,W_layer1_owner14,14,16,16,16,16,16,11089265.238719368,1.2627836773025922,1.6685743790289925e-16,7.844842761779598e-16
deep2_n16_T32_s9401100,deep2,16,32,9401100,1056,32,33792,W_layer1_owner15,14,16,16,16,16,16,11014878.862531932,1.349019301157197,1.8882562161322918e-16,5.205491359181807e-16
deep2_n16_T32_s9401100,deep2,16,32,9401100,1056,32,33792,W_layer2_owner0,13,16,16,16,16,16,63877893.3727889,1.1490231086128049,3.475063799950412e-17,4.588404878475055e-16
deep2_n16_T32_s9401100,deep2,16,32,9401100,1056,32,33792,W_layer2_owner1,13,16,16,16,16,16,53932962.46242392,1.160720253500714,5.760465636095199e-17,2.1247997806252915e-16
deep2_n16_T32_s9401100,deep2,16,32,9401100,1056,32,33792,W_layer2_owner2,13,16,16,16,16,16,74051832.03726223,1.14980988206694,1.3954268467617206e-16,1.7164283919283165e-16
deep2_n16_T32_s9401100,deep2,16,32,9401100,1056,32,33792,W_layer2_owner3,13,16,16,16,15,16,96345540.4444546,1.170840806112926,2.2474404581655825e-16,3.8210688918781487e-16
deep2_n16_T32_s9401100,deep2,16,32,9401100,1056,32,33792,W_layer2_owner4,13,16,15,16,15,16,332429556.3365473,1.158105545125956,2.6589985380179203e-17,2.8652599085245786e-16
deep2_n16_T32_s9401100,deep2,16,32,9401100,1056,32,33792,W_layer2_owner5,13,16,15,16,15,16,139603056.3012775,1.157122746890725,4.737334719022378e-17,1.1007540379311478e-16
deep2_n16_T32_s9401100,deep2,16,32,9401100,1056,32,33792,W_layer2_owner6,13,16,15,16,15,16,257112551.33921605,1.155520456426097,1.4480086408130844e-16,4.071063840273787e-16
deep2_n16_T32_s9401100,deep2,16,32,9401100,1056,32,33792,W_layer2_owner7,13,16,15,16,15,16,129123508.86382581,1.157641327852491,2.7231995037511984e-16,3.5144469120793073e-16
deep2_n16_T32_s9401100,deep2,16,32,9401100,1056,32,33792,W_layer2_owner8,13,16,16,16,16,16,87280961.23191579,1.1535888311758375,2.3006420157787536e-16,2.8210093249042014e-16
deep2_n16_T32_s9401100,deep2,16,32,9401100,1056,32,33792,W_layer2_owner9,13,16,16,16,16,16,89491829.5295171,1.1511998427885057,1.9902140844793096e-16,2.0363006687838407e-16
deep2_n16_T32_s9401100,deep2,16,32,9401100,1056,32,33792,W_layer2_owner10,13,16,16,16,16,16,63668269.83891893,1.1627348619045792,9.544849496946543e-17,5.003762379043894e-16
deep2_n16_T32_s9401100,deep2,16,32,9401100,1056,32,33792,W_layer2_owner11,13,16,15,16,15,16,244133554.64322236,1.1370187587806675,2.0207740391686925e-16,5.589509925737547e-16
deep2_n16_T32_s9401100,deep2,16,32,9401100,1056,32,33792,W_layer2_owner12,13,16,15,16,15,16,540405379.2094991,1.1603705949422216,1.496836257521777e-16,2.1009142181557937e-16
deep2_n16_T32_s9401100,deep2,16,32,9401100,1056,32,33792,W_layer2_owner13,13,16,16,16,15,16,93654980.92571676,1.1524984997722072,4.16319834652807e-17,2.5452365786149144e-16
deep2_n16_T32_s9401100,deep2,16,32,9401100,1056,32,33792,W_layer2_owner14,13,16,15,16,15,16,102932925.06634603,1.1552971568588826,1.8885779358144417e-16,5.469791122029865e-16
deep2_n16_T32_s9401100,deep2,16,32,9401100,1056,32,33792,W_layer2_owner15,13,16,15,16,15,16,296861842.4520887,1.1171004168442076,2.383421684014597e-17,1.7537300531385786e-16
