case,n,T,seeds,P,N,full_size,best_snapshot_min,best_snapshot_median,best_snapshot_max,best_snapshot_ratio_median,best_snapshot_methods,stable_rank_min,stable_rank_max,full_spectrum_rank_min,full_spectrum_rank_max
independent,8,32,5,80,8,640,160,160,160,0.25,coordinate_sparse,5.031078672829038,6.042810954989191,8,8
independent,8,128,5,80,8,640,160,160,160,0.25,coordinate_sparse,5.247226625407503,6.07185286136312,8,8
independent,16,32,5,288,16,4608,576,576,576,0.125,coordinate_sparse,10.944756416126456,11.350188670070956,16,16
independent,16,128,5,288,16,4608,576,576,576,0.125,coordinate_sparse,10.78323637418571,11.617631654591907,16,16
shared_linear,8,32,5,80,8,640,17,17,17,0.0265625,shared_linear_factors,7.874611862931586,7.940588498032276,8,8
shared_linear,8,128,5,80,8,640,17,17,17,0.0265625,shared_linear_factors,7.823977367384688,7.955642697594884,8,8
shared_linear,16,32,5,288,16,4608,33,33,33,0.007161458333333333,shared_linear_factors,15.701448198070876,15.921516937654783,16,16
shared_linear,16,128,5,288,16,4608,33,33,33,0.007161458333333333,shared_linear_factors,15.34095027624427,15.873432103085522,16,16
rank1_feedback,8,32,5,96,8,768,768,768,768,1.0,full_matrix,4.913652057883742,5.999879431370312,8,8
rank1_feedback,8,128,5,96,8,768,768,768,768,1.0,full_matrix,4.998942680070484,6.2006981754787525,8,8
rank1_feedback,16,32,5,320,16,5120,4912,5120,5120,1.0,"full_matrix,kronecker_shared_input_basis",9.600246479152002,10.840014855342355,16,16
rank1_feedback,16,128,5,320,16,5120,4912,5120,5120,1.0,"full_matrix,kronecker_shared_input_basis",9.48612147395669,11.234150801974202,16,16
full_feedback,8,32,5,136,8,1088,1088,1088,1088,1.0,full_matrix,3.354290220592304,3.7804968657829927,8,8
full_feedback,8,128,5,136,8,1088,1088,1088,1088,1.0,full_matrix,3.1833070416165454,3.6947573119879036,8,8
full_feedback,16,32,5,528,16,8448,8448,8448,8448,1.0,full_matrix,7.183028914473051,8.782034877864168,16,16
full_feedback,16,128,5,528,16,8448,8448,8448,8448,1.0,full_matrix,7.840321711088429,8.309686760435433,16,16
deep3,8,32,5,408,24,9792,6672,6672,6672,0.6813725490196079,supported_group_factors,6.736186782289782,7.165295099687223,24,24
deep3,8,128,5,408,24,9792,6672,6672,6672,0.6813725490196079,supported_group_factors,6.418438313220824,7.288521799267986,24,24
deep3,16,32,5,1584,48,76032,50960,50960,50976,0.6702441077441077,"kronecker_shared_input_basis,supported_group_factors",12.929760531795313,13.880433283820151,48,48
deep3,16,128,5,1584,48,76032,50960,50960,50976,0.6702441077441077,"kronecker_shared_input_basis,supported_group_factors",12.854019365972714,14.439794935634223,48,48
explicit_feedback,8,32,5,144,8,1152,1152,1152,1152,1.0,full_matrix,5.683031417135814,6.386679286830133,8,8
explicit_feedback,8,128,5,144,8,1152,1152,1152,1152,1.0,full_matrix,5.620676281309026,6.496077416785328,8,8
explicit_feedback,16,32,5,544,16,8704,7120,7120,7392,0.8180147058823529,kronecker_shared_input_basis,11.997179230506706,13.271682290638,16,16
explicit_feedback,16,128,5,544,16,8704,7120,7120,7392,0.8180147058823529,kronecker_shared_input_basis,11.812279636467432,12.836027162607575,16,16
block4,8,32,5,104,8,832,528,528,528,0.6346153846153846,block_sparse_triangular,3.672801081609588,3.9280525113387665,8,8
block4,8,128,5,104,8,832,528,528,528,0.6346153846153846,block_sparse_triangular,3.642262525737939,3.9427191927945127,8,8
block4,16,32,5,336,16,5376,1696,1696,1696,0.31547619047619047,block_sparse_triangular,7.687188343373147,8.958212211120426,16,16
block4,16,128,5,336,16,5376,1696,1696,1696,0.31547619047619047,block_sparse_triangular,7.8740713515470455,8.556440531813573,16,16
deep2,8,32,5,272,16,4352,3336,3336,3336,0.7665441176470589,supported_group_factors,4.603054918465943,6.34567132323517,16,16
deep2,8,128,5,272,16,4352,3336,3336,3336,0.7665441176470589,supported_group_factors,4.3118520862830065,6.345514981035276,16,16
deep2,16,32,5,1056,32,33792,25472,25488,25488,0.7542613636363636,"kronecker_shared_input_basis,supported_group_factors",10.541445839904007,11.563844037007785,32,32
deep2,16,128,5,1056,32,33792,25472,25488,25488,0.7542613636363636,"kronecker_shared_input_basis,supported_group_factors",10.538330596475449,11.455882466125617,32,32
