id,case,n,T,seed,samples,centered_1e-06,centered_1e-08,centered_1e-10,centered_1e-12,centered_1e-14,uncentered_1e-06,uncentered_1e-08,uncentered_1e-10,uncentered_1e-12,uncentered_1e-14,sample_cap_centered,QR_reconstruction_error,QR_orthogonality_error
shared_linear_n8_T32_s9401100,shared_linear,8,32,9401100,8,7,7,7,7,7,8,8,8,8,8,7,1.1590050534126093e-16,3.354518805907307e-16
shared_linear_n8_T32_s9401100,shared_linear,8,32,9401100,16,15,15,15,15,15,16,16,16,16,16,15,1.7767597556107692e-16,1.0645403161381613e-15
shared_linear_n8_T32_s9401100,shared_linear,8,32,9401100,32,16,16,16,16,16,17,17,17,17,17,31,2.0957362447572808e-16,1.109546054787529e-15
shared_linear_n8_T32_s9401100,shared_linear,8,32,9401100,64,16,16,16,16,16,17,17,17,17,17,63,1.9386987420930714e-16,1.109546054787529e-15
shared_linear_n8_T32_s9401100,shared_linear,8,32,9401100,128,16,16,16,16,16,17,17,17,17,17,127,1.8299034101908733e-16,1.109546054787529e-15
shared_linear_n8_T32_s9401101,shared_linear,8,32,9401101,8,7,7,7,7,7,8,8,8,8,8,7,1.6471719304635777e-16,6.73621606717049e-16
shared_linear_n8_T32_s9401101,shared_linear,8,32,9401101,16,15,15,15,15,15,16,16,16,16,16,15,1.4421022698920659e-16,9.597422792447908e-16
shared_linear_n8_T32_s9401101,shared_linear,8,32,9401101,32,16,16,16,16,16,17,17,17,17,17,31,1.5019173966560094e-16,9.83276620901999e-16
shared_linear_n8_T32_s9401101,shared_linear,8,32,9401101,64,16,16,16,16,16,17,17,17,17,17,63,1.6449146901975142e-16,9.83276620901999e-16
shared_linear_n8_T32_s9401101,shared_linear,8,32,9401101,128,16,16,16,16,16,17,17,17,17,17,127,1.7639440154239064e-16,9.83276620901999e-16
shared_linear_n8_T32_s9401102,shared_linear,8,32,9401102,8,7,7,7,7,7,8,8,8,8,8,7,9.317260891694987e-17,5.079812747418993e-16
shared_linear_n8_T32_s9401102,shared_linear,8,32,9401102,16,15,15,15,15,15,16,16,16,16,16,15,1.3204729634044092e-16,9.572773859464405e-16
shared_linear_n8_T32_s9401102,shared_linear,8,32,9401102,32,16,16,16,16,16,17,17,17,17,17,31,1.3387379134982862e-16,1.0013870110488427e-15
shared_linear_n8_T32_s9401102,shared_linear,8,32,9401102,64,16,16,16,16,16,17,17,17,17,17,63,1.582576330794356e-16,1.0013870110488427e-15
shared_linear_n8_T32_s9401102,shared_linear,8,32,9401102,128,16,16,16,16,16,17,17,17,17,17,127,1.6054970371582326e-16,1.0013870110488427e-15
shared_linear_n8_T32_s9401103,shared_linear,8,32,9401103,8,7,7,7,7,7,8,8,8,8,8,7,1.3462544232893042e-16,5.188850647841083e-16
shared_linear_n8_T32_s9401103,shared_linear,8,32,9401103,16,15,15,15,15,15,16,16,16,16,16,15,1.3655061862354555e-16,9.4045549858214e-16
shared_linear_n8_T32_s9401103,shared_linear,8,32,9401103,32,16,16,16,16,16,17,17,17,17,17,31,1.5617613012120992e-16,9.547207897640635e-16
shared_linear_n8_T32_s9401103,shared_linear,8,32,9401103,64,16,16,16,16,16,17,17,17,17,17,63,1.5374500611081979e-16,9.547207897640635e-16
shared_linear_n8_T32_s9401103,shared_linear,8,32,9401103,128,16,16,16,16,16,17,17,17,17,17,127,1.7951456173103308e-16,9.547207897640635e-16
shared_linear_n8_T32_s9401104,shared_linear,8,32,9401104,8,7,7,7,7,7,8,8,8,8,8,7,8.459523347591592e-17,4.511738741149267e-16
shared_linear_n8_T32_s9401104,shared_linear,8,32,9401104,16,15,15,15,15,15,16,16,16,16,16,15,1.1562290255272506e-16,9.53711820011231e-16
shared_linear_n8_T32_s9401104,shared_linear,8,32,9401104,32,16,16,16,16,16,17,17,17,17,17,31,1.4455227591375429e-16,9.948761655128328e-16
shared_linear_n8_T32_s9401104,shared_linear,8,32,9401104,64,16,16,16,16,16,17,17,17,17,17,63,1.6822664757810942e-16,9.948761655128328e-16
shared_linear_n8_T32_s9401104,shared_linear,8,32,9401104,128,16,16,16,16,16,17,17,17,17,17,127,1.6922620812135167e-16,9.948761655128328e-16
shared_linear_n8_T128_s9401100,shared_linear,8,128,9401100,8,7,7,7,7,7,8,8,8,8,8,7,1.256307125730517e-16,6.391579496768354e-16
shared_linear_n8_T128_s9401100,shared_linear,8,128,9401100,16,15,15,15,15,15,16,16,16,16,16,15,1.2161612926713799e-16,1.0165589887078268e-15
shared_linear_n8_T128_s9401100,shared_linear,8,128,9401100,32,16,16,16,16,16,17,17,17,17,17,31,1.2795027490595796e-16,1.091925043161749e-15
shared_linear_n8_T128_s9401100,shared_linear,8,128,9401100,64,16,16,16,16,16,17,17,17,17,17,63,1.524064278303959e-16,1.091925043161749e-15
shared_linear_n8_T128_s9401100,shared_linear,8,128,9401100,128,16,16,16,16,16,17,17,17,17,17,127,1.5992131625918254e-16,1.091925043161749e-15
shared_linear_n8_T128_s9401101,shared_linear,8,128,9401101,8,7,7,7,7,7,8,8,8,8,8,7,9.26555167615574e-17,5.142071685424826e-16
shared_linear_n8_T128_s9401101,shared_linear,8,128,9401101,16,15,15,15,15,15,16,16,16,16,16,15,1.5753731679418656e-16,8.8061123773188655e-16
shared_linear_n8_T128_s9401101,shared_linear,8,128,9401101,32,16,16,16,16,16,17,17,17,17,17,31,1.948794787012091e-16,9.108951708770253e-16
shared_linear_n8_T128_s9401101,shared_linear,8,128,9401101,64,16,16,16,16,16,17,17,17,17,17,63,2.130795445697846e-16,9.108951708770253e-16
shared_linear_n8_T128_s9401101,shared_linear,8,128,9401101,128,16,16,16,16,16,17,17,17,17,17,127,2.0254736793876852e-16,9.108951708770253e-16
shared_linear_n8_T128_s9401102,shared_linear,8,128,9401102,8,7,7,7,7,7,8,8,8,8,8,7,1.0491217707782805e-16,4.519058206203655e-16
shared_linear_n8_T128_s9401102,shared_linear,8,128,9401102,16,15,15,15,15,15,16,16,16,16,16,15,1.589151096610102e-16,7.510092108252071e-16
shared_linear_n8_T128_s9401102,shared_linear,8,128,9401102,32,16,16,16,16,16,17,17,17,17,17,31,1.6288854663514873e-16,8.368448846838809e-16
shared_linear_n8_T128_s9401102,shared_linear,8,128,9401102,64,16,16,16,16,16,17,17,17,17,17,63,1.6922083819349158e-16,8.368448846838809e-16
shared_linear_n8_T128_s9401102,shared_linear,8,128,9401102,128,16,16,16,16,16,17,17,17,17,17,127,1.7009990156150316e-16,8.368448846838809e-16
shared_linear_n8_T128_s9401103,shared_linear,8,128,9401103,8,7,7,7,7,7,8,8,8,8,8,7,1.2613821362948186e-16,4.3991855529594666e-16
shared_linear_n8_T128_s9401103,shared_linear,8,128,9401103,16,15,15,15,15,15,16,16,16,16,16,15,1.26638195511529e-16,8.699470685942139e-16
shared_linear_n8_T128_s9401103,shared_linear,8,128,9401103,32,16,16,16,16,16,17,17,17,17,17,31,1.422923158378356e-16,9.517540869632182e-16
shared_linear_n8_T128_s9401103,shared_linear,8,128,9401103,64,16,16,16,16,16,17,17,17,17,17,63,1.8422285313754426e-16,9.517540869632182e-16
shared_linear_n8_T128_s9401103,shared_linear,8,128,9401103,128,16,16,16,16,16,17,17,17,17,17,127,1.7600999235403443e-16,9.517540869632182e-16
shared_linear_n8_T128_s9401104,shared_linear,8,128,9401104,8,7,7,7,7,7,8,8,8,8,8,7,1.0990607356968782e-16,5.431151948750564e-16
shared_linear_n8_T128_s9401104,shared_linear,8,128,9401104,16,15,15,15,15,15,16,16,16,16,16,15,1.9718445320853938e-16,1.133370470209956e-15
shared_linear_n8_T128_s9401104,shared_linear,8,128,9401104,32,16,16,16,16,16,17,17,17,17,17,31,1.9034189894983233e-16,1.1415549487188854e-15
shared_linear_n8_T128_s9401104,shared_linear,8,128,9401104,64,16,16,16,16,16,17,17,17,17,17,63,1.9579410744923695e-16,1.1415549487188854e-15
shared_linear_n8_T128_s9401104,shared_linear,8,128,9401104,128,16,16,16,16,16,17,17,17,17,17,127,2.0145873335380206e-16,1.1415549487188854e-15
shared_linear_n16_T32_s9401100,shared_linear,16,32,9401100,8,7,7,7,7,7,8,8,8,8,8,7,8.640844947982311e-17,8.162859845693784e-16
shared_linear_n16_T32_s9401100,shared_linear,16,32,9401100,16,15,15,15,15,15,16,16,16,16,16,15,1.3634353737423348e-16,1.0863121437673539e-15
shared_linear_n16_T32_s9401100,shared_linear,16,32,9401100,32,31,31,31,31,31,32,32,32,32,32,31,1.8341308886577514e-16,2.037574662337097e-15
shared_linear_n16_T32_s9401100,shared_linear,16,32,9401100,64,32,32,32,32,32,33,33,33,33,33,63,2.1246969527678776e-16,2.119928826216137e-15
shared_linear_n16_T32_s9401100,shared_linear,16,32,9401100,128,32,32,32,32,32,33,33,33,33,33,127,2.230912264553634e-16,2.119928826216137e-15
shared_linear_n16_T32_s9401101,shared_linear,16,32,9401101,8,7,7,7,7,7,8,8,8,8,8,7,8.103464284766161e-17,6.629326316027871e-16
shared_linear_n16_T32_s9401101,shared_linear,16,32,9401101,16,15,15,15,15,15,16,16,16,16,16,15,1.2783748028535582e-16,9.966496448600409e-16
shared_linear_n16_T32_s9401101,shared_linear,16,32,9401101,32,31,31,31,31,31,32,32,32,32,32,31,1.875479585649851e-16,2.046019909874583e-15
shared_linear_n16_T32_s9401101,shared_linear,16,32,9401101,64,32,32,32,32,32,33,33,33,33,33,63,2.1482765284475715e-16,2.0823959092322932e-15
shared_linear_n16_T32_s9401101,shared_linear,16,32,9401101,128,32,32,32,32,32,33,33,33,33,33,127,2.1307471240082817e-16,2.0823959092322932e-15
shared_linear_n16_T32_s9401102,shared_linear,16,32,9401102,8,7,7,7,7,7,8,8,8,8,8,7,1.0849670155265355e-16,6.513064311306636e-16
shared_linear_n16_T32_s9401102,shared_linear,16,32,9401102,16,15,15,15,15,15,16,16,16,16,16,15,1.147255767887518e-16,1.041789209714066e-15
shared_linear_n16_T32_s9401102,shared_linear,16,32,9401102,32,31,31,31,31,31,32,32,32,32,32,31,1.7983000021314894e-16,2.2158051842392384e-15
shared_linear_n16_T32_s9401102,shared_linear,16,32,9401102,64,32,32,32,32,32,33,33,33,33,33,63,2.466363865060914e-16,2.3923346838709913e-15
shared_linear_n16_T32_s9401102,shared_linear,16,32,9401102,128,32,32,32,32,32,33,33,33,33,33,127,2.531608317840552e-16,2.3923346838709913e-15
shared_linear_n16_T32_s9401103,shared_linear,16,32,9401103,8,7,7,7,7,7,8,8,8,8,8,7,9.27339428528515e-17,7.835042704446218e-16
shared_linear_n16_T32_s9401103,shared_linear,16,32,9401103,16,15,15,15,15,15,16,16,16,16,16,15,1.2658655170238085e-16,1.192938262942448e-15
shared_linear_n16_T32_s9401103,shared_linear,16,32,9401103,32,31,31,31,31,31,32,32,32,32,32,31,1.7149781167591443e-16,2.3262034911929766e-15
shared_linear_n16_T32_s9401103,shared_linear,16,32,9401103,64,32,32,32,32,32,33,33,33,33,33,63,2.1318964146848132e-16,2.44002747498241e-15
shared_linear_n16_T32_s9401103,shared_linear,16,32,9401103,128,32,32,32,32,32,33,33,33,33,33,127,2.410719983298994e-16,2.44002747498241e-15
shared_linear_n16_T32_s9401104,shared_linear,16,32,9401104,8,7,7,7,7,7,8,8,8,8,8,7,6.910517788784987e-17,6.726009433748447e-16
shared_linear_n16_T32_s9401104,shared_linear,16,32,9401104,16,15,15,15,15,15,16,16,16,16,16,15,1.4402851181553728e-16,9.192854950282379e-16
shared_linear_n16_T32_s9401104,shared_linear,16,32,9401104,32,31,31,31,31,31,32,32,32,32,32,31,1.769391985829282e-16,2.1025489619881445e-15
shared_linear_n16_T32_s9401104,shared_linear,16,32,9401104,64,32,32,32,32,32,33,33,33,33,33,63,2.2947609122030594e-16,2.1754610637044674e-15
shared_linear_n16_T32_s9401104,shared_linear,16,32,9401104,128,32,32,32,32,32,33,33,33,33,33,127,2.4230788001563944e-16,2.1754610637044674e-15
shared_linear_n16_T128_s9401100,shared_linear,16,128,9401100,8,7,7,7,7,7,8,8,8,8,8,7,9.66778250571324e-17,1.077487623546032e-15
shared_linear_n16_T128_s9401100,shared_linear,16,128,9401100,16,15,15,15,15,15,16,16,16,16,16,15,1.0818641408493707e-16,1.1718182722841695e-15
shared_linear_n16_T128_s9401100,shared_linear,16,128,9401100,32,31,31,31,31,31,32,32,32,32,32,31,1.6360307307696596e-16,2.1346526326350372e-15
shared_linear_n16_T128_s9401100,shared_linear,16,128,9401100,64,32,32,32,32,32,33,33,33,33,33,63,2.1384645467321278e-16,2.2207750533846044e-15
shared_linear_n16_T128_s9401100,shared_linear,16,128,9401100,128,32,32,32,32,32,33,33,33,33,33,127,2.2500786495081346e-16,2.2207750533846044e-15
shared_linear_n16_T128_s9401101,shared_linear,16,128,9401101,8,7,7,7,7,7,8,8,8,8,8,7,9.9591130519126e-17,5.946795957418913e-16
shared_linear_n16_T128_s9401101,shared_linear,16,128,9401101,16,15,15,15,15,15,16,16,16,16,16,15,1.3525592165627022e-16,8.78230281802567e-16
shared_linear_n16_T128_s9401101,shared_linear,16,128,9401101,32,31,31,31,31,31,32,32,32,32,32,31,1.734548015132449e-16,2.1696721533925054e-15
shared_linear_n16_T128_s9401101,shared_linear,16,128,9401101,64,32,32,32,32,32,33,33,33,33,33,63,2.1684521575102747e-16,2.218607616535924e-15
shared_linear_n16_T128_s9401101,shared_linear,16,128,9401101,128,32,32,32,32,32,33,33,33,33,33,127,2.444177279096304e-16,2.218607616535924e-15
shared_linear_n16_T128_s9401102,shared_linear,16,128,9401102,8,7,7,7,7,7,8,8,8,8,8,7,1.337949783483284e-16,4.809416734395411e-16
shared_linear_n16_T128_s9401102,shared_linear,16,128,9401102,16,15,15,15,15,15,16,16,16,16,16,15,1.299987559385904e-16,9.232421602059473e-16
shared_linear_n16_T128_s9401102,shared_linear,16,128,9401102,32,31,31,31,31,31,32,32,32,32,32,31,1.949254786123433e-16,2.4423355883693217e-15
shared_linear_n16_T128_s9401102,shared_linear,16,128,9401102,64,32,32,32,32,32,33,33,33,33,33,63,2.2738565456507917e-16,2.506099795912032e-15
shared_linear_n16_T128_s9401102,shared_linear,16,128,9401102,128,32,32,32,32,32,33,33,33,33,33,127,2.395795512781953e-16,2.506099795912032e-15
shared_linear_n16_T128_s9401103,shared_linear,16,128,9401103,8,7,7,7,7,7,8,8,8,8,8,7,8.926398486669446e-17,4.993041272083166e-16
shared_linear_n16_T128_s9401103,shared_linear,16,128,9401103,16,15,15,15,15,15,16,16,16,16,16,15,1.2452170002224247e-16,7.407964272634782e-16
shared_linear_n16_T128_s9401103,shared_linear,16,128,9401103,32,31,31,31,31,31,32,32,32,32,32,31,1.595020454859411e-16,2.1976429591099217e-15
shared_linear_n16_T128_s9401103,shared_linear,16,128,9401103,64,32,32,32,32,32,33,33,33,33,33,63,1.8363322656855357e-16,2.2604140613449136e-15
shared_linear_n16_T128_s9401103,shared_linear,16,128,9401103,128,32,32,32,32,32,33,33,33,33,33,127,2.2560019352300954e-16,2.2604140613449136e-15
shared_linear_n16_T128_s9401104,shared_linear,16,128,9401104,8,7,7,7,7,7,8,8,8,8,8,7,9.876411400742767e-17,4.476629423103326e-16
shared_linear_n16_T128_s9401104,shared_linear,16,128,9401104,16,15,15,15,15,15,16,16,16,16,16,15,1.8842838559364708e-16,8.042253638885125e-16
shared_linear_n16_T128_s9401104,shared_linear,16,128,9401104,32,31,31,31,31,31,32,32,32,32,32,31,2.0567877546096246e-16,2.0682857336267883e-15
shared_linear_n16_T128_s9401104,shared_linear,16,128,9401104,64,32,32,32,32,32,33,33,33,33,33,63,2.185298376743778e-16,2.1081924235890063e-15
shared_linear_n16_T128_s9401104,shared_linear,16,128,9401104,128,32,32,32,32,32,33,33,33,33,33,127,2.385948274383346e-16,2.1081924235890063e-15
independent_n8_T32_s9401100,independent,8,32,9401100,8,7,7,7,7,7,8,8,8,8,8,7,1.1138634136100307e-16,7.517311052233692e-16
independent_n8_T32_s9401100,independent,8,32,9401100,16,15,15,15,15,15,16,16,16,16,16,15,1.3743186065194572e-16,1.0154077002141892e-15
independent_n8_T32_s9401100,independent,8,32,9401100,32,31,31,31,31,31,32,32,32,32,32,31,1.8298205166248981e-16,1.3085900147518808e-15
independent_n8_T32_s9401100,independent,8,32,9401100,64,63,63,63,63,63,64,64,64,64,64,63,2.4510805673738786e-16,2.0428382942056125e-15
independent_n8_T32_s9401100,independent,8,32,9401100,128,80,80,80,80,80,80,80,80,80,80,127,3.0818098983634743e-16,2.4506533002591596e-15
independent_n8_T32_s9401101,independent,8,32,9401101,8,7,7,7,7,7,8,8,8,8,8,7,1.0233439462076563e-16,4.084691143966143e-16
independent_n8_T32_s9401101,independent,8,32,9401101,16,15,15,15,15,15,16,16,16,16,16,15,1.2991512420595149e-16,6.461331432360625e-16
independent_n8_T32_s9401101,independent,8,32,9401101,32,31,31,31,31,31,32,32,32,32,32,31,1.8339368306475276e-16,1.2633450032446185e-15
independent_n8_T32_s9401101,independent,8,32,9401101,64,63,63,63,63,63,64,64,64,64,64,63,2.431852152632652e-16,1.8862039435277965e-15
independent_n8_T32_s9401101,independent,8,32,9401101,128,80,80,80,80,80,80,80,80,80,80,127,2.9507330583764113e-16,2.260776898847606e-15
independent_n8_T32_s9401102,independent,8,32,9401102,8,7,7,7,7,7,8,8,8,8,8,7,1.1402042357830686e-16,3.189762957965351e-16
independent_n8_T32_s9401102,independent,8,32,9401102,16,15,15,15,15,15,16,16,16,16,16,15,1.3526263927253594e-16,5.482550423096878e-16
independent_n8_T32_s9401102,independent,8,32,9401102,32,31,31,31,31,31,32,32,32,32,32,31,1.8552962391269736e-16,1.1420992194204408e-15
independent_n8_T32_s9401102,independent,8,32,9401102,64,63,63,63,63,63,64,64,64,64,64,63,2.5894259258137884e-16,1.8813688031038417e-15
independent_n8_T32_s9401102,independent,8,32,9401102,128,80,80,80,80,80,80,80,80,80,80,127,3.261816322199947e-16,2.2639312390617244e-15
independent_n8_T32_s9401103,independent,8,32,9401103,8,7,7,7,7,7,8,8,8,8,8,7,9.094982501065375e-17,7.193812056757214e-16
independent_n8_T32_s9401103,independent,8,32,9401103,16,15,15,15,15,15,16,16,16,16,16,15,1.3726776668619466e-16,9.668944716263087e-16
independent_n8_T32_s9401103,independent,8,32,9401103,32,31,31,31,31,31,32,32,32,32,32,31,2.03189849401072e-16,1.2796737968196249e-15
independent_n8_T32_s9401103,independent,8,32,9401103,64,63,63,63,63,63,64,64,64,64,64,63,2.5213645223832117e-16,1.901093207615623e-15
independent_n8_T32_s9401103,independent,8,32,9401103,128,80,80,80,80,80,80,80,80,80,80,127,3.2674512175657065e-16,2.2962414270811655e-15
independent_n8_T32_s9401104,independent,8,32,9401104,8,7,7,7,7,7,8,8,8,8,8,7,1.1493174987390804e-16,3.4643220903868107e-16
independent_n8_T32_s9401104,independent,8,32,9401104,16,15,15,15,15,15,16,16,16,16,16,15,1.667944192055003e-16,5.220565128061916e-16
independent_n8_T32_s9401104,independent,8,32,9401104,32,31,31,31,31,31,32,32,32,32,32,31,1.9452523359317652e-16,9.80896034968238e-16
independent_n8_T32_s9401104,independent,8,32,9401104,64,63,63,63,63,63,64,64,64,64,64,63,2.449950908760837e-16,1.8361068513725576e-15
independent_n8_T32_s9401104,independent,8,32,9401104,128,80,80,80,80,80,80,80,80,80,80,127,3.008480227116313e-16,2.1266059516571207e-15
independent_n8_T128_s9401100,independent,8,128,9401100,8,7,7,7,7,7,8,8,8,8,8,7,9.677940231622526e-17,4.213728275267203e-16
independent_n8_T128_s9401100,independent,8,128,9401100,16,15,15,15,15,15,16,16,16,16,16,15,1.4077188770596113e-16,6.73929030554808e-16
independent_n8_T128_s9401100,independent,8,128,9401100,32,31,31,31,31,31,32,32,32,32,32,31,1.915315257722698e-16,1.2127437168425874e-15
independent_n8_T128_s9401100,independent,8,128,9401100,64,63,63,63,63,63,64,64,64,64,64,63,2.5082468547614165e-16,1.8737737451841444e-15
independent_n8_T128_s9401100,independent,8,128,9401100,128,80,80,80,80,80,80,80,80,80,80,127,3.0135112167879047e-16,2.220655877883467e-15
independent_n8_T128_s9401101,independent,8,128,9401101,8,7,7,7,7,7,8,8,8,8,8,7,8.223275032412267e-17,2.611774397982589e-16
independent_n8_T128_s9401101,independent,8,128,9401101,16,15,15,15,15,15,16,16,16,16,16,15,1.344572114470655e-16,4.481727218328462e-16
independent_n8_T128_s9401101,independent,8,128,9401101,32,31,31,31,31,31,32,32,32,32,32,31,1.7545447212825842e-16,1.0667391675202737e-15
independent_n8_T128_s9401101,independent,8,128,9401101,64,63,63,63,63,63,64,64,64,64,64,63,2.267994979427146e-16,1.7295283055160188e-15
independent_n8_T128_s9401101,independent,8,128,9401101,128,80,80,80,80,80,80,80,80,80,80,127,2.883142589438632e-16,2.078314222656667e-15
independent_n8_T128_s9401102,independent,8,128,9401102,8,7,7,7,7,7,8,8,8,8,8,7,9.957606934854593e-17,4.0496999753655863e-16
independent_n8_T128_s9401102,independent,8,128,9401102,16,15,15,15,15,15,16,16,16,16,16,15,1.4826205475538894e-16,7.719048351126559e-16
independent_n8_T128_s9401102,independent,8,128,9401102,32,31,31,31,31,31,32,32,32,32,32,31,1.9494546573914758e-16,1.2016992989543754e-15
independent_n8_T128_s9401102,independent,8,128,9401102,64,63,63,63,63,63,64,64,64,64,64,63,2.46778693772353e-16,1.9603682293941456e-15
independent_n8_T128_s9401102,independent,8,128,9401102,128,80,80,80,80,80,80,80,80,80,80,127,3.1312115446440253e-16,2.288420992472972e-15
independent_n8_T128_s9401103,independent,8,128,9401103,8,7,7,7,7,7,8,8,8,8,8,7,1.392146668828821e-16,5.966102808107681e-16
independent_n8_T128_s9401103,independent,8,128,9401103,16,15,15,15,15,15,16,16,16,16,16,15,1.7082649644476916e-16,8.669747575040407e-16
independent_n8_T128_s9401103,independent,8,128,9401103,32,31,31,31,31,31,32,32,32,32,32,31,1.8268452847572757e-16,1.3057358108670518e-15
independent_n8_T128_s9401103,independent,8,128,9401103,64,63,63,63,63,63,64,64,64,64,64,63,2.6344197896191687e-16,1.997258646917641e-15
independent_n8_T128_s9401103,independent,8,128,9401103,128,80,80,80,80,80,80,80,80,80,80,127,3.365405529767692e-16,2.362722633027717e-15
independent_n8_T128_s9401104,independent,8,128,9401104,8,7,7,7,7,7,8,8,8,8,8,7,1.1019934103210929e-16,4.1710747727995134e-16
independent_n8_T128_s9401104,independent,8,128,9401104,16,15,15,15,15,15,16,16,16,16,16,15,1.527788986085585e-16,7.88908969662074e-16
independent_n8_T128_s9401104,independent,8,128,9401104,32,31,31,31,31,31,32,32,32,32,32,31,1.974882973879702e-16,1.2662515789877267e-15
independent_n8_T128_s9401104,independent,8,128,9401104,64,63,63,63,63,63,64,64,64,64,64,63,2.5079947064950636e-16,1.837979986388048e-15
independent_n8_T128_s9401104,independent,8,128,9401104,128,80,80,80,80,80,80,80,80,80,80,127,3.3003819829309335e-16,2.186331870612863e-15
independent_n16_T32_s9401100,independent,16,32,9401100,8,7,7,7,7,7,8,8,8,8,8,7,1.1038891609430333e-16,5.93056294078196e-16
independent_n16_T32_s9401100,independent,16,32,9401100,16,15,15,15,15,15,16,16,16,16,16,15,1.388023144298927e-16,8.237178170673965e-16
independent_n16_T32_s9401100,independent,16,32,9401100,32,31,31,31,31,31,32,32,32,32,32,31,1.7292428043897112e-16,1.112598115445596e-15
independent_n16_T32_s9401100,independent,16,32,9401100,64,63,63,63,63,63,64,64,64,64,64,63,2.40701255248944e-16,1.8875136338178895e-15
independent_n16_T32_s9401100,independent,16,32,9401100,128,127,127,127,127,127,128,128,128,128,128,127,3.445626404925698e-16,2.997791713325654e-15
independent_n16_T32_s9401101,independent,16,32,9401101,8,7,7,7,7,7,8,8,8,8,8,7,9.551196056980004e-17,6.032550531186623e-16
independent_n16_T32_s9401101,independent,16,32,9401101,16,15,15,15,15,15,16,16,16,16,16,15,1.2079795102215184e-16,8.673183864602378e-16
independent_n16_T32_s9401101,independent,16,32,9401101,32,31,31,31,31,31,32,32,32,32,32,31,1.7480260005416844e-16,1.2721203530730506e-15
independent_n16_T32_s9401101,independent,16,32,9401101,64,63,63,63,63,63,64,64,64,64,64,63,2.411963254975684e-16,1.9241172982806633e-15
independent_n16_T32_s9401101,independent,16,32,9401101,128,127,127,127,127,127,128,128,128,128,128,127,3.346144564849397e-16,3.14178924329005e-15
independent_n16_T32_s9401102,independent,16,32,9401102,8,7,7,7,7,7,8,8,8,8,8,7,9.500343546826135e-17,3.0093559122267225e-16
independent_n16_T32_s9401102,independent,16,32,9401102,16,15,15,15,15,15,16,16,16,16,16,15,1.2774109713997747e-16,6.455253127626194e-16
independent_n16_T32_s9401102,independent,16,32,9401102,32,31,31,31,31,31,32,32,32,32,32,31,1.7613525628778144e-16,1.198808289421701e-15
independent_n16_T32_s9401102,independent,16,32,9401102,64,63,63,63,63,63,64,64,64,64,64,63,2.487114211936326e-16,1.8748019520795687e-15
independent_n16_T32_s9401102,independent,16,32,9401102,128,127,127,127,127,127,128,128,128,128,128,127,3.623130358509929e-16,2.993442733951859e-15
independent_n16_T32_s9401103,independent,16,32,9401103,8,7,7,7,7,7,8,8,8,8,8,7,1.1558524664171893e-16,5.695965788634614e-16
independent_n16_T32_s9401103,independent,16,32,9401103,16,15,15,15,15,15,16,16,16,16,16,15,1.4121099415466656e-16,7.755999199865513e-16
independent_n16_T32_s9401103,independent,16,32,9401103,32,31,31,31,31,31,32,32,32,32,32,31,1.853397241891624e-16,1.329685147506745e-15
independent_n16_T32_s9401103,independent,16,32,9401103,64,63,63,63,63,63,64,64,64,64,64,63,2.5405405318886846e-16,2.098258678377039e-15
independent_n16_T32_s9401103,independent,16,32,9401103,128,127,127,127,127,127,128,128,128,128,128,127,3.59236293463008e-16,3.1724569377862895e-15
independent_n16_T32_s9401104,independent,16,32,9401104,8,7,7,7,7,7,8,8,8,8,8,7,1.0626321658082523e-16,4.761236391687531e-16
independent_n16_T32_s9401104,independent,16,32,9401104,16,15,15,15,15,15,16,16,16,16,16,15,1.3421459415037637e-16,8.285841207221833e-16
independent_n16_T32_s9401104,independent,16,32,9401104,32,31,31,31,31,31,32,32,32,32,32,31,1.8111321106880204e-16,1.2712946837478897e-15
independent_n16_T32_s9401104,independent,16,32,9401104,64,63,63,63,63,63,64,64,64,64,64,63,2.458796238425233e-16,1.9017893618688527e-15
independent_n16_T32_s9401104,independent,16,32,9401104,128,127,127,127,127,127,128,128,128,128,128,127,3.4732840705336604e-16,2.9327911529608828e-15
independent_n16_T128_s9401100,independent,16,128,9401100,8,7,7,7,7,7,8,8,8,8,8,7,1.0481153316103639e-16,7.464666409104346e-16
independent_n16_T128_s9401100,independent,16,128,9401100,16,15,15,15,15,15,16,16,16,16,16,15,1.3839332891922884e-16,9.579845803213344e-16
independent_n16_T128_s9401100,independent,16,128,9401100,32,31,31,31,31,31,32,32,32,32,32,31,1.7988306173812597e-16,1.2374534054038871e-15
independent_n16_T128_s9401100,independent,16,128,9401100,64,63,63,63,63,63,64,64,64,64,64,63,2.4420112591790287e-16,1.8717327780877775e-15
independent_n16_T128_s9401100,independent,16,128,9401100,128,127,127,127,127,127,128,128,128,128,128,127,3.4806148251006543e-16,3.045752633729883e-15
independent_n16_T128_s9401101,independent,16,128,9401101,8,7,7,7,7,7,8,8,8,8,8,7,1.1154974652735948e-16,6.681821132540781e-16
independent_n16_T128_s9401101,independent,16,128,9401101,16,15,15,15,15,15,16,16,16,16,16,15,1.4331019158872632e-16,8.245098117112083e-16
independent_n16_T128_s9401101,independent,16,128,9401101,32,31,31,31,31,31,32,32,32,32,32,31,1.7871773083346812e-16,1.2999458857456028e-15
independent_n16_T128_s9401101,independent,16,128,9401101,64,63,63,63,63,63,64,64,64,64,64,63,2.509758057925386e-16,2.0994679298862815e-15
independent_n16_T128_s9401101,independent,16,128,9401101,128,127,127,127,127,127,128,128,128,128,128,127,3.472866706848233e-16,3.3344358050130203e-15
independent_n16_T128_s9401102,independent,16,128,9401102,8,7,7,7,7,7,8,8,8,8,8,7,1.2447064588111928e-16,7.307147063016002e-16
independent_n16_T128_s9401102,independent,16,128,9401102,16,15,15,15,15,15,16,16,16,16,16,15,1.4917923976691826e-16,1.0190271090768829e-15
independent_n16_T128_s9401102,independent,16,128,9401102,32,31,31,31,31,31,32,32,32,32,32,31,1.916803279241627e-16,1.2521212713110128e-15
independent_n16_T128_s9401102,independent,16,128,9401102,64,63,63,63,63,63,64,64,64,64,64,63,2.5418194707775763e-16,2.056056045119693e-15
independent_n16_T128_s9401102,independent,16,128,9401102,128,127,127,127,127,127,128,128,128,128,128,127,3.537794697351177e-16,3.1184075613405316e-15
independent_n16_T128_s9401103,independent,16,128,9401103,8,7,7,7,7,7,8,8,8,8,8,7,1.1146712241708743e-16,4.633328578245898e-16
independent_n16_T128_s9401103,independent,16,128,9401103,16,15,15,15,15,15,16,16,16,16,16,15,1.5413403566210446e-16,6.279763142675441e-16
independent_n16_T128_s9401103,independent,16,128,9401103,32,31,31,31,31,31,32,32,32,32,32,31,1.9277603681439396e-16,1.236349548056104e-15
independent_n16_T128_s9401103,independent,16,128,9401103,64,63,63,63,63,63,64,64,64,64,64,63,2.5854325668485125e-16,1.8636078240984747e-15
independent_n16_T128_s9401103,independent,16,128,9401103,128,127,127,127,127,127,128,128,128,128,128,127,3.6325518331206553e-16,2.9855688257693835e-15
independent_n16_T128_s9401104,independent,16,128,9401104,8,7,7,7,7,7,8,8,8,8,8,7,1.1109176177229374e-16,5.010675280701761e-16
independent_n16_T128_s9401104,independent,16,128,9401104,16,15,15,15,15,15,16,16,16,16,16,15,1.3209659520398458e-16,8.299008737034628e-16
independent_n16_T128_s9401104,independent,16,128,9401104,32,31,31,31,31,31,32,32,32,32,32,31,1.7497508384270891e-16,1.1879203970901433e-15
independent_n16_T128_s9401104,independent,16,128,9401104,64,63,63,63,63,63,64,64,64,64,64,63,2.4853507609283696e-16,2.066364228853848e-15
independent_n16_T128_s9401104,independent,16,128,9401104,128,127,127,127,127,127,128,128,128,128,128,127,3.512412556059506e-16,3.2001065319830856e-15
rank1_feedback_n8_T32_s9401100,rank1_feedback,8,32,9401100,8,7,7,7,7,7,8,8,8,8,8,7,1.2754560163970515e-16,6.278460788941125e-16
rank1_feedback_n8_T32_s9401100,rank1_feedback,8,32,9401100,16,15,15,15,15,15,16,16,16,16,16,15,1.6371524023676974e-16,1.0827594520603806e-15
rank1_feedback_n8_T32_s9401100,rank1_feedback,8,32,9401100,32,31,31,31,31,31,32,32,32,32,32,31,1.918522360570045e-16,2.1580940211001537e-15
rank1_feedback_n8_T32_s9401100,rank1_feedback,8,32,9401100,64,63,63,63,63,63,64,64,64,64,64,63,2.6631782585160237e-16,3.4410153872494307e-15
rank1_feedback_n8_T32_s9401100,rank1_feedback,8,32,9401100,128,127,127,127,127,127,128,128,128,128,128,127,3.4544396803835174e-16,5.264318276835341e-15
rank1_feedback_n8_T32_s9401101,rank1_feedback,8,32,9401101,8,7,7,7,7,7,8,8,8,8,8,7,1.0831102551694106e-16,5.981343118911987e-16
rank1_feedback_n8_T32_s9401101,rank1_feedback,8,32,9401101,16,15,15,15,15,15,16,16,16,16,16,15,1.2789910437296359e-16,1.1536274016982657e-15
rank1_feedback_n8_T32_s9401101,rank1_feedback,8,32,9401101,32,31,31,31,31,31,32,32,32,32,32,31,1.778041985012213e-16,2.0058897833674472e-15
rank1_feedback_n8_T32_s9401101,rank1_feedback,8,32,9401101,64,63,63,63,63,63,64,64,64,64,64,63,2.426041268170483e-16,3.1991553229675162e-15
rank1_feedback_n8_T32_s9401101,rank1_feedback,8,32,9401101,128,127,127,127,127,127,128,128,128,128,128,127,3.3626612598355567e-16,4.925234404564009e-15
rank1_feedback_n8_T32_s9401102,rank1_feedback,8,32,9401102,8,7,7,7,7,7,8,8,8,8,8,7,1.3611568942666538e-16,4.471998437626386e-16
rank1_feedback_n8_T32_s9401102,rank1_feedback,8,32,9401102,16,15,15,15,15,15,16,16,16,16,16,15,1.5600043269142094e-16,1.0539198265766038e-15
rank1_feedback_n8_T32_s9401102,rank1_feedback,8,32,9401102,32,31,31,31,31,31,32,32,32,32,32,31,2.0163278426853494e-16,1.9475454009375453e-15
rank1_feedback_n8_T32_s9401102,rank1_feedback,8,32,9401102,64,63,63,63,63,63,64,64,64,64,64,63,2.689817094649896e-16,3.2050163161708708e-15
rank1_feedback_n8_T32_s9401102,rank1_feedback,8,32,9401102,128,127,127,127,127,127,128,128,128,128,128,127,3.4771375829943687e-16,5.01644186241864e-15
rank1_feedback_n8_T32_s9401103,rank1_feedback,8,32,9401103,8,7,7,7,7,7,8,8,8,8,8,7,1.131650923581421e-16,7.874384154752008e-16
rank1_feedback_n8_T32_s9401103,rank1_feedback,8,32,9401103,16,15,15,15,15,15,16,16,16,16,16,15,1.5271311352011146e-16,1.2414338247003991e-15
rank1_feedback_n8_T32_s9401103,rank1_feedback,8,32,9401103,32,31,31,31,31,31,32,32,32,32,32,31,2.0318180610283336e-16,2.1023950987134117e-15
rank1_feedback_n8_T32_s9401103,rank1_feedback,8,32,9401103,64,63,63,63,63,63,64,64,64,64,64,63,2.790029658148538e-16,3.321034827551348e-15
rank1_feedback_n8_T32_s9401103,rank1_feedback,8,32,9401103,128,127,127,127,127,127,128,128,128,128,128,127,3.61624730360446e-16,5.1899296235545256e-15
rank1_feedback_n8_T32_s9401104,rank1_feedback,8,32,9401104,8,7,7,7,7,7,8,8,8,8,8,7,1.20393282736165e-16,4.950323222051137e-16
rank1_feedback_n8_T32_s9401104,rank1_feedback,8,32,9401104,16,15,15,15,15,15,16,16,16,16,16,15,1.432868403196164e-16,1.0866415719329754e-15
rank1_feedback_n8_T32_s9401104,rank1_feedback,8,32,9401104,32,31,31,31,31,31,32,32,32,32,32,31,1.9115481971572333e-16,2.0220762584394195e-15
rank1_feedback_n8_T32_s9401104,rank1_feedback,8,32,9401104,64,63,63,63,63,63,64,64,64,64,64,63,2.5801381714931073e-16,3.437510077939376e-15
rank1_feedback_n8_T32_s9401104,rank1_feedback,8,32,9401104,128,127,127,127,127,127,128,128,128,128,128,127,3.527173316727509e-16,5.33270345688698e-15
rank1_feedback_n8_T128_s9401100,rank1_feedback,8,128,9401100,8,7,7,7,7,7,8,8,8,8,8,7,9.761670215738716e-17,8.218267915161044e-16
rank1_feedback_n8_T128_s9401100,rank1_feedback,8,128,9401100,16,15,15,15,15,15,16,16,16,16,16,15,1.5002116740718668e-16,1.1731713557012796e-15
rank1_feedback_n8_T128_s9401100,rank1_feedback,8,128,9401100,32,31,31,31,31,31,32,32,32,32,32,31,2.0023780009470295e-16,2.057526294090045e-15
rank1_feedback_n8_T128_s9401100,rank1_feedback,8,128,9401100,64,63,63,63,63,63,64,64,64,64,64,63,2.573996265475501e-16,3.3580058020993126e-15
rank1_feedback_n8_T128_s9401100,rank1_feedback,8,128,9401100,128,127,127,127,127,127,128,128,128,128,128,127,3.377914312765267e-16,5.1068033166584076e-15
rank1_feedback_n8_T128_s9401101,rank1_feedback,8,128,9401101,8,7,7,7,7,7,8,8,8,8,8,7,1.0644041316952428e-16,5.645790094684628e-16
rank1_feedback_n8_T128_s9401101,rank1_feedback,8,128,9401101,16,15,15,15,15,15,16,16,16,16,16,15,1.244916471630486e-16,1.2245119252435057e-15
rank1_feedback_n8_T128_s9401101,rank1_feedback,8,128,9401101,32,31,31,31,31,31,32,32,32,32,32,31,1.6626892810427427e-16,2.109055200927976e-15
rank1_feedback_n8_T128_s9401101,rank1_feedback,8,128,9401101,64,63,63,63,63,63,64,64,64,64,64,63,2.402905892840366e-16,3.4329268969936753e-15
rank1_feedback_n8_T128_s9401101,rank1_feedback,8,128,9401101,128,127,127,127,127,127,128,128,128,128,128,127,3.235162725622325e-16,5.061127658709256e-15
rank1_feedback_n8_T128_s9401102,rank1_feedback,8,128,9401102,8,7,7,7,7,7,8,8,8,8,8,7,9.93372839520219e-17,6.217608976980933e-16
rank1_feedback_n8_T128_s9401102,rank1_feedback,8,128,9401102,16,15,15,15,15,15,16,16,16,16,16,15,1.4400556106601716e-16,9.330055100368954e-16
rank1_feedback_n8_T128_s9401102,rank1_feedback,8,128,9401102,32,31,31,31,31,31,32,32,32,32,32,31,1.8070145589225924e-16,1.8299890588566784e-15
rank1_feedback_n8_T128_s9401102,rank1_feedback,8,128,9401102,64,63,63,63,63,63,64,64,64,64,64,63,2.558247636528424e-16,3.199096500800416e-15
rank1_feedback_n8_T128_s9401102,rank1_feedback,8,128,9401102,128,127,127,127,127,127,128,128,128,128,128,127,3.4221131834775524e-16,4.92391059759121e-15
rank1_feedback_n8_T128_s9401103,rank1_feedback,8,128,9401103,8,7,7,7,7,7,8,8,8,8,8,7,1.2889380318974698e-16,5.356412804793006e-16
rank1_feedback_n8_T128_s9401103,rank1_feedback,8,128,9401103,16,15,15,15,15,15,16,16,16,16,16,15,1.5486362686244193e-16,8.09037589182467e-16
rank1_feedback_n8_T128_s9401103,rank1_feedback,8,128,9401103,32,31,31,31,31,31,32,32,32,32,32,31,1.9818068638703322e-16,1.7843183931395647e-15
rank1_feedback_n8_T128_s9401103,rank1_feedback,8,128,9401103,64,63,63,63,63,63,64,64,64,64,64,63,2.6931387409873955e-16,3.1840072226622966e-15
rank1_feedback_n8_T128_s9401103,rank1_feedback,8,128,9401103,128,127,127,127,127,127,128,128,128,128,128,127,3.6040638411884585e-16,5.200888161776475e-15
rank1_feedback_n8_T128_s9401104,rank1_feedback,8,128,9401104,8,7,7,7,7,7,8,8,8,8,8,7,1.1632063101213104e-16,3.7271570515422655e-16
rank1_feedback_n8_T128_s9401104,rank1_feedback,8,128,9401104,16,15,15,15,15,15,16,16,16,16,16,15,1.588064205178502e-16,1.163159716473968e-15
rank1_feedback_n8_T128_s9401104,rank1_feedback,8,128,9401104,32,31,31,31,31,31,32,32,32,32,32,31,1.8790574774966726e-16,2.0215236447553627e-15
rank1_feedback_n8_T128_s9401104,rank1_feedback,8,128,9401104,64,63,63,63,63,63,64,64,64,64,64,63,2.4832998372711005e-16,3.430889882948922e-15
rank1_feedback_n8_T128_s9401104,rank1_feedback,8,128,9401104,128,127,127,127,127,127,128,128,128,128,128,127,3.4006751359636295e-16,5.307051227194964e-15
rank1_feedback_n16_T32_s9401100,rank1_feedback,16,32,9401100,8,7,7,7,7,7,8,8,8,8,8,7,1.1372619552948169e-16,9.646574226199838e-16
rank1_feedback_n16_T32_s9401100,rank1_feedback,16,32,9401100,16,15,15,15,15,15,16,16,16,16,16,15,1.4453551612037225e-16,1.5928824940060624e-15
rank1_feedback_n16_T32_s9401100,rank1_feedback,16,32,9401100,32,31,31,31,31,31,32,32,32,32,32,31,1.8030156577923592e-16,2.5635345099828183e-15
rank1_feedback_n16_T32_s9401100,rank1_feedback,16,32,9401100,64,63,63,63,63,63,64,64,64,64,64,63,2.5466947225252566e-16,4.341714137723496e-15
rank1_feedback_n16_T32_s9401100,rank1_feedback,16,32,9401100,128,127,127,127,127,127,128,128,128,128,128,127,3.567349761598213e-16,6.926927631377113e-15
rank1_feedback_n16_T32_s9401101,rank1_feedback,16,32,9401101,8,7,7,7,7,7,8,8,8,8,8,7,1.2300787014197195e-16,7.780652242096977e-16
rank1_feedback_n16_T32_s9401101,rank1_feedback,16,32,9401101,16,15,15,15,15,15,16,16,16,16,16,15,1.4485953879944557e-16,1.3396301606793288e-15
rank1_feedback_n16_T32_s9401101,rank1_feedback,16,32,9401101,32,31,31,31,31,31,32,32,32,32,32,31,1.9295338512957007e-16,2.0670508645977075e-15
rank1_feedback_n16_T32_s9401101,rank1_feedback,16,32,9401101,64,63,63,63,63,63,64,64,64,64,64,63,2.5494442247814096e-16,3.9207944593771426e-15
rank1_feedback_n16_T32_s9401101,rank1_feedback,16,32,9401101,128,127,127,127,127,127,128,128,128,128,128,127,3.6623775693638784e-16,6.766938335950654e-15
rank1_feedback_n16_T32_s9401102,rank1_feedback,16,32,9401102,8,7,7,7,7,7,8,8,8,8,8,7,1.2638672365565203e-16,8.239020968985096e-16
rank1_feedback_n16_T32_s9401102,rank1_feedback,16,32,9401102,16,15,15,15,15,15,16,16,16,16,16,15,1.4691531778436975e-16,1.256508877913771e-15
rank1_feedback_n16_T32_s9401102,rank1_feedback,16,32,9401102,32,31,31,31,31,31,32,32,32,32,32,31,1.9095330551103667e-16,2.2496827028001744e-15
rank1_feedback_n16_T32_s9401102,rank1_feedback,16,32,9401102,64,63,63,63,63,63,64,64,64,64,64,63,2.68213298013921e-16,4.0455893540446804e-15
rank1_feedback_n16_T32_s9401102,rank1_feedback,16,32,9401102,128,127,127,127,127,127,128,128,128,128,128,127,3.742960669366894e-16,6.538366496983292e-15
rank1_feedback_n16_T32_s9401103,rank1_feedback,16,32,9401103,8,7,7,7,7,7,8,8,8,8,8,7,1.217653618905291e-16,7.01626405787364e-16
rank1_feedback_n16_T32_s9401103,rank1_feedback,16,32,9401103,16,15,15,15,15,15,16,16,16,16,16,15,1.4674629634150658e-16,1.2845188517858231e-15
rank1_feedback_n16_T32_s9401103,rank1_feedback,16,32,9401103,32,31,31,31,31,31,32,32,32,32,32,31,1.856655695090735e-16,2.0751309718201317e-15
rank1_feedback_n16_T32_s9401103,rank1_feedback,16,32,9401103,64,63,63,63,63,63,64,64,64,64,64,63,2.625716661270727e-16,4.221957233582844e-15
rank1_feedback_n16_T32_s9401103,rank1_feedback,16,32,9401103,128,127,127,127,127,127,128,128,128,128,128,127,3.6947545944336256e-16,6.9632906823766536e-15
rank1_feedback_n16_T32_s9401104,rank1_feedback,16,32,9401104,8,7,7,7,7,7,8,8,8,8,8,7,1.1933008769908322e-16,1.0003155309682825e-15
rank1_feedback_n16_T32_s9401104,rank1_feedback,16,32,9401104,16,15,15,15,15,15,16,16,16,16,16,15,1.4156127122006297e-16,1.4640821148465687e-15
rank1_feedback_n16_T32_s9401104,rank1_feedback,16,32,9401104,32,31,31,31,31,31,32,32,32,32,32,31,1.841832699448833e-16,2.453260393341e-15
rank1_feedback_n16_T32_s9401104,rank1_feedback,16,32,9401104,64,63,63,63,63,63,64,64,64,64,64,63,2.525054408213362e-16,4.0538671358593956e-15
rank1_feedback_n16_T32_s9401104,rank1_feedback,16,32,9401104,128,127,127,127,127,127,128,128,128,128,128,127,3.7141976221835385e-16,6.812133825361331e-15
rank1_feedback_n16_T128_s9401100,rank1_feedback,16,128,9401100,8,7,7,7,7,7,8,8,8,8,8,7,1.1689678332905275e-16,6.0573871862327215e-16
rank1_feedback_n16_T128_s9401100,rank1_feedback,16,128,9401100,16,15,15,15,15,15,16,16,16,16,16,15,1.4180892957309875e-16,1.0001292539430596e-15
rank1_feedback_n16_T128_s9401100,rank1_feedback,16,128,9401100,32,31,31,31,31,31,32,32,32,32,32,31,1.8115868765195119e-16,1.852980761648028e-15
rank1_feedback_n16_T128_s9401100,rank1_feedback,16,128,9401100,64,63,63,63,63,63,64,64,64,64,64,63,2.5305790756838364e-16,3.796072554300176e-15
rank1_feedback_n16_T128_s9401100,rank1_feedback,16,128,9401100,128,127,127,127,127,127,128,128,128,128,128,127,3.620224155214082e-16,6.558213484270656e-15
rank1_feedback_n16_T128_s9401101,rank1_feedback,16,128,9401101,8,7,7,7,7,7,8,8,8,8,8,7,1.066431249965159e-16,5.416196411890468e-16
rank1_feedback_n16_T128_s9401101,rank1_feedback,16,128,9401101,16,15,15,15,15,15,16,16,16,16,16,15,1.4369957675677625e-16,1.009638321979635e-15
rank1_feedback_n16_T128_s9401101,rank1_feedback,16,128,9401101,32,31,31,31,31,31,32,32,32,32,32,31,1.9383943784928997e-16,2.063871871454849e-15
rank1_feedback_n16_T128_s9401101,rank1_feedback,16,128,9401101,64,63,63,63,63,63,64,64,64,64,64,63,2.581951062214033e-16,3.975293719275504e-15
rank1_feedback_n16_T128_s9401101,rank1_feedback,16,128,9401101,128,127,127,127,127,127,128,128,128,128,128,127,3.6926368577343186e-16,6.683945462543778e-15
rank1_feedback_n16_T128_s9401102,rank1_feedback,16,128,9401102,8,7,7,7,7,7,8,8,8,8,8,7,1.0920284988371395e-16,6.825735542606055e-16
rank1_feedback_n16_T128_s9401102,rank1_feedback,16,128,9401102,16,15,15,15,15,15,16,16,16,16,16,15,1.4676187213510494e-16,9.506994815673583e-16
rank1_feedback_n16_T128_s9401102,rank1_feedback,16,128,9401102,32,31,31,31,31,31,32,32,32,32,32,31,1.886882014850699e-16,1.9091535931873953e-15
rank1_feedback_n16_T128_s9401102,rank1_feedback,16,128,9401102,64,63,63,63,63,63,64,64,64,64,64,63,2.642697358126327e-16,3.9632927761981914e-15
rank1_feedback_n16_T128_s9401102,rank1_feedback,16,128,9401102,128,127,127,127,127,127,128,128,128,128,128,127,3.7035050140103073e-16,6.604005957399147e-15
rank1_feedback_n16_T128_s9401103,rank1_feedback,16,128,9401103,8,7,7,7,7,7,8,8,8,8,8,7,1.1990607682968293e-16,1.084105676908535e-15
rank1_feedback_n16_T128_s9401103,rank1_feedback,16,128,9401103,16,15,15,15,15,15,16,16,16,16,16,15,1.4506812235801645e-16,1.3557658412863553e-15
rank1_feedback_n16_T128_s9401103,rank1_feedback,16,128,9401103,32,31,31,31,31,31,32,32,32,32,32,31,1.8739107700756998e-16,2.1464168292556916e-15
rank1_feedback_n16_T128_s9401103,rank1_feedback,16,128,9401103,64,63,63,63,63,63,64,64,64,64,64,63,2.5943660867559893e-16,4.240621684635119e-15
rank1_feedback_n16_T128_s9401103,rank1_feedback,16,128,9401103,128,127,127,127,127,127,128,128,128,128,128,127,3.731460646067089e-16,7.034139617753631e-15
rank1_feedback_n16_T128_s9401104,rank1_feedback,16,128,9401104,8,7,7,7,7,7,8,8,8,8,8,7,1.2575611068156801e-16,3.250150798590961e-16
rank1_feedback_n16_T128_s9401104,rank1_feedback,16,128,9401104,16,15,15,15,15,15,16,16,16,16,16,15,1.5492331246503244e-16,9.070301562361703e-16
rank1_feedback_n16_T128_s9401104,rank1_feedback,16,128,9401104,32,31,31,31,31,31,32,32,32,32,32,31,1.8948176290851586e-16,1.9402667515394144e-15
rank1_feedback_n16_T128_s9401104,rank1_feedback,16,128,9401104,64,63,63,63,63,63,64,64,64,64,64,63,2.639287087014309e-16,3.941285071129614e-15
rank1_feedback_n16_T128_s9401104,rank1_feedback,16,128,9401104,128,127,127,127,127,127,128,128,128,128,128,127,3.671941457036474e-16,6.556849613892475e-15
full_feedback_n8_T32_s9401100,full_feedback,8,32,9401100,8,7,7,7,7,7,8,8,8,8,8,7,1.0471451772887979e-16,4.0501076360130283e-16
full_feedback_n8_T32_s9401100,full_feedback,8,32,9401100,16,15,15,15,15,15,16,16,16,16,16,15,1.334734228528053e-16,7.985452637205627e-16
full_feedback_n8_T32_s9401100,full_feedback,8,32,9401100,32,31,31,31,31,31,32,32,32,32,32,31,1.812418118056838e-16,1.22866667411262e-15
full_feedback_n8_T32_s9401100,full_feedback,8,32,9401100,64,63,63,63,63,63,64,64,64,64,64,63,2.541128117468634e-16,2.1957013613105712e-15
full_feedback_n8_T32_s9401100,full_feedback,8,32,9401100,128,127,127,127,127,127,128,128,128,128,128,127,3.5878067527209416e-16,3.77469288834675e-15
full_feedback_n8_T32_s9401101,full_feedback,8,32,9401101,8,7,7,7,7,7,8,8,8,8,8,7,1.1543979127699252e-16,6.319660804047989e-16
full_feedback_n8_T32_s9401101,full_feedback,8,32,9401101,16,15,15,15,15,15,16,16,16,16,16,15,1.5450923464189983e-16,8.862568769722914e-16
full_feedback_n8_T32_s9401101,full_feedback,8,32,9401101,32,31,31,31,31,31,32,32,32,32,32,31,1.9121461064682203e-16,1.2289818195240632e-15
full_feedback_n8_T32_s9401101,full_feedback,8,32,9401101,64,63,63,63,63,63,64,64,64,64,64,63,2.9018833000229804e-16,2.3381463723249283e-15
full_feedback_n8_T32_s9401101,full_feedback,8,32,9401101,128,127,127,127,127,127,128,128,128,128,128,127,4.011697096581373e-16,3.973166629863902e-15
full_feedback_n8_T32_s9401102,full_feedback,8,32,9401102,8,7,7,7,7,7,8,8,8,8,8,7,1.1872425326246237e-16,5.854524129436927e-16
full_feedback_n8_T32_s9401102,full_feedback,8,32,9401102,16,15,15,15,15,15,16,16,16,16,16,15,1.479351748533062e-16,1.0133457437264467e-15
full_feedback_n8_T32_s9401102,full_feedback,8,32,9401102,32,31,31,31,31,31,32,32,32,32,32,31,2.0162670940148865e-16,1.459547031212421e-15
full_feedback_n8_T32_s9401102,full_feedback,8,32,9401102,64,63,63,63,63,63,64,64,64,64,64,63,2.9589535164680407e-16,2.4182531386020908e-15
full_feedback_n8_T32_s9401102,full_feedback,8,32,9401102,128,127,127,127,127,127,128,128,128,128,128,127,3.834188104521576e-16,4.0993821475519386e-15
full_feedback_n8_T32_s9401103,full_feedback,8,32,9401103,8,7,7,7,7,7,8,8,8,8,8,7,1.1104006818751108e-16,5.702399037106628e-16
full_feedback_n8_T32_s9401103,full_feedback,8,32,9401103,16,15,15,15,15,15,16,16,16,16,16,15,1.448085658627843e-16,7.635044941461896e-16
full_feedback_n8_T32_s9401103,full_feedback,8,32,9401103,32,31,31,31,31,31,32,32,32,32,32,31,1.992094451166624e-16,1.1656659784749421e-15
full_feedback_n8_T32_s9401103,full_feedback,8,32,9401103,64,63,63,63,63,63,64,64,64,64,64,63,2.728505479704226e-16,2.251621629053407e-15
full_feedback_n8_T32_s9401103,full_feedback,8,32,9401103,128,127,127,127,127,127,128,128,128,128,128,127,3.8041873272539897e-16,3.929162001114693e-15
full_feedback_n8_T32_s9401104,full_feedback,8,32,9401104,8,7,7,7,7,7,8,8,8,8,8,7,1.243892765367335e-16,2.972185131864338e-16
full_feedback_n8_T32_s9401104,full_feedback,8,32,9401104,16,15,15,15,15,15,16,16,16,16,16,15,1.495393153772893e-16,9.84571277607619e-16
full_feedback_n8_T32_s9401104,full_feedback,8,32,9401104,32,31,31,31,31,31,32,32,32,32,32,31,1.9599568211765205e-16,1.2803976957401857e-15
full_feedback_n8_T32_s9401104,full_feedback,8,32,9401104,64,63,63,63,63,63,64,64,64,64,64,63,2.9567206487060315e-16,2.380822637744025e-15
full_feedback_n8_T32_s9401104,full_feedback,8,32,9401104,128,127,127,127,127,127,128,128,128,128,128,127,4.081108402579437e-16,4.026068044679707e-15
full_feedback_n8_T128_s9401100,full_feedback,8,128,9401100,8,7,7,7,7,7,8,8,8,8,8,7,1.0743022356014624e-16,6.699505517273512e-16
full_feedback_n8_T128_s9401100,full_feedback,8,128,9401100,16,15,15,15,15,15,16,16,16,16,16,15,1.393068575490712e-16,7.769168087106393e-16
full_feedback_n8_T128_s9401100,full_feedback,8,128,9401100,32,31,31,31,31,31,32,32,32,32,32,31,1.8177333949346458e-16,1.225418759337456e-15
full_feedback_n8_T128_s9401100,full_feedback,8,128,9401100,64,63,63,63,63,63,64,64,64,64,64,63,2.5040857504483537e-16,2.238038699508705e-15
full_feedback_n8_T128_s9401100,full_feedback,8,128,9401100,128,127,127,127,127,127,128,128,128,128,128,127,3.620579706082793e-16,3.9310024150044876e-15
full_feedback_n8_T128_s9401101,full_feedback,8,128,9401101,8,7,7,7,7,7,8,8,8,8,8,7,1.110498064403193e-16,6.322649166204679e-16
full_feedback_n8_T128_s9401101,full_feedback,8,128,9401101,16,15,15,15,15,15,16,16,16,16,16,15,1.444383519621765e-16,8.564429877246928e-16
full_feedback_n8_T128_s9401101,full_feedback,8,128,9401101,32,31,31,31,31,31,32,32,32,32,32,31,1.9770696947323519e-16,1.2985701286427866e-15
full_feedback_n8_T128_s9401101,full_feedback,8,128,9401101,64,63,63,63,63,63,64,64,64,64,64,63,2.8289320147433273e-16,2.26483961392532e-15
full_feedback_n8_T128_s9401101,full_feedback,8,128,9401101,128,127,127,127,127,127,128,128,128,128,128,127,3.945332187641393e-16,3.876911902008243e-15
full_feedback_n8_T128_s9401102,full_feedback,8,128,9401102,8,7,7,7,7,7,8,8,8,8,8,7,9.906976405658011e-17,5.47157404616832e-16
full_feedback_n8_T128_s9401102,full_feedback,8,128,9401102,16,15,15,15,15,15,16,16,16,16,16,15,1.2850595281367706e-16,8.218222235683523e-16
full_feedback_n8_T128_s9401102,full_feedback,8,128,9401102,32,31,31,31,31,31,32,32,32,32,32,31,1.8492099110345114e-16,1.2979568240713895e-15
full_feedback_n8_T128_s9401102,full_feedback,8,128,9401102,64,63,63,63,63,63,64,64,64,64,64,63,2.5990917314650486e-16,2.3971996436395514e-15
full_feedback_n8_T128_s9401102,full_feedback,8,128,9401102,128,127,127,127,127,127,128,128,128,128,128,127,3.7280509747105865e-16,4.022388425653043e-15
full_feedback_n8_T128_s9401103,full_feedback,8,128,9401103,8,7,7,7,7,7,8,8,8,8,8,7,1.1789164078985497e-16,8.333162380894286e-16
full_feedback_n8_T128_s9401103,full_feedback,8,128,9401103,16,15,15,15,15,15,16,16,16,16,16,15,1.4612048202601002e-16,8.962392057982277e-16
full_feedback_n8_T128_s9401103,full_feedback,8,128,9401103,32,31,31,31,31,31,32,32,32,32,32,31,1.9532339306140508e-16,1.2642609793550727e-15
full_feedback_n8_T128_s9401103,full_feedback,8,128,9401103,64,63,63,63,63,63,64,64,64,64,64,63,2.671779971087227e-16,2.2797977238664235e-15
full_feedback_n8_T128_s9401103,full_feedback,8,128,9401103,128,127,127,127,127,127,128,128,128,128,128,127,3.9019676762716423e-16,3.978737421313467e-15
full_feedback_n8_T128_s9401104,full_feedback,8,128,9401104,8,7,7,7,7,7,8,8,8,8,8,7,1.0944068798628205e-16,5.543178004318939e-16
full_feedback_n8_T128_s9401104,full_feedback,8,128,9401104,16,15,15,15,15,15,16,16,16,16,16,15,1.383161575072435e-16,1.0075374203394992e-15
full_feedback_n8_T128_s9401104,full_feedback,8,128,9401104,32,31,31,31,31,31,32,32,32,32,32,31,1.8754544302744566e-16,1.4343741889935992e-15
full_feedback_n8_T128_s9401104,full_feedback,8,128,9401104,64,63,63,63,63,63,64,64,64,64,64,63,2.7547377846219837e-16,2.655262543497014e-15
full_feedback_n8_T128_s9401104,full_feedback,8,128,9401104,128,127,127,127,127,127,128,128,128,128,128,127,4.0814160809156513e-16,4.1950545605704294e-15
full_feedback_n16_T32_s9401100,full_feedback,16,32,9401100,8,7,7,7,7,7,8,8,8,8,8,7,1.0380932973441975e-16,6.094473570885015e-16
full_feedback_n16_T32_s9401100,full_feedback,16,32,9401100,16,15,15,15,15,15,16,16,16,16,16,15,1.3144569290249277e-16,1.141240242920807e-15
full_feedback_n16_T32_s9401100,full_feedback,16,32,9401100,32,31,31,31,31,31,32,32,32,32,32,31,1.7671956374613472e-16,1.654560388815974e-15
full_feedback_n16_T32_s9401100,full_feedback,16,32,9401100,64,63,63,63,63,63,64,64,64,64,64,63,2.5446981086374595e-16,2.45217776639569e-15
full_feedback_n16_T32_s9401100,full_feedback,16,32,9401100,128,127,127,127,127,127,128,128,128,128,128,127,3.7323823827567874e-16,4.6995466471934934e-15
full_feedback_n16_T32_s9401101,full_feedback,16,32,9401101,8,7,7,7,7,7,8,8,8,8,8,7,1.1059804634049778e-16,9.698790695326118e-16
full_feedback_n16_T32_s9401101,full_feedback,16,32,9401101,16,15,15,15,15,15,16,16,16,16,16,15,1.3896349556970968e-16,1.2165525333722344e-15
full_feedback_n16_T32_s9401101,full_feedback,16,32,9401101,32,31,31,31,31,31,32,32,32,32,32,31,1.8176349333339066e-16,1.6067790168292409e-15
full_feedback_n16_T32_s9401101,full_feedback,16,32,9401101,64,63,63,63,63,63,64,64,64,64,64,63,2.5910470514669963e-16,2.3191122606299527e-15
full_feedback_n16_T32_s9401101,full_feedback,16,32,9401101,128,127,127,127,127,127,128,128,128,128,128,127,3.6829125252271957e-16,4.726361368379882e-15
full_feedback_n16_T32_s9401102,full_feedback,16,32,9401102,8,7,7,7,7,7,8,8,8,8,8,7,1.1038487524963676e-16,8.761207589631132e-16
full_feedback_n16_T32_s9401102,full_feedback,16,32,9401102,16,15,15,15,15,15,16,16,16,16,16,15,1.3251600905428114e-16,1.2637016565166282e-15
full_feedback_n16_T32_s9401102,full_feedback,16,32,9401102,32,31,31,31,31,31,32,32,32,32,32,31,1.801969626693076e-16,1.7903137872388892e-15
full_feedback_n16_T32_s9401102,full_feedback,16,32,9401102,64,63,63,63,63,63,64,64,64,64,64,63,2.6275443513884496e-16,2.5574174022824445e-15
full_feedback_n16_T32_s9401102,full_feedback,16,32,9401102,128,127,127,127,127,127,128,128,128,128,128,127,3.736022409368201e-16,4.885817295486549e-15
full_feedback_n16_T32_s9401103,full_feedback,16,32,9401103,8,7,7,7,7,7,8,8,8,8,8,7,1.1025230149632312e-16,7.091365355139307e-16
full_feedback_n16_T32_s9401103,full_feedback,16,32,9401103,16,15,15,15,15,15,16,16,16,16,16,15,1.4097813202208296e-16,1.0722422551607774e-15
full_feedback_n16_T32_s9401103,full_feedback,16,32,9401103,32,31,31,31,31,31,32,32,32,32,32,31,1.869289217243912e-16,1.3597990216375363e-15
full_feedback_n16_T32_s9401103,full_feedback,16,32,9401103,64,63,63,63,63,63,64,64,64,64,64,63,2.602914740766526e-16,2.3598195005416676e-15
full_feedback_n16_T32_s9401103,full_feedback,16,32,9401103,128,127,127,127,127,127,128,128,128,128,128,127,3.7748272992357266e-16,4.7009968135347455e-15
full_feedback_n16_T32_s9401104,full_feedback,16,32,9401104,8,7,7,7,7,7,8,8,8,8,8,7,1.077281437325642e-16,8.454886199922132e-16
full_feedback_n16_T32_s9401104,full_feedback,16,32,9401104,16,15,15,15,15,15,16,16,16,16,16,15,1.380137942122924e-16,1.0467355689805627e-15
full_feedback_n16_T32_s9401104,full_feedback,16,32,9401104,32,31,31,31,31,31,32,32,32,32,32,31,1.7955109131990403e-16,1.452648594951417e-15
full_feedback_n16_T32_s9401104,full_feedback,16,32,9401104,64,63,63,63,63,63,64,64,64,64,64,63,2.56174631538961e-16,2.361691791304281e-15
full_feedback_n16_T32_s9401104,full_feedback,16,32,9401104,128,127,127,127,127,127,128,128,128,128,128,127,3.749189213217164e-16,4.571283922654319e-15
full_feedback_n16_T128_s9401100,full_feedback,16,128,9401100,8,7,7,7,7,7,8,8,8,8,8,7,1.1277314108058071e-16,9.056164252306008e-16
full_feedback_n16_T128_s9401100,full_feedback,16,128,9401100,16,15,15,15,15,15,16,16,16,16,16,15,1.3862226444480483e-16,1.3916570898406147e-15
full_feedback_n16_T128_s9401100,full_feedback,16,128,9401100,32,31,31,31,31,31,32,32,32,32,32,31,1.8775188836063978e-16,1.9270307997723363e-15
full_feedback_n16_T128_s9401100,full_feedback,16,128,9401100,64,63,63,63,63,63,64,64,64,64,64,63,2.590923508634667e-16,2.9553377008249785e-15
full_feedback_n16_T128_s9401100,full_feedback,16,128,9401100,128,127,127,127,127,127,128,128,128,128,128,127,3.756797294379697e-16,4.810665876260902e-15
full_feedback_n16_T128_s9401101,full_feedback,16,128,9401101,8,7,7,7,7,7,8,8,8,8,8,7,1.0810180144315908e-16,8.05185325608058e-16
full_feedback_n16_T128_s9401101,full_feedback,16,128,9401101,16,15,15,15,15,15,16,16,16,16,16,15,1.3844915772531641e-16,1.0833181902263346e-15
full_feedback_n16_T128_s9401101,full_feedback,16,128,9401101,32,31,31,31,31,31,32,32,32,32,32,31,1.8153178316120397e-16,1.6752391609158534e-15
full_feedback_n16_T128_s9401101,full_feedback,16,128,9401101,64,63,63,63,63,63,64,64,64,64,64,63,2.547725425888361e-16,2.5458914732102787e-15
full_feedback_n16_T128_s9401101,full_feedback,16,128,9401101,128,127,127,127,127,127,128,128,128,128,128,127,3.7078065914403347e-16,4.6562906272170735e-15
full_feedback_n16_T128_s9401102,full_feedback,16,128,9401102,8,7,7,7,7,7,8,8,8,8,8,7,1.1044283107305094e-16,6.2991759938210155e-16
full_feedback_n16_T128_s9401102,full_feedback,16,128,9401102,16,15,15,15,15,15,16,16,16,16,16,15,1.4341741547623096e-16,8.689984226491933e-16
full_feedback_n16_T128_s9401102,full_feedback,16,128,9401102,32,31,31,31,31,31,32,32,32,32,32,31,1.8000298002593816e-16,1.27410184800667e-15
full_feedback_n16_T128_s9401102,full_feedback,16,128,9401102,64,63,63,63,63,63,64,64,64,64,64,63,2.5468533744384583e-16,2.089604982531986e-15
full_feedback_n16_T128_s9401102,full_feedback,16,128,9401102,128,127,127,127,127,127,128,128,128,128,128,127,3.778041767380861e-16,4.382119727196998e-15
full_feedback_n16_T128_s9401103,full_feedback,16,128,9401103,8,7,7,7,7,7,8,8,8,8,8,7,1.188829284223163e-16,7.699678347735076e-16
full_feedback_n16_T128_s9401103,full_feedback,16,128,9401103,16,15,15,15,15,15,16,16,16,16,16,15,1.4631965045576764e-16,1.2340238056468468e-15
full_feedback_n16_T128_s9401103,full_feedback,16,128,9401103,32,31,31,31,31,31,32,32,32,32,32,31,1.9190193891283405e-16,1.68606970878161e-15
full_feedback_n16_T128_s9401103,full_feedback,16,128,9401103,64,63,63,63,63,63,64,64,64,64,64,63,2.5844416579512935e-16,2.4516174090365333e-15
full_feedback_n16_T128_s9401103,full_feedback,16,128,9401103,128,127,127,127,127,127,128,128,128,128,128,127,3.7922883767483176e-16,4.723429738769769e-15
full_feedback_n16_T128_s9401104,full_feedback,16,128,9401104,8,7,7,7,7,7,8,8,8,8,8,7,1.1280544291497785e-16,9.49682359031379e-16
full_feedback_n16_T128_s9401104,full_feedback,16,128,9401104,16,15,15,15,15,15,16,16,16,16,16,15,1.3341791447627067e-16,1.3370959441358766e-15
full_feedback_n16_T128_s9401104,full_feedback,16,128,9401104,32,31,31,31,31,31,32,32,32,32,32,31,1.8650499048938565e-16,1.9026890692354778e-15
full_feedback_n16_T128_s9401104,full_feedback,16,128,9401104,64,63,63,63,63,63,64,64,64,64,64,63,2.648232522811333e-16,2.6382968364826073e-15
full_feedback_n16_T128_s9401104,full_feedback,16,128,9401104,128,127,127,127,127,127,128,128,128,128,128,127,3.850782843396141e-16,5.035100452423899e-15
deep3_n8_T32_s9401100,deep3,8,32,9401100,8,7,7,7,7,7,8,8,8,8,8,7,1.2014992132350932e-16,7.004015034485664e-16
deep3_n8_T32_s9401100,deep3,8,32,9401100,16,15,15,15,15,15,16,16,16,16,16,15,1.5961649729221222e-16,1.405226909375785e-15
deep3_n8_T32_s9401100,deep3,8,32,9401100,32,31,31,31,31,31,32,32,32,32,32,31,1.99151249211582e-16,2.203937304356905e-15
deep3_n8_T32_s9401100,deep3,8,32,9401100,64,63,63,63,63,63,64,64,64,64,64,63,2.607344535132978e-16,3.0073070264536865e-15
deep3_n8_T32_s9401100,deep3,8,32,9401100,128,127,127,127,127,127,128,128,128,128,128,127,3.65121987058854e-16,4.585378515436615e-15
deep3_n8_T32_s9401101,deep3,8,32,9401101,8,7,7,7,7,7,8,8,8,8,8,7,1.1769782584805993e-16,1.8681668368714927e-15
deep3_n8_T32_s9401101,deep3,8,32,9401101,16,15,15,15,15,15,16,16,16,16,16,15,1.5187961262237928e-16,2.451076288288952e-15
deep3_n8_T32_s9401101,deep3,8,32,9401101,32,31,31,31,31,31,32,32,32,32,32,31,1.9530339095252173e-16,2.9318171974033248e-15
deep3_n8_T32_s9401101,deep3,8,32,9401101,64,63,63,63,63,63,64,64,64,64,64,63,2.645021816172632e-16,3.824221161068401e-15
deep3_n8_T32_s9401101,deep3,8,32,9401101,128,127,127,127,127,127,128,128,128,128,128,127,3.65228009755321e-16,5.272956900375717e-15
deep3_n8_T32_s9401102,deep3,8,32,9401102,8,7,7,7,7,7,8,8,8,8,8,7,1.1577973379584626e-16,1.4540392199224212e-15
deep3_n8_T32_s9401102,deep3,8,32,9401102,16,15,15,15,15,15,16,16,16,16,16,15,1.5033095322045488e-16,1.932108177614405e-15
deep3_n8_T32_s9401102,deep3,8,32,9401102,32,31,31,31,31,31,32,32,32,32,32,31,1.948278537359237e-16,2.5440083956081845e-15
deep3_n8_T32_s9401102,deep3,8,32,9401102,64,63,63,63,63,63,64,64,64,64,64,63,2.6198981462937054e-16,3.4088984677290025e-15
deep3_n8_T32_s9401102,deep3,8,32,9401102,128,127,127,127,127,127,128,128,128,128,128,127,3.6909238869587143e-16,5.0047780564191446e-15
deep3_n8_T32_s9401103,deep3,8,32,9401103,8,7,7,7,7,7,8,8,8,8,8,7,1.2650988334972338e-16,1.1640743609552551e-15
deep3_n8_T32_s9401103,deep3,8,32,9401103,16,15,15,15,15,15,16,16,16,16,16,15,1.5355152939503378e-16,1.7854286937517027e-15
deep3_n8_T32_s9401103,deep3,8,32,9401103,32,31,31,31,31,31,32,32,32,32,32,31,2.0316401703010595e-16,2.4280107015238703e-15
deep3_n8_T32_s9401103,deep3,8,32,9401103,64,63,63,63,63,63,64,64,64,64,64,63,2.657266612410177e-16,3.297916210128593e-15
deep3_n8_T32_s9401103,deep3,8,32,9401103,128,127,127,127,127,127,128,128,128,128,128,127,3.7720149552422023e-16,4.895565028212906e-15
deep3_n8_T32_s9401104,deep3,8,32,9401104,8,7,7,7,7,7,8,8,8,8,8,7,1.1372407614432442e-16,1.0525441457676573e-15
deep3_n8_T32_s9401104,deep3,8,32,9401104,16,15,15,15,15,15,16,16,16,16,16,15,1.4797721042296067e-16,1.5483788146977727e-15
deep3_n8_T32_s9401104,deep3,8,32,9401104,32,31,31,31,31,31,32,32,32,32,32,31,2.0468535385638527e-16,2.289056645522274e-15
deep3_n8_T32_s9401104,deep3,8,32,9401104,64,63,63,63,63,63,64,64,64,64,64,63,2.7692861181037903e-16,3.3297375157099172e-15
deep3_n8_T32_s9401104,deep3,8,32,9401104,128,127,127,127,127,127,128,128,128,128,128,127,3.720579942664839e-16,4.910482138951456e-15
deep3_n8_T128_s9401100,deep3,8,128,9401100,8,7,7,7,7,7,8,8,8,8,8,7,1.206295278232798e-16,1.8905990088076203e-15
deep3_n8_T128_s9401100,deep3,8,128,9401100,16,15,15,15,15,15,16,16,16,16,16,15,1.5013589168203926e-16,2.26326681461209e-15
deep3_n8_T128_s9401100,deep3,8,128,9401100,32,31,31,31,31,31,32,32,32,32,32,31,1.9357207394445676e-16,2.8186456687334094e-15
deep3_n8_T128_s9401100,deep3,8,128,9401100,64,63,63,63,63,63,64,64,64,64,64,63,2.6418129254919016e-16,3.5676326402792665e-15
deep3_n8_T128_s9401100,deep3,8,128,9401100,128,127,127,127,127,127,128,128,128,128,128,127,3.6414924981064656e-16,5.184012065396228e-15
deep3_n8_T128_s9401101,deep3,8,128,9401101,8,7,7,7,7,7,8,8,8,8,8,7,1.2504206966338756e-16,1.148053599496967e-15
deep3_n8_T128_s9401101,deep3,8,128,9401101,16,15,15,15,15,15,16,16,16,16,16,15,1.5050036655193325e-16,1.6410517949897637e-15
deep3_n8_T128_s9401101,deep3,8,128,9401101,32,31,31,31,31,31,32,32,32,32,32,31,1.9356785050492765e-16,2.5042105308244153e-15
deep3_n8_T128_s9401101,deep3,8,128,9401101,64,63,63,63,63,63,64,64,64,64,64,63,2.656961123474195e-16,3.552548138946838e-15
deep3_n8_T128_s9401101,deep3,8,128,9401101,128,127,127,127,127,127,128,128,128,128,128,127,3.605381827860234e-16,5.104294377894515e-15
deep3_n8_T128_s9401102,deep3,8,128,9401102,8,7,7,7,7,7,8,8,8,8,8,7,1.2461711999851578e-16,1.0709406434312691e-15
deep3_n8_T128_s9401102,deep3,8,128,9401102,16,15,15,15,15,15,16,16,16,16,16,15,1.4985187478585438e-16,1.3705283268263391e-15
deep3_n8_T128_s9401102,deep3,8,128,9401102,32,31,31,31,31,31,32,32,32,32,32,31,1.9140192225320426e-16,1.974719867506359e-15
deep3_n8_T128_s9401102,deep3,8,128,9401102,64,63,63,63,63,63,64,64,64,64,64,63,2.6339940935678787e-16,3.1591631641595977e-15
deep3_n8_T128_s9401102,deep3,8,128,9401102,128,127,127,127,127,127,128,128,128,128,128,127,3.5865297267261975e-16,4.739780455502517e-15
deep3_n8_T128_s9401103,deep3,8,128,9401103,8,7,7,7,7,7,8,8,8,8,8,7,1.0853812356662443e-16,1.0412770636673382e-15
deep3_n8_T128_s9401103,deep3,8,128,9401103,16,15,15,15,15,15,16,16,16,16,16,15,1.4884508580057329e-16,1.4781708150438155e-15
deep3_n8_T128_s9401103,deep3,8,128,9401103,32,31,31,31,31,31,32,32,32,32,32,31,1.9937290055477614e-16,2.08929358695077e-15
deep3_n8_T128_s9401103,deep3,8,128,9401103,64,63,63,63,63,63,64,64,64,64,64,63,2.720098594201631e-16,3.20141037056158e-15
deep3_n8_T128_s9401103,deep3,8,128,9401103,128,127,127,127,127,127,128,128,128,128,128,127,3.859077134101119e-16,4.9582892756298215e-15
deep3_n8_T128_s9401104,deep3,8,128,9401104,8,7,7,7,7,7,8,8,8,8,8,7,1.252160297137648e-16,1.2193915330778422e-15
deep3_n8_T128_s9401104,deep3,8,128,9401104,16,15,15,15,15,15,16,16,16,16,16,15,1.5143271607078607e-16,1.8434650831562097e-15
deep3_n8_T128_s9401104,deep3,8,128,9401104,32,31,31,31,31,31,32,32,32,32,32,31,2.0776897728095646e-16,2.4208139991119537e-15
deep3_n8_T128_s9401104,deep3,8,128,9401104,64,63,63,63,63,63,64,64,64,64,64,63,2.7892641114156864e-16,3.579707430099678e-15
deep3_n8_T128_s9401104,deep3,8,128,9401104,128,127,127,127,127,127,128,128,128,128,128,127,3.8185538060631036e-16,4.9600044632277144e-15
deep3_n16_T32_s9401100,deep3,16,32,9401100,8,7,7,7,7,7,8,8,8,8,8,7,1.1516635919757307e-16,3.1038454383063986e-15
deep3_n16_T32_s9401100,deep3,16,32,9401100,16,15,15,15,15,15,16,16,16,16,16,15,1.3864337930557647e-16,4.239517899164044e-15
deep3_n16_T32_s9401100,deep3,16,32,9401100,32,31,31,31,31,31,32,32,32,32,32,31,1.8244030823481245e-16,5.545845457992819e-15
deep3_n16_T32_s9401100,deep3,16,32,9401100,64,63,63,63,63,63,64,64,64,64,64,63,2.494970813382883e-16,7.26978695702954e-15
deep3_n16_T32_s9401100,deep3,16,32,9401100,128,127,127,127,127,127,128,128,128,128,128,127,3.5478115260073454e-16,1.0558660640886144e-14
