file,sha256,bytes
block4_n16_T128_s9401100.npz,accc2bffcc4dd6a13fd2688b40d393eaa4698a53a9f7676b64a82919132c0cc4,29931
block4_n16_T128_s9401101.npz,6ada8bbad4ed3c2c368e8ff5367c667c4424762a368df9a6b17caad670f730c2,29946
block4_n16_T128_s9401102.npz,acbf920e27419140e4420e1e79cbbdc8d5a266779815bf81b51660c276db476c,29933
block4_n16_T128_s9401103.npz,059e920f80af342515b645b4657fdce765629d98fd970866808e53549d5e95b6,29949
block4_n16_T128_s9401104.npz,95e8c0c3945ed551b147f7edd62c2eff4f7dc28a5a99fe151592f1a425a5ddc2,29961
block4_n16_T32_s9401100.npz,66ca62d86a2b96088f7b88fc0944f9b45eec3aaeb4d130a01544011246eba04c,18213
block4_n16_T32_s9401101.npz,64185a28c74309e251396299a512f4ad4809f95ac56e89f61021ec1e8b8ad040,18243
block4_n16_T32_s9401102.npz,5111a455aacb36518eab67c4a8c30abb7859c69567b2632b470538a33f9181e2,18243
block4_n16_T32_s9401103.npz,c51af348e9a5f9f068c8d0eff3f5e89a3e60b4b4106915a459d078e3a5d17346,18224
block4_n16_T32_s9401104.npz,82aea2bb4a5bdcfcbfd648135623d54c4f832c9a6c4da7f617df0edaa1a4096c,18245
block4_n8_T128_s9401100.npz,b421c8c640ac585151087297145c6695ad9bacd85af3ab4cf5a348c131db72ac,12998
block4_n8_T128_s9401101.npz,6f771eb6be513189806abaa1bc37d7c45460f50b781d06eaaa927cf0c32b9dc8,13005
block4_n8_T128_s9401102.npz,7b13080dc06f3e274f1384e0b6c783f9d945f3cc1bddec117ca3476f480edc7c,13006
block4_n8_T128_s9401103.npz,ebea857c8ad1a1a68045fa0b2e2b8777f7370f31a7f1c77e597684ddeeea2681,13001
block4_n8_T128_s9401104.npz,f6269ed30b9346c1ced3c3966921ae751f30c812d2da08b7c3a1ea9a3ad798a0,13007
block4_n8_T32_s9401100.npz,6a97253f5818474f9cd9ffe11b8bba4e70561f604d6bc727f9991f27bb477865,7154
block4_n8_T32_s9401101.npz,3b526bdaf0e85c82178a39d92da79a1720ff428f88cba1892e682a85bfafc2ad,7158
block4_n8_T32_s9401102.npz,bb0368f4092cdd8b84d77afbf7b32140565a9a4c0e4980dc85c0772086020a81,7157
block4_n8_T32_s9401103.npz,d64d199b8f92508c7b0ea5e499c6653f6f066afd92510a2cc3ba3ef594f3ab47,7161
block4_n8_T32_s9401104.npz,b1b10a5c15e0a036c7665470f3b842beb049e3d36a7758d93e706aafa64ec1be,7165
deep2_n16_T128_s9401100.npz,4c73492c6fc168380eaa60431831c692faf15e77b262742c4f4a05192887686e,219719
deep2_n16_T128_s9401101.npz,22b8ebb9c24f23c9a927e072324a1704fc58d5bfabb0d30043b4fb5a17fb39d1,219682
deep2_n16_T128_s9401102.npz,cba5a60e819fa7f27522f60001c89c3184a226813a1b50461846e005dd01a2eb,219662
deep2_n16_T128_s9401103.npz,12a8b4e2db950fe0319a63b12677cb13d10af5fafc727fcffff0b019de38c155,219668
deep2_n16_T128_s9401104.npz,47129c064577db8024001a492e7e9982ba4436269d708c660a185dbc05b404b4,219753
deep2_n16_T32_s9401100.npz,2908ffaaaff4430cfbc6ee3bf456718edd2bc60e17961a1d2d89faeaaa30248c,207988
deep2_n16_T32_s9401101.npz,1571153123ae156e3ff2d320f360178324acc2a7e0ac38a8e2fae6a245e28710,207975
deep2_n16_T32_s9401102.npz,e1ee28f02cf785f6c9342ac551819a9620889d9de0b756b3e4a394e5238357be,208019
deep2_n16_T32_s9401103.npz,0d2d1ad0c2808086994207875a2bb00344fd77fa07732aca8818bbda34d782b0,207970
deep2_n16_T32_s9401104.npz,4fd5e28d5d3f4a65a4dda3866b1097d11f004e071f9ccc83d7465ae41a7f2fb2,208032
deep2_n8_T128_s9401100.npz,ebc753e3b0e51aa9a2fd739297fbdfbc9538ba02b7b500fe0c0812453639451d,36101
deep2_n8_T128_s9401101.npz,ee600c2b59e9625628d66a6239134b959ac2668275b95452fdb8a69d82a5bf7d,36105
deep2_n8_T128_s9401102.npz,21f766f96e8fed75ef62d8ab3573e3a6afb8c43977a5d80374b44ca94954a498,36095
deep2_n8_T128_s9401103.npz,0b566b52566a23408786795c8cae59cf2a79eb47eeb21849e706e688330886db,36116
deep2_n8_T128_s9401104.npz,b4259037a7aa9b9e0fd9cdbc4bf503d63aaa3cdc230b4561d22bcf83d3d012dc,36122
deep2_n8_T32_s9401100.npz,d071db819fcff031caa8a245d167c2a3a1d05f609c233dda2eedf3af7bb555cd,30266
deep2_n8_T32_s9401101.npz,fa76a47fa612dc514a855fb47f526437ce121ef8b89fb2cdae651c6b44754eab,30255
deep2_n8_T32_s9401102.npz,86f01060e3d43a06d2851739d3349bf4501436f477bb7401bf4b066064ee9ff5,30240
deep2_n8_T32_s9401103.npz,600da841011e79969cc528c1d4a144b1119c72ccb6c71cd1cac7d3aadcfdb7e4,30262
deep2_n8_T32_s9401104.npz,9e8c0b44a4a95dbeb7c45c55dbe2b5dd0bb562b73f2f469d96fcfa7cb95aaf8d,30258
deep3_n16_T128_s9401100.npz,774da40dce1eb3cbc5ca59b3ee21e61aee34ea4850af84794c1731253c902071,418935
deep3_n16_T128_s9401101.npz,f2021a9cc88b16e15cd078c0c49deb2521eed486db15f405c4cfda412bd35cca,418924
deep3_n16_T128_s9401102.npz,7920c58fce8ce010bd495e63437fc89a59a9e477e937414573ec42bcd058f9a0,418886
deep3_n16_T128_s9401103.npz,001db1c712f496c98375547453d18514adab8799a7271ff489a600828ba9fba6,418903
deep3_n16_T128_s9401104.npz,1ff92e6629401fab49ec83ce4cca0b1a13c5653be6344661f0de8736ca277a7b,418971
deep3_n16_T32_s9401100.npz,748448e1dc6f9a60372c60b0f2168a8ae0f70fb7a2b683b120ca4b6f56791529,407211
deep3_n16_T32_s9401101.npz,6aef87b4439745f516c9d2480a499eb3427046495b48e5f1299fa70dcec46eb8,407254
deep3_n16_T32_s9401102.npz,e3dce71f2ff57bffcdd6dfc49fae7138ac77b7ba0d15cf080ac5b1bf2973b805,407287
deep3_n16_T32_s9401103.npz,a4362caa300c2503be41c372788cd6626168584c8b794de6861720307e288fc5,407170
deep3_n16_T32_s9401104.npz,551427f35bf2860072c3c58d6cc225dacf6118f7da4eb78869d063a24a5fb591,407194
deep3_n8_T128_s9401100.npz,5f522d3ba21e8f60b126766b93915f6dacfc25b39c3a19182e0b978c127bfaf4,62309
deep3_n8_T128_s9401101.npz,6ab1e2ea439bf909a93ae03fa269ca3fd519035b4ceb453474936ac749b27d0d,62331
deep3_n8_T128_s9401102.npz,7892a225b4d74a2d3b16b9318693f5faebae61ccda75a9e9002d6adf043be652,62313
deep3_n8_T128_s9401103.npz,31df7b1391751642a136f93a05a881ffd5993ddf8d6468a23e9e34234077eea7,62333
deep3_n8_T128_s9401104.npz,7245e41fc3a334cf0ec537bb3738b3c856a37ccbba91913c7b699e7361186f57,62347
deep3_n8_T32_s9401100.npz,d4d790817c4c9169a9a84df09358f040bab328098d0e7bd5e9bca0002dde2946,56471
deep3_n8_T32_s9401101.npz,250b158378ac5c340c9fc2c8ebf34d09599258e818f72d612fa3587b425b5634,56457
deep3_n8_T32_s9401102.npz,e2ff9494f2dd091e9b6a71fd6020bc0fa7e49cf12dd8c041242e4e6c5209b2cb,56467
deep3_n8_T32_s9401103.npz,c25a068ecf80bfce9ab6819b5011d3518087211d92f178f670ca594ad50211ce,56464
deep3_n8_T32_s9401104.npz,aa489c9d64b9c1cead5b7ebee444260e231c1c745e4a96503145b61d42b8a96c,56483
explicit_feedback_n16_T128_s9401100.npz,fb91df0ebbf4f53e64fc0d16b05f39c9220967e0e6eb33317ff6c8a414da6157,87879
explicit_feedback_n16_T128_s9401101.npz,db4f61e225ac98cbfe02d5429ace661f0a34acc8e5902703454031038259264c,87819
explicit_feedback_n16_T128_s9401102.npz,9a01b0cda19cab41cacc4f0528751f059cf5f7fba27f7bae14243d53a2cf6c63,87783
explicit_feedback_n16_T128_s9401103.npz,64f451adda23a213e8dc249250873d56e1d09ce4a287cb9034ed4b5a57a143a1,87909
explicit_feedback_n16_T128_s9401104.npz,41f35c2bb50349124e34a57fc8e1d5ecf5144d9a53c6447b0f14c627c0b4eef8,87797
explicit_feedback_n16_T32_s9401100.npz,269035b8c596b4696a231f11efd14e1616efdd7eb29e770c14750bbb92e8a4dd,76083
explicit_feedback_n16_T32_s9401101.npz,3cb7e358c999401077a0044bd62c7b0ded31c88d1db76b6001be01d00a3c588f,76164
explicit_feedback_n16_T32_s9401102.npz,3dc1f30b9c406aa0553c2bb751db38e904df606c234d9b941e871cccb94a4ef4,76231
explicit_feedback_n16_T32_s9401103.npz,a302faa8c9d7bf245d2ff28c1161350a13f7fc14aeddfa3be76deaafa8dba4fc,76196
explicit_feedback_n16_T32_s9401104.npz,3f361489cbea82ab4c6676e3f28dc93083fadf62d08995e4225753d60c9e86b6,76163
explicit_feedback_n8_T128_s9401100.npz,ba3b05e69c41c334db8b9c8170a215adfee02846d3b59c00df60d8241740a01d,18861
explicit_feedback_n8_T128_s9401101.npz,2d8f4d5242035c645ae7c1629b2b59e3c6da5c4db53654d4397f1ed0cbac54fe,18849
explicit_feedback_n8_T128_s9401102.npz,766a00b6440dc362d833b244b08c5d1c15494c70f7e02a8e72c6a4e27f3556b7,18852
explicit_feedback_n8_T128_s9401103.npz,017138d5665594ed4fbb1da88c09559262f9a428eba07429b7b8458ff039dc8b,18858
explicit_feedback_n8_T128_s9401104.npz,256368734eb6b2963d14032954c42f667cfcc0126630d02fe01a3c31de6c9ab0,18870
explicit_feedback_n8_T32_s9401100.npz,d959650fbdf3a829f68df6908e65060004d4c0d4676a6919f132b90a8c57cef2,13026
explicit_feedback_n8_T32_s9401101.npz,eea9f5b9ae6ec2ab5ee28bd525b6be9d56acb9d85dedf6ea5868506d5ff68c79,13010
explicit_feedback_n8_T32_s9401102.npz,b2e16287c2817350adbd3fa2f4f614c3a3e8c3094e9283438ced76cbf91f742f,12999
explicit_feedback_n8_T32_s9401103.npz,b34a73623a71bbbe08af89b9723e2c52b0071ff8a0dda54ba052bed2dabead41,13018
explicit_feedback_n8_T32_s9401104.npz,8b582d844d7360fac5527d0d2a38542523136247a08dade380b3b449b570b47f,13014
full_feedback_n16_T128_s9401100.npz,d94fba61db227ccb1a5428ac6d269024037c9ba718c14f6c77f89bcbf7778a83,85655
full_feedback_n16_T128_s9401101.npz,e164aa8ba4cab8e8558d7f1decc08e421c9a2c3a8c09fc51df8239bd1a682e30,85656
full_feedback_n16_T128_s9401102.npz,17f0c210cfbc01725b8244b4593d3a6e05bc91dbf2837830314cd3883b36937b,85608
full_feedback_n16_T128_s9401103.npz,fea5a419d1f94ba07d204d43ef3ad4291862f397082ee31e0638519640712c2e,85640
full_feedback_n16_T128_s9401104.npz,4951adf52d73e1ddfeae4082662ad7aca0d981815d51499f8a033242e2279afe,85647
full_feedback_n16_T32_s9401100.npz,8135f1aae99f8e9684ebd9faf6668cc9dab7703ff0d841712753095605a1fe54,73918
full_feedback_n16_T32_s9401101.npz,a54e4fec15600bd53cbd5c6ad0dfbab598ff1d4680fbf151fc1ca6da6122cfc1,73948
full_feedback_n16_T32_s9401102.npz,a25767f79aa4cdcd87e2f00d8c85bbdd1a240a4d8379605f33d6a130eae02d8f,73931
full_feedback_n16_T32_s9401103.npz,440e6535adfc714a9e75f0e5c4c102110b6285e014689efadd82b94d90b7401b,73930
full_feedback_n16_T32_s9401104.npz,17de125de1ca5413da0c07d7dd60daba4e359d85823ce7a4c7d57a821788e7e7,73939
full_feedback_n8_T128_s9401100.npz,36b18332954328f414dab72f08d798f55a6d8c3d4f95aefdd45554c1d7bc14b8,18294
full_feedback_n8_T128_s9401101.npz,7d9c3ee757fd6728249e6c19e39515ccd715ad963750658824065034cdc79eb5,18314
full_feedback_n8_T128_s9401102.npz,adc8234e3c455bc7493db573b1569d8bfeff16999904efdce8b6a22274aadfc8,18296
full_feedback_n8_T128_s9401103.npz,cf5d44ce1a01f6969ea9b65766d44c6c95303dfe8880b4804d727abddb9af6ab,18294
full_feedback_n8_T128_s9401104.npz,0425ea4fc80ee0a169429d9c61c07057bfdc13ad5e1112ff77dd3858b6142c03,18308
full_feedback_n8_T32_s9401100.npz,8c59abfa5b5f1f96d7a5c9c0705de35bd59d3502197afdab1f9ac94c02542286,12466
full_feedback_n8_T32_s9401101.npz,062731bfe0bafd0c74258d065ce3920c18bf837533ef104b18c3b6c5085608d9,12463
full_feedback_n8_T32_s9401102.npz,c854a1134aede3f35c9bda4e4b94a74f37a29bd3f41e5db2cfcb8f8247a44db9,12449
full_feedback_n8_T32_s9401103.npz,b7cd35a01162eb1f76d2a469f9bac90cf364b055289914903b0c141fc6dce9c0,12460
full_feedback_n8_T32_s9401104.npz,68a10e4aab446dd78009d41edc0047f37d06bca1a04516a9e1c5a8b7e3a04106,12449
independent_n16_T128_s9401100.npz,8b8e4c3af9026733109a6a959ee6c08b7145283241f917cb8e5eb52f0257ed32,21459
independent_n16_T128_s9401101.npz,a05b374f1b1d74535bea6f790f2085be4328d2a09468264d96a7493e679b878e,21464
independent_n16_T128_s9401102.npz,4b8ea5ed1548dcbaeac2c28f18fea50cf6ecd947573796f0686a67069990f193,21454
independent_n16_T128_s9401103.npz,ca74aa9df8eaaabe8ee41b61a9ff96ed25b5bb7b6d29734c58a8e4969e1c5b0c,21475
independent_n16_T128_s9401104.npz,739634cb102c6edb1b64f06ae28535098170d1d5b7d8e9dcf19521be6247422b,21471
independent_n16_T32_s9401100.npz,428e5b2f04d9eca8f9dd6958a18fa6c5eb343390a5be3ece67ebf6b0dac0c82e,9755
independent_n16_T32_s9401101.npz,8d2b01bc69679d67a1ed90ab0dee7372ec651c93496c40ed352c692d32e8c586,9762
independent_n16_T32_s9401102.npz,54c3507669a2760d4ff68e6df06f4d4d2cc4e8ea6d2f80151e0c9e8e067ae19f,9762
independent_n16_T32_s9401103.npz,ac9863426c8f8e5ed32bb166522808c1e3bb98b6afbc0792d813e45efdb89901,9763
independent_n16_T32_s9401104.npz,7703bff45294e68c92aa07c825423c399e1847792489aa50a7936b6c36361193,9767
independent_n8_T128_s9401100.npz,6c28385e1e961937417ff04bda9fa41c32e0fb2bb3b40663d860f23931502495,10232
independent_n8_T128_s9401101.npz,7159ac95246d371d15d14b5d08dcd3b89780f756974f524e68b3de1cf0a4f9a2,10239
independent_n8_T128_s9401102.npz,54e49336d98c34b4033fb197cb55f393cedb308ed278cf31e768c1fe9a73078a,10239
independent_n8_T128_s9401103.npz,aa2dc75585c7a3e0a4f1b1e437c7600ce1b1f3073556955ed16ec414a7c9fda6,10237
independent_n8_T128_s9401104.npz,a1bf5551f0c4f4aa78b68d323aec9330f93a15c7a470066ac42af1989cbc6ca9,10245
independent_n8_T32_s9401100.npz,bfbca7905116a439b41329cb977b34f6ae9201d1cc183c7e17c4b5b1f9fb8161,4390
independent_n8_T32_s9401101.npz,23486923329e9e6f432f494ed14b4958aaf8e24ab6e5381d2feb812d32e3847a,4402
independent_n8_T32_s9401102.npz,fd01d16e14e7aca22c810282832a3176102c3db2a96d1fc84c50a1beeb8298ac,4388
independent_n8_T32_s9401103.npz,9fec1d465d32ff9aad4ffb7fe2aae28c6fc65120e1bba6442eb7315d4bb62c43,4405
independent_n8_T32_s9401104.npz,e002b0220bdc6ff848fb6637f131ad240b38c406604bfeb1f847b08fe794d0f4,4397
rank1_feedback_n16_T128_s9401100.npz,1583b1e1b7ebf09ef317d332d6a163686a851fe354aa68c464c736ca5296b033,58550
rank1_feedback_n16_T128_s9401101.npz,ca344f729749c77f8e685f6019bcc5b87aacf7dd1955b13d41816a083b15e6f9,58696
rank1_feedback_n16_T128_s9401102.npz,dece932633525909e261f268f7fa869d9346488156c3b26c2c12d8e98e556fa5,58534
rank1_feedback_n16_T128_s9401103.npz,397124246d305fc6790f4435133eb7f00a26eb8a69ccf82cb7dd87fdc8508bbb,58729
rank1_feedback_n16_T128_s9401104.npz,5dcdfbb56ec77df87106bb33de448648e6c88272ef7ca51d7e4eddb24cd9aa24,58729
rank1_feedback_n16_T32_s9401100.npz,83511c1e46cfd65fb1d169d252aab3af9e3793d017329eecd2d3e786eeff32f2,46828
rank1_feedback_n16_T32_s9401101.npz,3f710fb4ad2be00480ce28b10a527063ac65155e8d1d23c613d910441449e145,46995
rank1_feedback_n16_T32_s9401102.npz,b2e97e8e6d0c82aa70f1d23790b4e0b2c861aa07c706d605d12e035f4c4d2e82,46810
rank1_feedback_n16_T32_s9401103.npz,cc4e9b38b5e281fa9b5ba4457188ec16650d6e116c5f78a79044f6d98678edf0,46945
rank1_feedback_n16_T32_s9401104.npz,aeb9be78134f6de284465df52a408e39ea763f11867ad8572337f575cdb7c086,46939
rank1_feedback_n8_T128_s9401100.npz,ab2732765917ed7388609492aa948533d60625e19ac587e97dcb9873aa83672d,15589
rank1_feedback_n8_T128_s9401101.npz,20acaa45aa2e62a317d0edeeeea3bf7323556e812e540b951f4f7c6fecf5efec,15545
rank1_feedback_n8_T128_s9401102.npz,8671b7c004ab3eb44fc7b23dd5d5c5e52806d864d9ff18dd9a979f649fc55666,15562
rank1_feedback_n8_T128_s9401103.npz,61f74bed322efd4caad2a8ee8f8965148209f65cc596ad02a8a1e610226bd0e3,15558
rank1_feedback_n8_T128_s9401104.npz,13ce7555e12fab1cfa837d8975055341b1d71daecbd11259d3d2572bb305f913,15575
rank1_feedback_n8_T32_s9401100.npz,802a34fb343f5a49bbb672cd86da7e6d46a9cbaf69e7829b03d35abf1aad6829,9744
rank1_feedback_n8_T32_s9401101.npz,d730305cb35ad089678dca3506f1276836c74b74d67e5a80a2e405af7e4c2c88,9710
rank1_feedback_n8_T32_s9401102.npz,010d370e8044f509ad3ff99917eea67f7fcf04311f5da79c9f51d66759e07c1a,9699
rank1_feedback_n8_T32_s9401103.npz,90909a7bfe0ecbd123ccb8809f04fa2c2541c9f4b5213b56df126bc9423fb360,9722
rank1_feedback_n8_T32_s9401104.npz,a7e363bc0c0bf117e36b8a4ba1c7d6493b7abfe01a28e0c3b77c14616ec9a1d3,9723
shared_linear_n16_T128_s9401100.npz,bc335da72949600a66be59f4ebf72d7a327fbef5745449e392c7874efd255922,19364
shared_linear_n16_T128_s9401101.npz,695831f5fed3df5ece29a9f6fe6ddfd8d829a93dd2bea0b7e7fe5fb134764c65,19388
shared_linear_n16_T128_s9401102.npz,916c68888811b98153cffbb1983520cf95550972532532b5e6bb7b77838031a5,19362
shared_linear_n16_T128_s9401103.npz,e7b927467583e0f971647e323b430402ffe36e7eda0f83a43b0f29a98447820f,19385
shared_linear_n16_T128_s9401104.npz,7f895944a0b3a9d01b84bc680d5ba334992e571e0e6cde7a2913182350c80df7,19390
shared_linear_n16_T32_s9401100.npz,ac7e585b6f55c7824d5826f07144c16826bf53a91cc1b273ceef3c4cece8db4f,7661
shared_linear_n16_T32_s9401101.npz,f1bebc7febf67dd466b9738e793947d6c55447abf0cbaf00739d7eed6972ba6f,7675
shared_linear_n16_T32_s9401102.npz,8097a7626410e59363a5e585af010400cbb4dc8defdfde4aee45f8eaae565e30,7673
shared_linear_n16_T32_s9401103.npz,616e00d4b61dc66a2f2960c8247b7a020ce5794796188a65ac21e2f38e052cbd,7669
shared_linear_n16_T32_s9401104.npz,bc8d0d6284e2c6f25ef2addb5e234c1c86ffd42d98d86ad38352d9b19115a99e,7681
shared_linear_n8_T128_s9401100.npz,1f83548584abb4701455d513ec13278f110776e76b9f0b3920da2a35bb21a3e7,9671
shared_linear_n8_T128_s9401101.npz,33087d72638352cadc34a6c3d89063302600bb02b07fe4c63fcbc2c61de2c663,9672
shared_linear_n8_T128_s9401102.npz,79e4153d8d8568422442eeb9fdb2b06c2eaa1a5ac629b175b2036f40ce6cfac1,9669
shared_linear_n8_T128_s9401103.npz,f7e446517dfdcf9fc48708935478aa828d935d7e73a793478ae663a103b14735,9667
shared_linear_n8_T128_s9401104.npz,352757fa63b31651db35efad5717ca9ca05fb11073c9ca95fb9c2ab10c07ef2b,9680
shared_linear_n8_T32_s9401100.npz,368f1831ee463eb8111e4c9b76a0dd294092d534475f4af0d6f971f2d9616b24,3826
shared_linear_n8_T32_s9401101.npz,fa0e971018ac33ddeaf099f0c9258f287143c55b811d68b274b3c59745640ec4,3829
shared_linear_n8_T32_s9401102.npz,d4d547623b8af152833337d9beecb9714a2b16d301f662b3d5949ed2b7e10a90,3825
shared_linear_n8_T32_s9401103.npz,484a716e248964affce787d206d15ddde591ab36a206d88ccc03f1e5573dbe0c,3830
shared_linear_n8_T32_s9401104.npz,93b65dba7d69ee67d15e9c97c854b21dff511f446253d099fd0fba336fa1d14f,3827
matrices.zip,325dd5e59ecda87092a12a7222ec311bb3365953f017563cb024f586fc702a8c,10532576
raw.jsonl,bb834190b4780da4caf86933a9f7db1ed956d5fa2cd1d4846ad09f15f0aabcd5,3351846
family.jsonl,7809a31b7a3789550ef2e1cab7784176880f8fd9f7109b8b90857fcfc995b846,3100845
config.json,cd6c9102a6e423b4e3a4eedd4909b6074792f699fb6e8b86d45937635315b36b,1673
precision.json,4163e317e6b35e6851dbfd96e8e1ea3ac50d2bedc7f9b57b98d0d42c0dece20b,1717
provenance.json,8d340c10994464b5e68c662c700bebfc3565f196422b140284b992d380b0d411,1884
