id,input_history_values,full_size,ratio_history_to_full,RTRL_reconstruction_seconds,history_grows_with_T,scope
independent_n8_T32_s9401100,256,640,0.4,0.00548329995945096,True,"Derived storage/query bound; append time not measured; history explicitly retained, no closed horizon-independent state claim"
independent_n8_T32_s9401101,256,640,0.4,0.00573690002784133,True,"Derived storage/query bound; append time not measured; history explicitly retained, no closed horizon-independent state claim"
independent_n8_T32_s9401102,256,640,0.4,0.0056928000412881374,True,"Derived storage/query bound; append time not measured; history explicitly retained, no closed horizon-independent state claim"
independent_n8_T32_s9401103,256,640,0.4,0.005540300044231117,True,"Derived storage/query bound; append time not measured; history explicitly retained, no closed horizon-independent state claim"
independent_n8_T32_s9401104,256,640,0.4,0.005434100050479174,True,"Derived storage/query bound; append time not measured; history explicitly retained, no closed horizon-independent state claim"
independent_n8_T128_s9401100,1024,640,1.6,0.02097329997923225,True,"Derived storage/query bound; append time not measured; history explicitly retained, no closed horizon-independent state claim"
independent_n8_T128_s9401101,1024,640,1.6,0.021115999901667237,True,"Derived storage/query bound; append time not measured; history explicitly retained, no closed horizon-independent state claim"
independent_n8_T128_s9401102,1024,640,1.6,0.022018700023181736,True,"Derived storage/query bound; append time not measured; history explicitly retained, no closed horizon-independent state claim"
independent_n8_T128_s9401103,1024,640,1.6,0.022278400021605194,True,"Derived storage/query bound; append time not measured; history explicitly retained, no closed horizon-independent state claim"
independent_n8_T128_s9401104,1024,640,1.6,0.022137699997983873,True,"Derived storage/query bound; append time not measured; history explicitly retained, no closed horizon-independent state claim"
independent_n16_T32_s9401100,512,4608,0.1111111111111111,0.008739099954254925,True,"Derived storage/query bound; append time not measured; history explicitly retained, no closed horizon-independent state claim"
independent_n16_T32_s9401101,512,4608,0.1111111111111111,0.008159399963915348,True,"Derived storage/query bound; append time not measured; history explicitly retained, no closed horizon-independent state claim"
independent_n16_T32_s9401102,512,4608,0.1111111111111111,0.008059500018134713,True,"Derived storage/query bound; append time not measured; history explicitly retained, no closed horizon-independent state claim"
independent_n16_T32_s9401103,512,4608,0.1111111111111111,0.007928499951958656,True,"Derived storage/query bound; append time not measured; history explicitly retained, no closed horizon-independent state claim"
independent_n16_T32_s9401104,512,4608,0.1111111111111111,0.008615900063887239,True,"Derived storage/query bound; append time not measured; history explicitly retained, no closed horizon-independent state claim"
independent_n16_T128_s9401100,2048,4608,0.4444444444444444,0.03378389996942133,True,"Derived storage/query bound; append time not measured; history explicitly retained, no closed horizon-independent state claim"
independent_n16_T128_s9401101,2048,4608,0.4444444444444444,0.033867300022393465,True,"Derived storage/query bound; append time not measured; history explicitly retained, no closed horizon-independent state claim"
independent_n16_T128_s9401102,2048,4608,0.4444444444444444,0.036421800032258034,True,"Derived storage/query bound; append time not measured; history explicitly retained, no closed horizon-independent state claim"
independent_n16_T128_s9401103,2048,4608,0.4444444444444444,0.032987500075250864,True,"Derived storage/query bound; append time not measured; history explicitly retained, no closed horizon-independent state claim"
independent_n16_T128_s9401104,2048,4608,0.4444444444444444,0.03363870002795011,True,"Derived storage/query bound; append time not measured; history explicitly retained, no closed horizon-independent state claim"
shared_linear_n8_T32_s9401100,256,640,0.4,0.006109300069510937,True,"Derived storage/query bound; append time not measured; history explicitly retained, no closed horizon-independent state claim"
shared_linear_n8_T32_s9401101,256,640,0.4,0.005453499965369701,True,"Derived storage/query bound; append time not measured; history explicitly retained, no closed horizon-independent state claim"
shared_linear_n8_T32_s9401102,256,640,0.4,0.0053397000301629305,True,"Derived storage/query bound; append time not measured; history explicitly retained, no closed horizon-independent state claim"
shared_linear_n8_T32_s9401103,256,640,0.4,0.0059130999725311995,True,"Derived storage/query bound; append time not measured; history explicitly retained, no closed horizon-independent state claim"
shared_linear_n8_T32_s9401104,256,640,0.4,0.00565369997639209,True,"Derived storage/query bound; append time not measured; history explicitly retained, no closed horizon-independent state claim"
shared_linear_n8_T128_s9401100,1024,640,1.6,0.020076400018297136,True,"Derived storage/query bound; append time not measured; history explicitly retained, no closed horizon-independent state claim"
shared_linear_n8_T128_s9401101,1024,640,1.6,0.02068750001490116,True,"Derived storage/query bound; append time not measured; history explicitly retained, no closed horizon-independent state claim"
shared_linear_n8_T128_s9401102,1024,640,1.6,0.020668999990448356,True,"Derived storage/query bound; append time not measured; history explicitly retained, no closed horizon-independent state claim"
shared_linear_n8_T128_s9401103,1024,640,1.6,0.019720899988897145,True,"Derived storage/query bound; append time not measured; history explicitly retained, no closed horizon-independent state claim"
shared_linear_n8_T128_s9401104,1024,640,1.6,0.0200120999943465,True,"Derived storage/query bound; append time not measured; history explicitly retained, no closed horizon-independent state claim"
shared_linear_n16_T32_s9401100,512,4608,0.1111111111111111,0.008049700059928,True,"Derived storage/query bound; append time not measured; history explicitly retained, no closed horizon-independent state claim"
shared_linear_n16_T32_s9401101,512,4608,0.1111111111111111,0.008294899947941303,True,"Derived storage/query bound; append time not measured; history explicitly retained, no closed horizon-independent state claim"
shared_linear_n16_T32_s9401102,512,4608,0.1111111111111111,0.007802100037224591,True,"Derived storage/query bound; append time not measured; history explicitly retained, no closed horizon-independent state claim"
shared_linear_n16_T32_s9401103,512,4608,0.1111111111111111,0.007661600015126169,True,"Derived storage/query bound; append time not measured; history explicitly retained, no closed horizon-independent state claim"
shared_linear_n16_T32_s9401104,512,4608,0.1111111111111111,0.008834099979139864,True,"Derived storage/query bound; append time not measured; history explicitly retained, no closed horizon-independent state claim"
shared_linear_n16_T128_s9401100,2048,4608,0.4444444444444444,0.030707500060088933,True,"Derived storage/query bound; append time not measured; history explicitly retained, no closed horizon-independent state claim"
shared_linear_n16_T128_s9401101,2048,4608,0.4444444444444444,0.03296139999292791,True,"Derived storage/query bound; append time not measured; history explicitly retained, no closed horizon-independent state claim"
shared_linear_n16_T128_s9401102,2048,4608,0.4444444444444444,0.03317109995987266,True,"Derived storage/query bound; append time not measured; history explicitly retained, no closed horizon-independent state claim"
shared_linear_n16_T128_s9401103,2048,4608,0.4444444444444444,0.03085139999166131,True,"Derived storage/query bound; append time not measured; history explicitly retained, no closed horizon-independent state claim"
shared_linear_n16_T128_s9401104,2048,4608,0.4444444444444444,0.034573599928990006,True,"Derived storage/query bound; append time not measured; history explicitly retained, no closed horizon-independent state claim"
rank1_feedback_n8_T32_s9401100,256,768,0.3333333333333333,0.004767399979755282,True,"Derived storage/query bound; append time not measured; history explicitly retained, no closed horizon-independent state claim"
rank1_feedback_n8_T32_s9401101,256,768,0.3333333333333333,0.004664400010369718,True,"Derived storage/query bound; append time not measured; history explicitly retained, no closed horizon-independent state claim"
rank1_feedback_n8_T32_s9401102,256,768,0.3333333333333333,0.004663500003516674,True,"Derived storage/query bound; append time not measured; history explicitly retained, no closed horizon-independent state claim"
rank1_feedback_n8_T32_s9401103,256,768,0.3333333333333333,0.004664299893192947,True,"Derived storage/query bound; append time not measured; history explicitly retained, no closed horizon-independent state claim"
rank1_feedback_n8_T32_s9401104,256,768,0.3333333333333333,0.004559400025755167,True,"Derived storage/query bound; append time not measured; history explicitly retained, no closed horizon-independent state claim"
rank1_feedback_n8_T128_s9401100,1024,768,1.3333333333333333,0.018917599925771356,True,"Derived storage/query bound; append time not measured; history explicitly retained, no closed horizon-independent state claim"
rank1_feedback_n8_T128_s9401101,1024,768,1.3333333333333333,0.01818329992238432,True,"Derived storage/query bound; append time not measured; history explicitly retained, no closed horizon-independent state claim"
rank1_feedback_n8_T128_s9401102,1024,768,1.3333333333333333,0.018409500014968216,True,"Derived storage/query bound; append time not measured; history explicitly retained, no closed horizon-independent state claim"
rank1_feedback_n8_T128_s9401103,1024,768,1.3333333333333333,0.017239199951291084,True,"Derived storage/query bound; append time not measured; history explicitly retained, no closed horizon-independent state claim"
rank1_feedback_n8_T128_s9401104,1024,768,1.3333333333333333,0.019639499951153994,True,"Derived storage/query bound; append time not measured; history explicitly retained, no closed horizon-independent state claim"
rank1_feedback_n16_T32_s9401100,512,5120,0.1,0.0051367999985814095,True,"Derived storage/query bound; append time not measured; history explicitly retained, no closed horizon-independent state claim"
rank1_feedback_n16_T32_s9401101,512,5120,0.1,0.005017300019972026,True,"Derived storage/query bound; append time not measured; history explicitly retained, no closed horizon-independent state claim"
rank1_feedback_n16_T32_s9401102,512,5120,0.1,0.005336500005796552,True,"Derived storage/query bound; append time not measured; history explicitly retained, no closed horizon-independent state claim"
rank1_feedback_n16_T32_s9401103,512,5120,0.1,0.005364699987694621,True,"Derived storage/query bound; append time not measured; history explicitly retained, no closed horizon-independent state claim"
rank1_feedback_n16_T32_s9401104,512,5120,0.1,0.0047027000691741705,True,"Derived storage/query bound; append time not measured; history explicitly retained, no closed horizon-independent state claim"
rank1_feedback_n16_T128_s9401100,2048,5120,0.4,0.019168599974364042,True,"Derived storage/query bound; append time not measured; history explicitly retained, no closed horizon-independent state claim"
rank1_feedback_n16_T128_s9401101,2048,5120,0.4,0.020205699955113232,True,"Derived storage/query bound; append time not measured; history explicitly retained, no closed horizon-independent state claim"
rank1_feedback_n16_T128_s9401102,2048,5120,0.4,0.020152400014922023,True,"Derived storage/query bound; append time not measured; history explicitly retained, no closed horizon-independent state claim"
rank1_feedback_n16_T128_s9401103,2048,5120,0.4,0.02076770004350692,True,"Derived storage/query bound; append time not measured; history explicitly retained, no closed horizon-independent state claim"
rank1_feedback_n16_T128_s9401104,2048,5120,0.4,0.019256900064647198,True,"Derived storage/query bound; append time not measured; history explicitly retained, no closed horizon-independent state claim"
full_feedback_n8_T32_s9401100,256,1088,0.23529411764705882,0.005924299941398203,True,"Derived storage/query bound; append time not measured; history explicitly retained, no closed horizon-independent state claim"
full_feedback_n8_T32_s9401101,256,1088,0.23529411764705882,0.004462999990209937,True,"Derived storage/query bound; append time not measured; history explicitly retained, no closed horizon-independent state claim"
full_feedback_n8_T32_s9401102,256,1088,0.23529411764705882,0.004612900083884597,True,"Derived storage/query bound; append time not measured; history explicitly retained, no closed horizon-independent state claim"
full_feedback_n8_T32_s9401103,256,1088,0.23529411764705882,0.004833999904803932,True,"Derived storage/query bound; append time not measured; history explicitly retained, no closed horizon-independent state claim"
full_feedback_n8_T32_s9401104,256,1088,0.23529411764705882,0.005204300046898425,True,"Derived storage/query bound; append time not measured; history explicitly retained, no closed horizon-independent state claim"
full_feedback_n8_T128_s9401100,1024,1088,0.9411764705882353,0.0186416000360623,True,"Derived storage/query bound; append time not measured; history explicitly retained, no closed horizon-independent state claim"
full_feedback_n8_T128_s9401101,1024,1088,0.9411764705882353,0.021618800004944205,True,"Derived storage/query bound; append time not measured; history explicitly retained, no closed horizon-independent state claim"
full_feedback_n8_T128_s9401102,1024,1088,0.9411764705882353,0.020630900049582124,True,"Derived storage/query bound; append time not measured; history explicitly retained, no closed horizon-independent state claim"
full_feedback_n8_T128_s9401103,1024,1088,0.9411764705882353,0.017898400081321597,True,"Derived storage/query bound; append time not measured; history explicitly retained, no closed horizon-independent state claim"
full_feedback_n8_T128_s9401104,1024,1088,0.9411764705882353,0.018657100037671626,True,"Derived storage/query bound; append time not measured; history explicitly retained, no closed horizon-independent state claim"
full_feedback_n16_T32_s9401100,512,8448,0.06060606060606061,0.006717800046317279,True,"Derived storage/query bound; append time not measured; history explicitly retained, no closed horizon-independent state claim"
full_feedback_n16_T32_s9401101,512,8448,0.06060606060606061,0.006436800002120435,True,"Derived storage/query bound; append time not measured; history explicitly retained, no closed horizon-independent state claim"
full_feedback_n16_T32_s9401102,512,8448,0.06060606060606061,0.007753900019451976,True,"Derived storage/query bound; append time not measured; history explicitly retained, no closed horizon-independent state claim"
full_feedback_n16_T32_s9401103,512,8448,0.06060606060606061,0.006991300033405423,True,"Derived storage/query bound; append time not measured; history explicitly retained, no closed horizon-independent state claim"
full_feedback_n16_T32_s9401104,512,8448,0.06060606060606061,0.007088899961672723,True,"Derived storage/query bound; append time not measured; history explicitly retained, no closed horizon-independent state claim"
full_feedback_n16_T128_s9401100,2048,8448,0.24242424242424243,0.028289000038057566,True,"Derived storage/query bound; append time not measured; history explicitly retained, no closed horizon-independent state claim"
full_feedback_n16_T128_s9401101,2048,8448,0.24242424242424243,0.026154299965128303,True,"Derived storage/query bound; append time not measured; history explicitly retained, no closed horizon-independent state claim"
full_feedback_n16_T128_s9401102,2048,8448,0.24242424242424243,0.026601199992001057,True,"Derived storage/query bound; append time not measured; history explicitly retained, no closed horizon-independent state claim"
full_feedback_n16_T128_s9401103,2048,8448,0.24242424242424243,0.02719490008894354,True,"Derived storage/query bound; append time not measured; history explicitly retained, no closed horizon-independent state claim"
full_feedback_n16_T128_s9401104,2048,8448,0.24242424242424243,0.02601110003888607,True,"Derived storage/query bound; append time not measured; history explicitly retained, no closed horizon-independent state claim"
deep3_n8_T32_s9401100,256,9792,0.026143790849673203,0.015701399999670684,True,"Derived storage/query bound; append time not measured; history explicitly retained, no closed horizon-independent state claim"
deep3_n8_T32_s9401101,256,9792,0.026143790849673203,0.015344800078310072,True,"Derived storage/query bound; append time not measured; history explicitly retained, no closed horizon-independent state claim"
deep3_n8_T32_s9401102,256,9792,0.026143790849673203,0.018575299996882677,True,"Derived storage/query bound; append time not measured; history explicitly retained, no closed horizon-independent state claim"
deep3_n8_T32_s9401103,256,9792,0.026143790849673203,0.019953200011514127,True,"Derived storage/query bound; append time not measured; history explicitly retained, no closed horizon-independent state claim"
deep3_n8_T32_s9401104,256,9792,0.026143790849673203,0.016346599906682968,True,"Derived storage/query bound; append time not measured; history explicitly retained, no closed horizon-independent state claim"
deep3_n8_T128_s9401100,1024,9792,0.10457516339869281,0.06386500003281981,True,"Derived storage/query bound; append time not measured; history explicitly retained, no closed horizon-independent state claim"
deep3_n8_T128_s9401101,1024,9792,0.10457516339869281,0.06279949995223433,True,"Derived storage/query bound; append time not measured; history explicitly retained, no closed horizon-independent state claim"
deep3_n8_T128_s9401102,1024,9792,0.10457516339869281,0.06284680007956922,True,"Derived storage/query bound; append time not measured; history explicitly retained, no closed horizon-independent state claim"
deep3_n8_T128_s9401103,1024,9792,0.10457516339869281,0.06239760003518313,True,"Derived storage/query bound; append time not measured; history explicitly retained, no closed horizon-independent state claim"
deep3_n8_T128_s9401104,1024,9792,0.10457516339869281,0.062046100036241114,True,"Derived storage/query bound; append time not measured; history explicitly retained, no closed horizon-independent state claim"
deep3_n16_T32_s9401100,512,76032,0.006734006734006734,0.02643780002836138,True,"Derived storage/query bound; append time not measured; history explicitly retained, no closed horizon-independent state claim"
deep3_n16_T32_s9401101,512,76032,0.006734006734006734,0.02586579998023808,True,"Derived storage/query bound; append time not measured; history explicitly retained, no closed horizon-independent state claim"
deep3_n16_T32_s9401102,512,76032,0.006734006734006734,0.02979629999026656,True,"Derived storage/query bound; append time not measured; history explicitly retained, no closed horizon-independent state claim"
deep3_n16_T32_s9401103,512,76032,0.006734006734006734,0.026146200019866228,True,"Derived storage/query bound; append time not measured; history explicitly retained, no closed horizon-independent state claim"
deep3_n16_T32_s9401104,512,76032,0.006734006734006734,0.026731899939477444,True,"Derived storage/query bound; append time not measured; history explicitly retained, no closed horizon-independent state claim"
deep3_n16_T128_s9401100,2048,76032,0.026936026936026935,0.10301950003486127,True,"Derived storage/query bound; append time not measured; history explicitly retained, no closed horizon-independent state claim"
deep3_n16_T128_s9401101,2048,76032,0.026936026936026935,0.10796539997681975,True,"Derived storage/query bound; append time not measured; history explicitly retained, no closed horizon-independent state claim"
deep3_n16_T128_s9401102,2048,76032,0.026936026936026935,0.10889459995087236,True,"Derived storage/query bound; append time not measured; history explicitly retained, no closed horizon-independent state claim"
deep3_n16_T128_s9401103,2048,76032,0.026936026936026935,0.11495909991208464,True,"Derived storage/query bound; append time not measured; history explicitly retained, no closed horizon-independent state claim"
deep3_n16_T128_s9401104,2048,76032,0.026936026936026935,0.11024090007413179,True,"Derived storage/query bound; append time not measured; history explicitly retained, no closed horizon-independent state claim"
explicit_feedback_n8_T32_s9401100,256,1152,0.2222222222222222,0.008057300001382828,True,"Derived storage/query bound; append time not measured; history explicitly retained, no closed horizon-independent state claim"
explicit_feedback_n8_T32_s9401101,256,1152,0.2222222222222222,0.007491099997423589,True,"Derived storage/query bound; append time not measured; history explicitly retained, no closed horizon-independent state claim"
explicit_feedback_n8_T32_s9401102,256,1152,0.2222222222222222,0.007821000064723194,True,"Derived storage/query bound; append time not measured; history explicitly retained, no closed horizon-independent state claim"
explicit_feedback_n8_T32_s9401103,256,1152,0.2222222222222222,0.007107399986125529,True,"Derived storage/query bound; append time not measured; history explicitly retained, no closed horizon-independent state claim"
explicit_feedback_n8_T32_s9401104,256,1152,0.2222222222222222,0.007087600068189204,True,"Derived storage/query bound; append time not measured; history explicitly retained, no closed horizon-independent state claim"
explicit_feedback_n8_T128_s9401100,1024,1152,0.8888888888888888,0.028196000028401613,True,"Derived storage/query bound; append time not measured; history explicitly retained, no closed horizon-independent state claim"
explicit_feedback_n8_T128_s9401101,1024,1152,0.8888888888888888,0.02865580003708601,True,"Derived storage/query bound; append time not measured; history explicitly retained, no closed horizon-independent state claim"
explicit_feedback_n8_T128_s9401102,1024,1152,0.8888888888888888,0.029252200038172305,True,"Derived storage/query bound; append time not measured; history explicitly retained, no closed horizon-independent state claim"
explicit_feedback_n8_T128_s9401103,1024,1152,0.8888888888888888,0.029308299999684095,True,"Derived storage/query bound; append time not measured; history explicitly retained, no closed horizon-independent state claim"
explicit_feedback_n8_T128_s9401104,1024,1152,0.8888888888888888,0.03018650005105883,True,"Derived storage/query bound; append time not measured; history explicitly retained, no closed horizon-independent state claim"
explicit_feedback_n16_T32_s9401100,512,8704,0.058823529411764705,0.010052199941128492,True,"Derived storage/query bound; append time not measured; history explicitly retained, no closed horizon-independent state claim"
explicit_feedback_n16_T32_s9401101,512,8704,0.058823529411764705,0.010326899937354028,True,"Derived storage/query bound; append time not measured; history explicitly retained, no closed horizon-independent state claim"
explicit_feedback_n16_T32_s9401102,512,8704,0.058823529411764705,0.010394199984148145,True,"Derived storage/query bound; append time not measured; history explicitly retained, no closed horizon-independent state claim"
explicit_feedback_n16_T32_s9401103,512,8704,0.058823529411764705,0.010351500008255243,True,"Derived storage/query bound; append time not measured; history explicitly retained, no closed horizon-independent state claim"
explicit_feedback_n16_T32_s9401104,512,8704,0.058823529411764705,0.010484999977052212,True,"Derived storage/query bound; append time not measured; history explicitly retained, no closed horizon-independent state claim"
explicit_feedback_n16_T128_s9401100,2048,8704,0.23529411764705882,0.04063319996930659,True,"Derived storage/query bound; append time not measured; history explicitly retained, no closed horizon-independent state claim"
explicit_feedback_n16_T128_s9401101,2048,8704,0.23529411764705882,0.0400437000207603,True,"Derived storage/query bound; append time not measured; history explicitly retained, no closed horizon-independent state claim"
explicit_feedback_n16_T128_s9401102,2048,8704,0.23529411764705882,0.0415146000450477,True,"Derived storage/query bound; append time not measured; history explicitly retained, no closed horizon-independent state claim"
explicit_feedback_n16_T128_s9401103,2048,8704,0.23529411764705882,0.04190890002064407,True,"Derived storage/query bound; append time not measured; history explicitly retained, no closed horizon-independent state claim"
explicit_feedback_n16_T128_s9401104,2048,8704,0.23529411764705882,0.04231910000089556,True,"Derived storage/query bound; append time not measured; history explicitly retained, no closed horizon-independent state claim"
block4_n8_T32_s9401100,256,832,0.3076923076923077,0.004962600069120526,True,"Derived storage/query bound; append time not measured; history explicitly retained, no closed horizon-independent state claim"
block4_n8_T32_s9401101,256,832,0.3076923076923077,0.005653599975630641,True,"Derived storage/query bound; append time not measured; history explicitly retained, no closed horizon-independent state claim"
block4_n8_T32_s9401102,256,832,0.3076923076923077,0.004794400068931282,True,"Derived storage/query bound; append time not measured; history explicitly retained, no closed horizon-independent state claim"
block4_n8_T32_s9401103,256,832,0.3076923076923077,0.005327299935743213,True,"Derived storage/query bound; append time not measured; history explicitly retained, no closed horizon-independent state claim"
block4_n8_T32_s9401104,256,832,0.3076923076923077,0.005025500082410872,True,"Derived storage/query bound; append time not measured; history explicitly retained, no closed horizon-independent state claim"
block4_n8_T128_s9401100,1024,832,1.2307692307692308,0.020123799913562834,True,"Derived storage/query bound; append time not measured; history explicitly retained, no closed horizon-independent state claim"
block4_n8_T128_s9401101,1024,832,1.2307692307692308,0.019041699939407408,True,"Derived storage/query bound; append time not measured; history explicitly retained, no closed horizon-independent state claim"
block4_n8_T128_s9401102,1024,832,1.2307692307692308,0.02110120002180338,True,"Derived storage/query bound; append time not measured; history explicitly retained, no closed horizon-independent state claim"
block4_n8_T128_s9401103,1024,832,1.2307692307692308,0.019482200033962727,True,"Derived storage/query bound; append time not measured; history explicitly retained, no closed horizon-independent state claim"
block4_n8_T128_s9401104,1024,832,1.2307692307692308,0.019688400090672076,True,"Derived storage/query bound; append time not measured; history explicitly retained, no closed horizon-independent state claim"
block4_n16_T32_s9401100,512,5376,0.09523809523809523,0.006972800008952618,True,"Derived storage/query bound; append time not measured; history explicitly retained, no closed horizon-independent state claim"
block4_n16_T32_s9401101,512,5376,0.09523809523809523,0.008072299999184906,True,"Derived storage/query bound; append time not measured; history explicitly retained, no closed horizon-independent state claim"
block4_n16_T32_s9401102,512,5376,0.09523809523809523,0.007407700060866773,True,"Derived storage/query bound; append time not measured; history explicitly retained, no closed horizon-independent state claim"
block4_n16_T32_s9401103,512,5376,0.09523809523809523,0.007376100053079426,True,"Derived storage/query bound; append time not measured; history explicitly retained, no closed horizon-independent state claim"
block4_n16_T32_s9401104,512,5376,0.09523809523809523,0.008068099967204034,True,"Derived storage/query bound; append time not measured; history explicitly retained, no closed horizon-independent state claim"
block4_n16_T128_s9401100,2048,5376,0.38095238095238093,0.028612999944016337,True,"Derived storage/query bound; append time not measured; history explicitly retained, no closed horizon-independent state claim"
block4_n16_T128_s9401101,2048,5376,0.38095238095238093,0.02667800011113286,True,"Derived storage/query bound; append time not measured; history explicitly retained, no closed horizon-independent state claim"
block4_n16_T128_s9401102,2048,5376,0.38095238095238093,0.02804520004428923,True,"Derived storage/query bound; append time not measured; history explicitly retained, no closed horizon-independent state claim"
block4_n16_T128_s9401103,2048,5376,0.38095238095238093,0.027136499993503094,True,"Derived storage/query bound; append time not measured; history explicitly retained, no closed horizon-independent state claim"
block4_n16_T128_s9401104,2048,5376,0.38095238095238093,0.028755999985150993,True,"Derived storage/query bound; append time not measured; history explicitly retained, no closed horizon-independent state claim"
deep2_n8_T32_s9401100,256,4352,0.058823529411764705,0.01013569999486208,True,"Derived storage/query bound; append time not measured; history explicitly retained, no closed horizon-independent state claim"
deep2_n8_T32_s9401101,256,4352,0.058823529411764705,0.010041799978353083,True,"Derived storage/query bound; append time not measured; history explicitly retained, no closed horizon-independent state claim"
deep2_n8_T32_s9401102,256,4352,0.058823529411764705,0.010428600013256073,True,"Derived storage/query bound; append time not measured; history explicitly retained, no closed horizon-independent state claim"
deep2_n8_T32_s9401103,256,4352,0.058823529411764705,0.012868099962361157,True,"Derived storage/query bound; append time not measured; history explicitly retained, no closed horizon-independent state claim"
deep2_n8_T32_s9401104,256,4352,0.058823529411764705,0.010428200010210276,True,"Derived storage/query bound; append time not measured; history explicitly retained, no closed horizon-independent state claim"
deep2_n8_T128_s9401100,1024,4352,0.23529411764705882,0.04098960000555962,True,"Derived storage/query bound; append time not measured; history explicitly retained, no closed horizon-independent state claim"
deep2_n8_T128_s9401101,1024,4352,0.23529411764705882,0.03961650002747774,True,"Derived storage/query bound; append time not measured; history explicitly retained, no closed horizon-independent state claim"
deep2_n8_T128_s9401102,1024,4352,0.23529411764705882,0.040803100098855793,True,"Derived storage/query bound; append time not measured; history explicitly retained, no closed horizon-independent state claim"
deep2_n8_T128_s9401103,1024,4352,0.23529411764705882,0.04082990007009357,True,"Derived storage/query bound; append time not measured; history explicitly retained, no closed horizon-independent state claim"
deep2_n8_T128_s9401104,1024,4352,0.23529411764705882,0.03975410002749413,True,"Derived storage/query bound; append time not measured; history explicitly retained, no closed horizon-independent state claim"
deep2_n16_T32_s9401100,512,33792,0.015151515151515152,0.016352899954654276,True,"Derived storage/query bound; append time not measured; history explicitly retained, no closed horizon-independent state claim"
deep2_n16_T32_s9401101,512,33792,0.015151515151515152,0.016293599968776107,True,"Derived storage/query bound; append time not measured; history explicitly retained, no closed horizon-independent state claim"
deep2_n16_T32_s9401102,512,33792,0.015151515151515152,0.016543300007469952,True,"Derived storage/query bound; append time not measured; history explicitly retained, no closed horizon-independent state claim"
deep2_n16_T32_s9401103,512,33792,0.015151515151515152,0.016190099995583296,True,"Derived storage/query bound; append time not measured; history explicitly retained, no closed horizon-independent state claim"
deep2_n16_T32_s9401104,512,33792,0.015151515151515152,0.01567509991582483,True,"Derived storage/query bound; append time not measured; history explicitly retained, no closed horizon-independent state claim"
deep2_n16_T128_s9401100,2048,33792,0.06060606060606061,0.06514129997231066,True,"Derived storage/query bound; append time not measured; history explicitly retained, no closed horizon-independent state claim"
deep2_n16_T128_s9401101,2048,33792,0.06060606060606061,0.06178109999746084,True,"Derived storage/query bound; append time not measured; history explicitly retained, no closed horizon-independent state claim"
deep2_n16_T128_s9401102,2048,33792,0.06060606060606061,0.0660424999659881,True,"Derived storage/query bound; append time not measured; history explicitly retained, no closed horizon-independent state claim"
deep2_n16_T128_s9401103,2048,33792,0.06060606060606061,0.06159789999946952,True,"Derived storage/query bound; append time not measured; history explicitly retained, no closed horizon-independent state claim"
deep2_n16_T128_s9401104,2048,33792,0.06060606060606061,0.0608882000669837,True,"Derived storage/query bound; append time not measured; history explicitly retained, no closed horizon-independent state claim"
