map,metric,strategy,n,H,mean_count,min_count,max_count,mean_n2,mean_n2logn,mean_input_sd_count,mean_radius_005_count
complete,box_rms,diffuse,12,100,79.0,79,79,0.5486111111111112,0.22077735240392865,52.0,40.0
complete,box_rms,diffuse,16,137,114.5,113,116,0.447265625,0.16131697478690069,82.0,67.5
complete,box_rms,diffuse,20,175,161.0,161,161,0.4025,0.13435780077987197,120.5,105.0
complete,box_rms,diffuse,24,213,213.5,213,214,0.3706597222222222,0.11663103962642475,166.5,149.5
complete,box_rms,query_adversarial_pulse,12,100,80.5,78,83,0.5590277777777778,0.22496932744957288,58.0,39.0
complete,box_rms,query_adversarial_pulse,16,137,111.0,111,111,0.43359375,0.15638588822136226,79.5,66.0
complete,box_rms,query_adversarial_pulse,20,175,157.5,143,172,0.39375,0.1314369790237878,119.0,103.5
complete,box_rms,query_adversarial_pulse,24,213,198.0,186,210,0.34375,0.10816368077766791,163.0,145.5
complete,box_rms,random_pulse,12,100,76.0,75,77,0.5277777777777778,0.21239340231264023,51.0,38.5
complete,box_rms,random_pulse,16,137,105.5,105,106,0.412109375,0.14863703790408755,78.0,66.0
complete,box_rms,random_pulse,20,175,158.5,153,164,0.39625,0.13227149952552614,119.5,103.5
complete,box_rms,random_pulse,24,213,205.5,205,206,0.3567708333333333,0.11226078989803413,164.0,147.5
source,all_query_envelope,diffuse,16,137,66.66666666666667,48,80,0.2604166666666667,0.09392545839120857,32.0,32.0
source,all_query_envelope,diffuse,32,289,144.0,144,144,0.140625,0.040575798025002094,128.0,128.0
source,all_query_envelope,diffuse,64,605,544.0,544,544,0.1328125,0.03193465585301091,512.0,512.0
source,all_query_envelope,diffuse,96,929,1152.0,1152,1152,0.125,0.027386166601764357,1152.0,1152.0
source,all_query_envelope,diffuse,128,1258,2069.3333333333335,2048,2112,0.12630208333333334,0.026030769896992087,2048.0,2048.0
source,all_query_envelope,diffuse,200,2013,5000.0,5000,5000,0.125,0.023592395727219356,5000.0,5000.0
source,all_query_envelope,diffuse,256,2609,8192.0,8192,8192,0.125,0.022542110013890053,8192.0,8192.0
source,all_query_envelope,query_adversarial_pulse,16,137,176.0,168,184,0.6875,0.2479632101527906,69.33333333333333,32.0
source,all_query_envelope,query_adversarial_pulse,32,289,629.3333333333334,608,640,0.6145833333333334,0.17733126544260178,250.66666666666666,128.0
source,all_query_envelope,query_adversarial_pulse,64,605,1952.0,1888,2048,0.4765625,0.11458905923727444,608.0,512.0
source,all_query_envelope,query_adversarial_pulse,96,929,3888.0,3648,4320,0.421875,0.0924283122809547,1296.0,1152.0
source,all_query_envelope,query_adversarial_pulse,128,1258,5184.0,4864,5440,0.31640625,0.06521110396875338,2218.6666666666665,2048.0
source,all_query_envelope,query_adversarial_pulse,200,2013,8566.666666666666,7400,10200,0.21416666666666664,0.040421638012635826,5266.666666666667,5000.0
source,all_query_envelope,query_adversarial_pulse,256,2609,11349.333333333334,10496,12032,0.17317708333333334,0.031230214915076847,8576.0,8192.0
source,all_query_envelope,random_pulse,16,137,165.33333333333334,160,176,0.6458333333333334,0.23293513681019723,88.0,32.0
source,all_query_envelope,random_pulse,32,289,688.0,656,752,0.671875,0.19386214611945446,272.0,128.0
source,all_query_envelope,random_pulse,64,605,1941.3333333333333,1920,1952,0.4739583333333333,0.11396288951466639,650.6666666666666,512.0
source,all_query_envelope,random_pulse,96,929,3952.0,3792,4176,0.4288194444444444,0.09394976598105273,1312.0,1152.0
source,all_query_envelope,random_pulse,128,1258,6122.666666666667,4992,6720,0.3736979166666667,0.07701887588079102,2282.6666666666665,2048.0
source,all_query_envelope,random_pulse,200,2013,12366.666666666666,11900,12900,0.30916666666666665,0.05835185876532254,5400.0,5000.0
source,all_query_envelope,random_pulse,256,2609,18218.666666666668,17920,18432,0.2779947916666667,0.050132713416307574,8618.666666666666,8192.0
source,all_query_envelope,scalar_control,16,137,32.0,32,32,0.125,0.045084220027780106,32.0,32.0
source,all_query_envelope,scalar_control,32,289,128.0,128,128,0.125,0.03606737602222408,128.0,128.0
source,all_query_envelope,scalar_control,64,605,512.0,512,512,0.125,0.03005614668518674,512.0,512.0
source,all_query_envelope,scalar_control,96,929,1152.0,1152,1152,0.125,0.027386166601764357,1152.0,1152.0
source,all_query_envelope,scalar_control,128,1258,2048.0,2048,2048,0.125,0.025762411444445778,2048.0,2048.0
source,all_query_envelope,scalar_control,200,2013,5000.0,5000,5000,0.125,0.023592395727219356,5000.0,5000.0
source,all_query_envelope,scalar_control,256,2609,8192.0,8192,8192,0.125,0.022542110013890053,8192.0,8192.0
source,box_rms,diffuse,16,137,32.0,32,32,0.125,0.045084220027780106,32.0,32.0
source,box_rms,diffuse,32,289,128.0,128,128,0.125,0.03606737602222408,128.0,128.0
source,box_rms,diffuse,64,605,512.0,512,512,0.125,0.03005614668518674,512.0,416.0
source,box_rms,diffuse,96,929,1152.0,1152,1152,0.125,0.027386166601764357,1152.0,0.0
source,box_rms,diffuse,128,1258,2048.0,2048,2048,0.125,0.025762411444445778,2048.0,0.0
source,box_rms,diffuse,200,2013,5000.0,5000,5000,0.125,0.023592395727219356,5000.0,0.0
source,box_rms,diffuse,256,2609,8192.0,8192,8192,0.125,0.022542110013890053,8192.0,0.0
source,box_rms,query_adversarial_pulse,16,137,42.666666666666664,40,48,0.16666666666666666,0.06011229337037347,32.0,32.0
source,box_rms,query_adversarial_pulse,32,289,128.0,128,128,0.125,0.03606737602222408,128.0,128.0
source,box_rms,query_adversarial_pulse,64,605,512.0,512,512,0.125,0.03005614668518674,512.0,426.6666666666667
source,box_rms,query_adversarial_pulse,96,929,1152.0,1152,1152,0.125,0.027386166601764357,1152.0,0.0
source,box_rms,query_adversarial_pulse,128,1258,2048.0,2048,2048,0.125,0.025762411444445778,2048.0,0.0
source,box_rms,query_adversarial_pulse,200,2013,5000.0,5000,5000,0.125,0.023592395727219356,5000.0,0.0
source,box_rms,query_adversarial_pulse,256,2609,8192.0,8192,8192,0.125,0.022542110013890053,8192.0,0.0
source,box_rms,random_pulse,16,137,40.0,40,40,0.15625,0.056355275034725136,34.666666666666664,32.0
source,box_rms,random_pulse,32,289,144.0,144,144,0.140625,0.040575798025002094,128.0,128.0
source,box_rms,random_pulse,64,605,512.0,512,512,0.125,0.03005614668518674,512.0,437.3333333333333
source,box_rms,random_pulse,96,929,1152.0,1152,1152,0.125,0.027386166601764357,1152.0,0.0
source,box_rms,random_pulse,128,1258,2048.0,2048,2048,0.125,0.025762411444445778,2048.0,0.0
source,box_rms,random_pulse,200,2013,5000.0,5000,5000,0.125,0.023592395727219356,5000.0,0.0
source,box_rms,random_pulse,256,2609,8192.0,8192,8192,0.125,0.022542110013890053,8192.0,0.0
source,box_rms,scalar_control,16,137,32.0,32,32,0.125,0.045084220027780106,32.0,32.0
source,box_rms,scalar_control,32,289,128.0,128,128,0.125,0.03606737602222408,128.0,128.0
source,box_rms,scalar_control,64,605,512.0,512,512,0.125,0.03005614668518674,512.0,480.0
source,box_rms,scalar_control,96,929,1152.0,1152,1152,0.125,0.027386166601764357,1152.0,0.0
source,box_rms,scalar_control,128,1258,2048.0,2048,2048,0.125,0.025762411444445778,2048.0,0.0
source,box_rms,scalar_control,200,2013,5000.0,5000,5000,0.125,0.023592395727219356,5000.0,0.0
source,box_rms,scalar_control,256,2609,8192.0,8192,8192,0.125,0.022542110013890053,8192.0,0.0
source,continuation_rms,diffuse,16,137,32.0,32,32,0.125,0.045084220027780106,32.0,32.0
source,continuation_rms,diffuse,32,289,128.0,128,128,0.125,0.03606737602222408,128.0,128.0
source,continuation_rms,diffuse,64,605,512.0,512,512,0.125,0.03005614668518674,512.0,85.33333333333333
source,continuation_rms,diffuse,96,929,1152.0,1152,1152,0.125,0.027386166601764357,1152.0,0.0
source,continuation_rms,diffuse,128,1258,2048.0,2048,2048,0.125,0.025762411444445778,2048.0,0.0
source,continuation_rms,diffuse,200,2013,5000.0,5000,5000,0.125,0.023592395727219356,5000.0,0.0
source,continuation_rms,diffuse,256,2609,8192.0,8192,8192,0.125,0.022542110013890053,8192.0,0.0
source,continuation_rms,query_adversarial_pulse,16,137,53.333333333333336,40,64,0.20833333333333334,0.07514036671296685,32.0,32.0
source,continuation_rms,query_adversarial_pulse,32,289,128.0,128,128,0.125,0.03606737602222408,128.0,128.0
source,continuation_rms,query_adversarial_pulse,64,605,512.0,512,512,0.125,0.03005614668518674,512.0,74.66666666666667
source,continuation_rms,query_adversarial_pulse,96,929,1152.0,1152,1152,0.125,0.027386166601764357,1152.0,0.0
source,continuation_rms,query_adversarial_pulse,128,1258,2048.0,2048,2048,0.125,0.025762411444445778,2048.0,0.0
source,continuation_rms,query_adversarial_pulse,200,2013,5000.0,5000,5000,0.125,0.023592395727219356,5000.0,0.0
source,continuation_rms,query_adversarial_pulse,256,2609,8192.0,8192,8192,0.125,0.022542110013890053,8192.0,0.0
source,continuation_rms,random_pulse,16,137,56.0,48,64,0.21875,0.0788973850486152,34.666666666666664,32.0
source,continuation_rms,random_pulse,32,289,170.66666666666666,128,240,0.16666666666666666,0.04808983469629878,128.0,128.0
source,continuation_rms,random_pulse,64,605,512.0,512,512,0.125,0.03005614668518674,512.0,106.66666666666667
source,continuation_rms,random_pulse,96,929,1152.0,1152,1152,0.125,0.027386166601764357,1152.0,0.0
source,continuation_rms,random_pulse,128,1258,2048.0,2048,2048,0.125,0.025762411444445778,2048.0,0.0
source,continuation_rms,random_pulse,200,2013,5000.0,5000,5000,0.125,0.023592395727219356,5000.0,0.0
source,continuation_rms,random_pulse,256,2609,8192.0,8192,8192,0.125,0.022542110013890053,8192.0,0.0
source,continuation_rms,scalar_control,16,137,32.0,32,32,0.125,0.045084220027780106,32.0,32.0
source,continuation_rms,scalar_control,32,289,128.0,128,128,0.125,0.03606737602222408,128.0,128.0
source,continuation_rms,scalar_control,64,605,512.0,512,512,0.125,0.03005614668518674,512.0,128.0
source,continuation_rms,scalar_control,96,929,1152.0,1152,1152,0.125,0.027386166601764357,1152.0,0.0
source,continuation_rms,scalar_control,128,1258,2048.0,2048,2048,0.125,0.025762411444445778,2048.0,0.0
source,continuation_rms,scalar_control,200,2013,5000.0,5000,5000,0.125,0.023592395727219356,5000.0,0.0
source,continuation_rms,scalar_control,256,2609,8192.0,8192,8192,0.125,0.022542110013890053,8192.0,0.0
