map,n,H,strategy,seed,metric,count,count_n2,count_n2logn,input_sd_count,radius_005_count,top,tail_energy,epsilon_gap
source,16,137,diffuse,62101,box_rms,32,0.125,0.045084220027780106,32,32,0.09280341565823536,1.121922538145262e-05,177.69437870807684
source,16,137,diffuse,62101,continuation_rms,32,0.125,0.045084220027780106,32,32,0.07273468498506225,2.5685655456866282e-05,161.57717336149736
source,16,137,diffuse,62101,all_query_envelope,80,0.3125,0.11271055006945027,32,32,0.6191859915692065,5.278285690961528e-06,1.3597127704161653
source,16,137,diffuse,62102,box_rms,32,0.125,0.045084220027780106,32,32,0.09312418220463196,6.897864300818458e-06,238.3782779765477
source,16,137,diffuse,62102,continuation_rms,32,0.125,0.045084220027780106,32,32,0.0727858632105861,1.115871011294966e-05,194.0453865150364
source,16,137,diffuse,62102,all_query_envelope,48,0.1875,0.06762633004167017,32,32,0.6178054349479677,7.064605915783809e-06,1.2825248037585693
source,16,137,diffuse,62103,box_rms,32,0.125,0.045084220027780106,32,32,0.09343134533576011,1.9523060873042896e-05,114.35946811622031
source,16,137,diffuse,62103,continuation_rms,32,0.125,0.045084220027780106,32,32,0.07265006222306232,2.0658025585335233e-05,138.95240890513404
source,16,137,diffuse,62103,all_query_envelope,72,0.28125,0.10143949506250524,32,32,0.6200334038390681,5.201440703027379e-06,1.3029019278588108
source,16,137,query_adversarial_pulse,62101,box_rms,40,0.15625,0.056355275034725136,32,32,0.09342843661028812,3.8451267736193826e-05,1.7229430601864983
source,16,137,query_adversarial_pulse,62101,continuation_rms,56,0.21875,0.0788973850486152,32,32,0.07319938509146905,0.00010220361284767221,1.4837981529746536
source,16,137,query_adversarial_pulse,62101,all_query_envelope,168,0.65625,0.23669215514584557,72,32,0.6250779746024274,8.60339831836605e-06,1.1921553325654657
source,16,137,query_adversarial_pulse,62102,box_rms,48,0.1875,0.06762633004167017,32,32,0.09307547394532521,3.531944894017346e-05,1.5683389885607069
source,16,137,query_adversarial_pulse,62102,continuation_rms,64,0.25,0.09016844005556021,32,32,0.07300165006882953,9.369402260658189e-05,1.5494758887086124
source,16,137,query_adversarial_pulse,62102,all_query_envelope,184,0.71875,0.25923426515973563,72,32,0.6231450351147885,9.57842386046843e-06,1.093140266487201
source,16,137,query_adversarial_pulse,62103,box_rms,40,0.15625,0.056355275034725136,32,32,0.09326975958211618,5.072326784102983e-05,2.9199902966161924
source,16,137,query_adversarial_pulse,62103,continuation_rms,40,0.15625,0.056355275034725136,32,32,0.07263505878567625,0.000194610339352669,1.7779908545718965
source,16,137,query_adversarial_pulse,62103,all_query_envelope,176,0.6875,0.2479632101527906,64,32,0.624563863509014,9.725597047533226e-06,1.1346914386833413
source,16,137,random_pulse,62101,box_rms,40,0.15625,0.056355275034725136,32,32,0.09472747775249259,4.072851542991256e-05,1.673288020504256
source,16,137,random_pulse,62101,continuation_rms,48,0.1875,0.06762633004167017,32,32,0.073625471016091,0.00016381153309508043,1.3413552285260537
source,16,137,random_pulse,62101,all_query_envelope,176,0.6875,0.2479632101527906,96,32,0.6234575594937009,7.814146843244961e-06,1.1184097624405194
source,16,137,random_pulse,62102,box_rms,40,0.15625,0.056355275034725136,32,32,0.09240612334163738,7.350848387383139e-05,1.2433233182827255
source,16,137,random_pulse,62102,continuation_rms,56,0.21875,0.0788973850486152,32,32,0.07270475350084263,0.00013569140519249055,1.411310939648495
source,16,137,random_pulse,62102,all_query_envelope,160,0.625,0.22542110013890054,80,32,0.622917283653368,8.351131024864315e-06,1.1149015529485333
source,16,137,random_pulse,62103,box_rms,40,0.15625,0.056355275034725136,40,32,0.09218445654236164,7.4201136408199e-05,5.664155523417945
source,16,137,random_pulse,62103,continuation_rms,64,0.25,0.09016844005556021,40,32,0.0722899430895886,0.0001337643843314914,1.086792350769718
source,16,137,random_pulse,62103,all_query_envelope,160,0.625,0.22542110013890054,88,32,0.6261109194271924,8.762156748514095e-06,1.1170013050839451
source,16,137,scalar_control,62101,box_rms,32,0.125,0.045084220027780106,32,32,0.09509645606669859,8.355287154955373e-16,49341295.6852872
source,16,137,scalar_control,62101,continuation_rms,32,0.125,0.045084220027780106,32,32,0.07447463902090705,8.083475938224143e-16,47374830.67402764
source,16,137,scalar_control,62101,all_query_envelope,32,0.125,0.045084220027780106,32,32,0.6348742644947614,1.3537200048546926e-15,22790838.951895867
source,32,289,diffuse,62101,box_rms,128,0.125,0.03606737602222408,128,128,0.048523081106180886,2.1078309200347105e-06,305.8117003510315
source,32,289,diffuse,62101,continuation_rms,128,0.125,0.03606737602222408,128,128,0.03954589234234755,7.923422526603968e-06,303.561749265817
source,32,289,diffuse,62101,all_query_envelope,144,0.140625,0.040575798025002094,128,128,0.6013634137097871,8.353766068937223e-06,1.7102829759585456
source,32,289,diffuse,62102,box_rms,128,0.125,0.03606737602222408,128,128,0.04844642468603214,2.4344058787434686e-06,296.16512955793684
source,32,289,diffuse,62102,continuation_rms,128,0.125,0.03606737602222408,128,128,0.03965408785802159,9.001780631075874e-06,261.67753811968544
source,32,289,diffuse,62102,all_query_envelope,144,0.140625,0.040575798025002094,128,128,0.6004455074387988,7.63549876444225e-06,1.2941514663962845
source,32,289,diffuse,62103,box_rms,128,0.125,0.03606737602222408,128,128,0.048294075200713625,2.3158024369661028e-06,321.1790142396435
source,32,289,diffuse,62103,continuation_rms,128,0.125,0.03606737602222408,128,128,0.03920785589881633,7.965405446007677e-06,281.221928837911
source,32,289,diffuse,62103,all_query_envelope,144,0.140625,0.040575798025002094,128,128,0.6010440381785713,8.012649868324936e-06,1.8137657692071874
source,32,289,query_adversarial_pulse,62101,box_rms,128,0.125,0.03606737602222408,128,128,0.048744422074580684,7.814710480787016e-05,46.064142048920836
source,32,289,query_adversarial_pulse,62101,continuation_rms,128,0.125,0.03606737602222408,128,128,0.0396564131168581,0.0003731555135294419,35.59385158464472
source,32,289,query_adversarial_pulse,62101,all_query_envelope,608,0.59375,0.1713200361055644,256,128,0.6015506054056415,1.9593222398486742e-05,1.0761456054241074
source,32,289,query_adversarial_pulse,62102,box_rms,128,0.125,0.03606737602222408,128,128,0.04891622689590008,5.016066637022515e-05,64.2194173069652
source,32,289,query_adversarial_pulse,62102,continuation_rms,128,0.125,0.03606737602222408,128,128,0.04013092242853276,0.00025476553320432504,39.2486937637127
source,32,289,query_adversarial_pulse,62102,all_query_envelope,640,0.625,0.18033688011112042,240,128,0.6030887643637738,1.747950025908195e-05,1.008857789283945
source,32,289,query_adversarial_pulse,62103,box_rms,128,0.125,0.03606737602222408,128,128,0.04886684852010167,4.759514821216469e-05,66.50312214061742
source,32,289,query_adversarial_pulse,62103,continuation_rms,128,0.125,0.03606737602222408,128,128,0.03938812422635992,0.000416971992541454,32.47044493379901
source,32,289,query_adversarial_pulse,62103,all_query_envelope,640,0.625,0.18033688011112042,256,128,0.6032090370531753,1.716709359093641e-05,1.0684143625397409
source,32,289,random_pulse,62101,box_rms,144,0.140625,0.040575798025002094,128,128,0.04783938452367083,4.085996863496449e-05,2.582591844708333
source,32,289,random_pulse,62101,continuation_rms,128,0.125,0.03606737602222408,128,128,0.03965097542034084,0.00045603512086054665,33.27804476975793
source,32,289,random_pulse,62101,all_query_envelope,656,0.640625,0.18484530211389844,304,128,0.6065711289433701,1.852160237448616e-05,1.0433972523711748
source,32,289,random_pulse,62102,box_rms,144,0.140625,0.040575798025002094,128,128,0.046892179909471365,9.056398982655257e-05,4.80974866592934
source,32,289,random_pulse,62102,continuation_rms,240,0.234375,0.06762633004167017,128,128,0.03928605152676605,0.00024053478813733026,1.4934734098548383
source,32,289,random_pulse,62102,all_query_envelope,752,0.734375,0.2118958341305665,272,128,0.6044051451467741,1.4291547364671584e-05,1.073265009861358
source,32,289,random_pulse,62103,box_rms,144,0.140625,0.040575798025002094,128,128,0.04780666502348334,4.089615113070275e-05,2.8095957272390453
source,32,289,random_pulse,62103,continuation_rms,144,0.140625,0.040575798025002094,128,128,0.038960217450547376,0.00044635444274416597,1.4077422071372385
source,32,289,random_pulse,62103,all_query_envelope,656,0.640625,0.18484530211389844,240,128,0.604557880194677,1.915021995200733e-05,1.0437354975895685
source,32,289,scalar_control,62101,box_rms,128,0.125,0.03606737602222408,128,128,0.04945106500833466,9.566755260235462e-16,28094099.085586723
source,32,289,scalar_control,62101,continuation_rms,128,0.125,0.03606737602222408,128,128,0.040330160585428834,5.007233220409896e-16,46805550.209266126
source,32,289,scalar_control,62101,all_query_envelope,128,0.125,0.03606737602222408,128,128,0.6166103183914927,1.2952040564397286e-15,22358604.767255113
source,64,605,diffuse,62101,box_rms,512,0.125,0.03005614668518674,512,416,0.024666244621573706,9.272831847858851e-07,347.1729095065469
source,64,605,diffuse,62101,continuation_rms,512,0.125,0.03005614668518674,512,96,0.02088223953467444,3.273108117124071e-06,347.6203330492676
source,64,605,diffuse,62101,all_query_envelope,544,0.1328125,0.03193465585301091,512,512,0.5905261507861757,5.1847773264075025e-06,1.3793574085054547
source,64,605,diffuse,62102,box_rms,512,0.125,0.03005614668518674,512,416,0.024758320544792642,1.1397634676399743e-06,251.9054828933223
source,64,605,diffuse,62102,continuation_rms,512,0.125,0.03005614668518674,512,96,0.02118800020535939,4.07507329881227e-06,289.75789896935635
source,64,605,diffuse,62102,all_query_envelope,544,0.1328125,0.03193465585301091,512,512,0.5910581896060941,5.31085337557474e-06,1.4549807719014516
source,64,605,diffuse,62103,box_rms,512,0.125,0.03005614668518674,512,416,0.02476134171501363,9.538290963756288e-07,304.34707681625605
source,64,605,diffuse,62103,continuation_rms,512,0.125,0.03005614668518674,512,64,0.021036217130178392,5.1198029110004444e-06,314.19183844995865
source,64,605,diffuse,62103,all_query_envelope,544,0.1328125,0.03193465585301091,512,512,0.5906375045206775,5.3320515050230095e-06,2.7192114568110446
source,64,605,query_adversarial_pulse,62101,box_rms,512,0.125,0.03005614668518674,512,448,0.024971959591339216,2.011886319542996e-05,73.08603031104725
source,64,605,query_adversarial_pulse,62101,continuation_rms,512,0.125,0.03005614668518674,512,96,0.02106071135507523,0.00014186051960715702,41.31761926698038
source,64,605,query_adversarial_pulse,62101,all_query_envelope,1888,0.4609375,0.1108320409016261,608,512,0.5935241827741871,4.023503853294092e-05,1.0291254306125988
source,64,605,query_adversarial_pulse,62102,box_rms,512,0.125,0.03005614668518674,512,416,0.024415625546127324,9.812301295362425e-05,25.859007838599833
source,64,605,query_adversarial_pulse,62102,continuation_rms,512,0.125,0.03005614668518674,512,64,0.021023409311755014,0.0004532983795992692,29.15069778526331
source,64,605,query_adversarial_pulse,62102,all_query_envelope,1920,0.46875,0.11271055006945027,608,512,0.5937596124266535,4.347505093721028e-05,1.0190223150186637
source,64,605,query_adversarial_pulse,62103,box_rms,512,0.125,0.03005614668518674,512,416,0.02462081749811573,5.2228023070092056e-05,38.18081906846313
source,64,605,query_adversarial_pulse,62103,continuation_rms,512,0.125,0.03005614668518674,512,64,0.021015785525865666,0.0004017434952576233,31.557207019986848
source,64,605,query_adversarial_pulse,62103,all_query_envelope,2048,0.5,0.12022458674074696,608,512,0.59326337094313,4.025463612908089e-05,1.0068967686616939
source,64,605,random_pulse,62101,box_rms,512,0.125,0.03005614668518674,512,480,0.025197484606985017,2.2587224248389707e-05,68.95446240042168
source,64,605,random_pulse,62101,continuation_rms,512,0.125,0.03005614668518674,512,128,0.0212132249498375,0.00013842156992897522,51.93112433001402
source,64,605,random_pulse,62101,all_query_envelope,1920,0.46875,0.11271055006945027,608,512,0.5942609894306219,3.445212098898515e-05,1.0466695322045518
source,64,605,random_pulse,62102,box_rms,512,0.125,0.03005614668518674,512,416,0.02484169101376562,6.0931337193368845e-05,35.46105544874015
source,64,605,random_pulse,62102,continuation_rms,512,0.125,0.03005614668518674,512,96,0.021211849691122518,0.00033418814544207165,28.727205395221212
source,64,605,random_pulse,62102,all_query_envelope,1952,0.4765625,0.11458905923727444,640,512,0.5906414876027294,3.4799354270670176e-05,1.0769107479994202
source,64,605,random_pulse,62103,box_rms,512,0.125,0.03005614668518674,512,416,0.024767123570264293,5.304187864591338e-05,40.4707344424159
source,64,605,random_pulse,62103,continuation_rms,512,0.125,0.03005614668518674,512,96,0.021232544833799053,0.00020815756566820983,36.575046608106085
source,64,605,random_pulse,62103,all_query_envelope,1952,0.4765625,0.11458905923727444,704,512,0.5880726373354983,4.058134090657785e-05,1.0471875411584488
source,64,605,scalar_control,62101,box_rms,512,0.125,0.03005614668518674,512,480,0.02522028090306938,1.5089717068860986e-15,21590342.97315035
source,64,605,scalar_control,62101,continuation_rms,512,0.125,0.03005614668518674,512,128,0.021311964755991775,4.21635039723394e-16,39579962.05955252
source,64,605,scalar_control,62101,all_query_envelope,512,0.125,0.03005614668518674,512,512,0.6060824654375211,1.7796482852928334e-15,14370271.703079423
source,96,929,diffuse,62101,box_rms,1152,0.125,0.027386166601764357,1152,0,0.016608376175137607,3.322518994615455e-07,494.6384736714263
source,96,929,diffuse,62101,continuation_rms,1152,0.125,0.027386166601764357,1152,0,0.01330188019322173,5.8151803980479735e-06,345.0199627406113
source,96,929,diffuse,62101,all_query_envelope,1152,0.125,0.027386166601764357,1152,1152,0.5871511801480024,5.379141169831305e-06,110.00042283156169
source,96,929,diffuse,62102,box_rms,1152,0.125,0.027386166601764357,1152,0,0.016635373085681436,3.367643060054932e-07,489.31009008355375
source,96,929,diffuse,62102,continuation_rms,1152,0.125,0.027386166601764357,1152,0,0.013816746294264626,3.8017423264414443e-06,398.5632260475099
source,96,929,diffuse,62102,all_query_envelope,1152,0.125,0.027386166601764357,1152,1152,0.5866112756682103,4.7709244714322586e-06,112.3650190411068
source,96,929,diffuse,62103,box_rms,1152,0.125,0.027386166601764357,1152,0,0.016611558821927677,2.5792357141291147e-07,666.7022450091499
source,96,929,diffuse,62103,continuation_rms,1152,0.125,0.027386166601764357,1152,0,0.01384652237728771,2.268504505327079e-06,570.6256435313068
source,96,929,diffuse,62103,all_query_envelope,1152,0.125,0.027386166601764357,1152,1152,0.5867096014653277,4.569894645019035e-06,121.50415541470227
source,96,929,query_adversarial_pulse,62101,box_rms,1152,0.125,0.027386166601764357,1152,0,0.01668656337777994,1.88418683973259e-05,59.010299973549905
source,96,929,query_adversarial_pulse,62101,continuation_rms,1152,0.125,0.027386166601764357,1152,0,0.013431871711576263,0.00020492966677881181,44.375915953098904
source,96,929,query_adversarial_pulse,62101,all_query_envelope,3696,0.4010416666666667,0.08786395118066065,1296,1152,0.5914674026150523,5.079108757830488e-05,1.027682533279302
source,96,929,query_adversarial_pulse,62102,box_rms,1152,0.125,0.027386166601764357,1152,0,0.016660395205352344,2.002504917783263e-05,57.406291299457614
source,96,929,query_adversarial_pulse,62102,continuation_rms,1152,0.125,0.027386166601764357,1152,0,0.013928857708606721,0.00022742580301432215,37.205313405979624
source,96,929,query_adversarial_pulse,62102,all_query_envelope,4320,0.46875,0.10269812475661634,1296,1152,0.5877180099685194,4.5428181135725627e-05,1.0218425889206355
source,96,929,query_adversarial_pulse,62103,box_rms,1152,0.125,0.027386166601764357,1152,0,0.016738810872628844,1.8417578215428127e-05,59.87504487343619
source,96,929,query_adversarial_pulse,62103,continuation_rms,1152,0.125,0.027386166601764357,1152,0,0.013915433177842464,0.00025281433813356045,37.5097132240764
source,96,929,query_adversarial_pulse,62103,all_query_envelope,3648,0.3958333333333333,0.08672286090558713,1296,1152,0.5889612194243288,6.071587248367891e-05,1.03828783781641
source,96,929,random_pulse,62101,box_rms,1152,0.125,0.027386166601764357,1152,0,0.01685585320796753,2.026054325902102e-05,59.680554342930236
source,96,929,random_pulse,62101,continuation_rms,1152,0.125,0.027386166601764357,1152,0,0.01336613180802262,0.0007122333087899855,27.287217183118337
source,96,929,random_pulse,62101,all_query_envelope,3792,0.4114583333333333,0.09014613173080768,1296,1152,0.5863729005102782,6.855480610636166e-05,1.0078957379010036
source,96,929,random_pulse,62102,box_rms,1152,0.125,0.027386166601764357,1152,0,0.016897500751497416,2.0333917891475745e-05,57.69832290703217
source,96,929,random_pulse,62102,continuation_rms,1152,0.125,0.027386166601764357,1152,0,0.01400768189056304,0.00022453784934572084,37.76175141969893
source,96,929,random_pulse,62102,all_query_envelope,3888,0.421875,0.0924283122809547,1248,1152,0.5894320945391919,6.476597183947637e-05,1.0512184975823244
source,96,929,random_pulse,62103,box_rms,1152,0.125,0.027386166601764357,1152,0,0.016854750205730757,2.1886523246369532e-05,67.56442184238533
source,96,929,random_pulse,62103,continuation_rms,1152,0.125,0.027386166601764357,1152,0,0.01406847296889281,0.00019947448427490484,45.44689860666506
source,96,929,random_pulse,62103,all_query_envelope,4176,0.453125,0.09927485393139579,1392,1152,0.5897742131220646,6.34302975929003e-05,1.033151325480963
source,96,929,scalar_control,62101,box_rms,1152,0.125,0.027386166601764357,1152,0,0.01694378551713779,1.6684393492732282e-15,21155997.90954668
source,96,929,scalar_control,62101,continuation_rms,1152,0.125,0.027386166601764357,1152,0,0.013575597906440771,3.511931691291011e-16,38050907.79801068
source,96,929,scalar_control,62101,all_query_envelope,1152,0.125,0.027386166601764357,1152,1152,0.6023566105510407,2.3439769940063437e-15,12163387.810196396
source,128,1258,diffuse,62101,box_rms,2048,0.125,0.025762411444445778,2048,0,0.012504416006337987,2.4853184920555774e-07,440.64337977924407
source,128,1258,diffuse,62101,continuation_rms,2048,0.125,0.025762411444445778,2048,0,0.010858097528796637,3.640111693840353e-06,342.71483175431115
source,128,1258,diffuse,62101,all_query_envelope,2048,0.125,0.025762411444445778,2048,2048,0.5852608429667232,3.8352089736045685e-06,111.65895022069523
source,128,1258,diffuse,62102,box_rms,2048,0.125,0.025762411444445778,2048,0,0.012507174166448913,3.087520248526822e-07,363.8425932166861
source,128,1258,diffuse,62102,continuation_rms,2048,0.125,0.025762411444445778,2048,0,0.010567564090757927,2.180343918593395e-06,350.2160310312756
source,128,1258,diffuse,62102,all_query_envelope,2112,0.12890625,0.026567486802084705,2048,2048,0.5850532796901736,2.747475131240783e-06,2.3873684265810113
source,128,1258,diffuse,62103,box_rms,2048,0.125,0.025762411444445778,2048,0,0.01254099788315636,2.525608720554716e-07,492.3390435797071
source,128,1258,diffuse,62103,continuation_rms,2048,0.125,0.025762411444445778,2048,0,0.010423458651310032,2.823085407810643e-06,442.86713761285455
source,128,1258,diffuse,62103,all_query_envelope,2048,0.125,0.025762411444445778,2048,2048,0.5851376904647995,3.3995341704690863e-06,118.19014149519703
source,128,1258,query_adversarial_pulse,62101,box_rms,2048,0.125,0.025762411444445778,2048,0,0.012680079331781521,4.936863038445524e-05,31.55644140490221
source,128,1258,query_adversarial_pulse,62101,continuation_rms,2048,0.125,0.025762411444445778,2048,0,0.010964343059896563,0.00024422492744330556,37.29145359557502
source,128,1258,query_adversarial_pulse,62101,all_query_envelope,4864,0.296875,0.061185727180558716,2176,2048,0.5849935380333281,8.656064024810251e-05,1.0138216745471642
source,128,1258,query_adversarial_pulse,62102,box_rms,2048,0.125,0.025762411444445778,2048,0,0.01257027506514462,5.975006972006159e-05,24.660244528961837
source,128,1258,query_adversarial_pulse,62102,continuation_rms,2048,0.125,0.025762411444445778,2048,0,0.01064402050358481,0.0003315972363950327,34.059428868122716
source,128,1258,query_adversarial_pulse,62102,all_query_envelope,5248,0.3203125,0.0660161793263923,2240,2048,0.5843661119298423,8.027518348161116e-05,1.016323519539669
source,128,1258,query_adversarial_pulse,62103,box_rms,2048,0.125,0.025762411444445778,2048,0,0.012623288272800745,3.782247579110748e-05,32.48400043422143
source,128,1258,query_adversarial_pulse,62103,continuation_rms,2048,0.125,0.025762411444445778,2048,0,0.010442914109438681,0.0002359525709300676,40.234739276717995
source,128,1258,query_adversarial_pulse,62103,all_query_envelope,5440,0.33203125,0.0684314053993091,2240,2048,0.5854353457821927,7.578525707467614e-05,1.0024491591937048
source,128,1258,random_pulse,62101,box_rms,2048,0.125,0.025762411444445778,2048,0,0.012751905645478664,3.018982934754966e-05,38.452890061822394
source,128,1258,random_pulse,62101,continuation_rms,2048,0.125,0.025762411444445778,2048,0,0.011033633206169758,0.00014097335261773297,37.42489833118776
source,128,1258,random_pulse,62101,all_query_envelope,4992,0.3046875,0.06279587789583659,2304,2048,0.5838966488449714,8.40517335057537e-05,1.0238303940135496
source,128,1258,random_pulse,62102,box_rms,2048,0.125,0.025762411444445778,2048,0,0.012693286369856865,4.372431202257763e-05,34.77648667503446
source,128,1258,random_pulse,62102,continuation_rms,2048,0.125,0.025762411444445778,2048,0,0.010708582051899732,0.0002461170301559147,38.434562287751774
source,128,1258,random_pulse,62102,all_query_envelope,6720,0.41015625,0.08453291255208771,2304,2048,0.5887348607061086,7.70229966543672e-05,1.0438709605286762
source,128,1258,random_pulse,62103,box_rms,2048,0.125,0.025762411444445778,2048,0,0.012414373241259186,6.0101189968135636e-05,24.999787554803948
source,128,1258,random_pulse,62103,continuation_rms,2048,0.125,0.025762411444445778,2048,0,0.010337342701327999,0.0006189535332926031,30.756481460470777
source,128,1258,random_pulse,62103,all_query_envelope,6656,0.40625,0.08372783719444878,2240,2048,0.5848952143395625,7.554382588456957e-05,1.027060168605457
source,128,1258,scalar_control,62101,box_rms,2048,0.125,0.025762411444445778,2048,0,0.012781506126109234,2.2331349193211382e-15,18241978.514011193
source,128,1258,scalar_control,62101,continuation_rms,2048,0.125,0.025762411444445778,2048,0,0.011093340891483788,3.4360480190103327e-16,40472832.74465975
source,128,1258,scalar_control,62101,all_query_envelope,2048,0.125,0.025762411444445778,2048,2048,0.6004520841061455,2.517998315944298e-15,11837003.828079317
source,200,2013,diffuse,62101,box_rms,5000,0.125,0.023592395727219356,5000,0,0.008133872060848363,1.0299038697299791e-07,547.69420173237
source,200,2013,diffuse,62101,continuation_rms,5000,0.125,0.023592395727219356,5000,0,0.006974489051820201,8.997599717621032e-07,549.1323798955158
source,200,2013,diffuse,62101,all_query_envelope,5000,0.125,0.023592395727219356,5000,5000,0.5830168015223428,2.6363168251133055e-06,100.84462079232976
source,200,2013,diffuse,62102,box_rms,5000,0.125,0.023592395727219356,5000,0,0.008130047764038882,9.802926062633101e-08,595.7685839666173
source,200,2013,diffuse,62102,continuation_rms,5000,0.125,0.023592395727219356,5000,0,0.007111576034693216,7.954950273160249e-07,590.914324758498
source,200,2013,diffuse,62102,all_query_envelope,5000,0.125,0.023592395727219356,5000,5000,0.5831103992289304,2.6889899497419986e-06,93.67805438489874
source,200,2013,diffuse,62103,box_rms,5000,0.125,0.023592395727219356,5000,0,0.008123473370556163,1.0755903063383889e-07,506.6418828560138
source,200,2013,diffuse,62103,continuation_rms,5000,0.125,0.023592395727219356,5000,0,0.007046001116300604,7.690584175086384e-07,428.30728577672346
source,200,2013,diffuse,62103,all_query_envelope,5000,0.125,0.023592395727219356,5000,5000,0.5827534077137412,2.5999034576873685e-06,98.40160206595074
source,200,2013,query_adversarial_pulse,62101,box_rms,5000,0.125,0.023592395727219356,5000,0,0.008258369788609268,1.2462230702491533e-05,58.229872605159926
source,200,2013,query_adversarial_pulse,62101,continuation_rms,5000,0.125,0.023592395727219356,5000,0,0.007003597348052933,0.00027487559434984115,33.25007360539999
source,200,2013,query_adversarial_pulse,62101,all_query_envelope,10200,0.255,0.04812848728352749,5200,5000,0.5843600057110055,0.00011561047035165453,1.0034564479202228
source,200,2013,query_adversarial_pulse,62102,box_rms,5000,0.125,0.023592395727219356,5000,0,0.008213432510535947,9.554108495934649e-06,60.212722416158535
source,200,2013,query_adversarial_pulse,62102,continuation_rms,5000,0.125,0.023592395727219356,5000,0,0.007193851917008489,0.0001822569440319357,36.212069925044425
source,200,2013,query_adversarial_pulse,62102,all_query_envelope,7400,0.185,0.034916745676284645,5300,5000,0.5831922015444809,0.00013796088990931466,1.0057073723815557
source,200,2013,query_adversarial_pulse,62103,box_rms,5000,0.125,0.023592395727219356,5000,0,0.00821980830401599,1.10699612254527e-05,58.07236225983592
source,200,2013,query_adversarial_pulse,62103,continuation_rms,5000,0.125,0.023592395727219356,5000,0,0.00709291043067186,0.0002676736651372368,33.17654200274439
source,200,2013,query_adversarial_pulse,62103,all_query_envelope,8100,0.2025,0.038219681078095355,5300,5000,0.582316506366486,0.00014246012067004957,1.0059571985702485
source,200,2013,random_pulse,62101,box_rms,5000,0.125,0.023592395727219356,5000,0,0.008255397841744507,1.4083104346062448e-05,49.40698774677092
source,200,2013,random_pulse,62101,continuation_rms,5000,0.125,0.023592395727219356,5000,0,0.007064461886135657,0.00045239640065253327,28.790318943777294
source,200,2013,random_pulse,62101,all_query_envelope,11900,0.2975,0.05614990183078207,5400,5000,0.583115063807921,0.00012403381271518254,1.0237143918882416
source,200,2013,random_pulse,62102,box_rms,5000,0.125,0.023592395727219356,5000,0,0.008270493380268135,1.5797005629426478e-05,48.829796334968634
source,200,2013,random_pulse,62102,continuation_rms,5000,0.125,0.023592395727219356,5000,0,0.007177560117752148,0.0005844970922444364,27.656402134770236
source,200,2013,random_pulse,62102,all_query_envelope,12900,0.3225,0.06086838097622594,5400,5000,0.5826182506494018,0.00012509543986747112,1.0087547223263875
source,200,2013,random_pulse,62103,box_rms,5000,0.125,0.023592395727219356,5000,0,0.007981505784436372,2.512522381940764e-05,39.1615887963313
source,200,2013,random_pulse,62103,continuation_rms,5000,0.125,0.023592395727219356,5000,0,0.007082968276676993,0.00039406003912334953,28.487157931779944
source,200,2013,random_pulse,62103,all_query_envelope,12300,0.3075,0.05803729348895962,5400,5000,0.582668458013291,0.0001254683402722696,1.016074929537946
source,200,2013,scalar_control,62101,box_rms,5000,0.125,0.023592395727219356,5000,0,0.00830569724631248,1.845737866110267e-15,17761194.557218395
source,200,2013,scalar_control,62101,continuation_rms,5000,0.125,0.023592395727219356,5000,0,0.007135179112450776,3.9559123178164453e-16,34304982.41806836
source,200,2013,scalar_control,62101,all_query_envelope,5000,0.125,0.023592395727219356,5000,5000,0.598363678653855,4.7716816373748444e-15,8321575.457885809
source,256,2609,diffuse,62101,box_rms,8192,0.125,0.022542110013890053,8192,0,0.006446753667038263,6.640916101945368e-08,791.6575390363554
source,256,2609,diffuse,62101,continuation_rms,8192,0.125,0.022542110013890053,8192,0,0.005591505678399482,1.4770321461550711e-06,564.7081795540473
source,256,2609,diffuse,62101,all_query_envelope,8192,0.125,0.022542110013890053,8192,8192,0.5821888331094388,1.9156389278674407e-06,105.84657517705979
source,256,2609,diffuse,62102,box_rms,8192,0.125,0.022542110013890053,8192,0,0.006447057557783042,7.852331554646374e-08,617.6580399542712
source,256,2609,diffuse,62102,continuation_rms,8192,0.125,0.022542110013890053,8192,0,0.005615920088024645,1.871707124815902e-06,532.2440702010788
source,256,2609,diffuse,62102,all_query_envelope,8192,0.125,0.022542110013890053,8192,8192,0.5822856202402202,2.0331260562729866e-06,94.23846035204765
source,256,2609,diffuse,62103,box_rms,8192,0.125,0.022542110013890053,8192,0,0.0064333115927697054,8.972067453416223e-08,546.0150809258002
source,256,2609,diffuse,62103,continuation_rms,8192,0.125,0.022542110013890053,8192,0,0.005714627668179097,1.1237436712695054e-06,507.9935622583255
source,256,2609,diffuse,62103,all_query_envelope,8192,0.125,0.022542110013890053,8192,8192,0.5823631320845407,2.145316768135158e-06,100.97619507237805
source,256,2609,query_adversarial_pulse,62101,box_rms,8192,0.125,0.022542110013890053,8192,0,0.006498944368640895,9.704916581888895e-06,55.966782746698975
source,256,2609,query_adversarial_pulse,62101,continuation_rms,8192,0.125,0.022542110013890053,8192,0,0.005638410840606735,0.0002873143749129561,39.27700096112189
source,256,2609,query_adversarial_pulse,62101,all_query_envelope,11520,0.17578125,0.03169984220703289,8576,8192,0.5813558155331172,0.00016147570959760516,1.0019288696809832
source,256,2609,query_adversarial_pulse,62102,box_rms,8192,0.125,0.022542110013890053,8192,0,0.006535480641296664,1.0832138977256822e-05,55.80283601142143
source,256,2609,query_adversarial_pulse,62102,continuation_rms,8192,0.125,0.022542110013890053,8192,0,0.005672777870347034,0.00033024377532624773,30.94089449528608
source,256,2609,query_adversarial_pulse,62102,all_query_envelope,10496,0.16015625,0.028882078455296632,8576,8192,0.5818824839457132,0.00017698289301141748,1.017070743320396
source,256,2609,query_adversarial_pulse,62103,box_rms,8192,0.125,0.022542110013890053,8192,0,0.0065315623632301026,9.950529800507999e-06,55.83631267589826
source,256,2609,query_adversarial_pulse,62103,continuation_rms,8192,0.125,0.022542110013890053,8192,0,0.005746208305096998,0.00044200296783012517,31.39670053875258
source,256,2609,query_adversarial_pulse,62103,all_query_envelope,12032,0.18359375,0.03310872408290102,8576,8192,0.5819875828457977,0.00016253552469643393,1.0039509873734993
source,256,2609,random_pulse,62101,box_rms,8192,0.125,0.022542110013890053,8192,0,0.0065662399903850845,1.294638802503769e-05,46.18031571504251
source,256,2609,random_pulse,62101,continuation_rms,8192,0.125,0.022542110013890053,8192,0,0.005654537370778585,0.0008244436371950582,24.92440804263697
source,256,2609,random_pulse,62101,all_query_envelope,18304,0.279296875,0.05036752706228559,8576,8192,0.5827601981016195,0.0001410521176676849,1.007117829478951
source,256,2609,random_pulse,62102,box_rms,8192,0.125,0.022542110013890053,8192,0,0.006459262206855092,1.4510040702133907e-05,58.643025772700035
source,256,2609,random_pulse,62102,continuation_rms,8192,0.125,0.022542110013890053,8192,0,0.005669003871169555,0.0003919937707137956,40.27151490640638
source,256,2609,random_pulse,62102,all_query_envelope,17920,0.2734375,0.04931086565538449,8704,8192,0.5840127979716848,0.0001620261165504724,1.051547756564156
source,256,2609,random_pulse,62103,box_rms,8192,0.125,0.022542110013890053,8192,0,0.006566621069980574,1.1858645116607504e-05,55.3202487143038
source,256,2609,random_pulse,62103,continuation_rms,8192,0.125,0.022542110013890053,8192,0,0.005798000172428297,0.00032586997619019845,37.35188328236516
source,256,2609,random_pulse,62103,all_query_envelope,18432,0.28125,0.05071974753125262,8576,8192,0.5835139718740553,0.0001685654307492873,1.0056645754441949
source,256,2609,scalar_control,62101,box_rms,8192,0.125,0.022542110013890053,8192,0,0.006584645285429975,2.4500640839755804e-15,16041797.00591401
source,256,2609,scalar_control,62101,continuation_rms,8192,0.125,0.022542110013890053,8192,0,0.005722151991981554,4.533133623178257e-16,33795294.52172355
source,256,2609,scalar_control,62101,all_query_envelope,8192,0.125,0.022542110013890053,8192,8192,0.5975426164206541,5.6286067075939486e-15,7063457.295067981
complete,12,100,diffuse,73101,box_rms,79,0.5486111111111112,0.22077735240392865,52,40,0.40999580965473753,1.1940149575822627e-05,1.01968602555184
complete,12,100,diffuse,73102,box_rms,79,0.5486111111111112,0.22077735240392865,52,40,0.3977260946369303,1.238208717070022e-05,1.0454224187960683
complete,12,100,query_adversarial_pulse,73101,box_rms,83,0.5763888888888888,0.23195595252564655,58,39,0.39712433311468226,1.371607916747083e-05,1.030216982343138
complete,12,100,query_adversarial_pulse,73102,box_rms,78,0.5416666666666666,0.21798270237349918,58,39,0.4204686528963791,1.4128486493052385e-05,1.0712765479669164
complete,12,100,random_pulse,73101,box_rms,75,0.5208333333333334,0.20959875228221075,49,38,0.42483059559748904,1.2896506059665513e-05,1.0105659438357846
complete,12,100,random_pulse,73102,box_rms,77,0.5347222222222222,0.2151880523430697,53,39,0.4130380932102121,1.4231703479671978e-05,1.026260384736194
complete,16,137,diffuse,73101,box_rms,113,0.44140625,0.15920365197309852,82,68,0.4093542424469207,1.458127620412193e-05,1.0567908078253399
complete,16,137,diffuse,73102,box_rms,116,0.453125,0.16343029760070288,82,67,0.4054771491279243,1.4221578426531246e-05,1.0488652489705927
complete,16,137,query_adversarial_pulse,73101,box_rms,111,0.43359375,0.15638588822136226,79,66,0.40554851369375977,1.2179164548344847e-05,1.055439151756393
complete,16,137,query_adversarial_pulse,73102,box_rms,111,0.43359375,0.15638588822136226,80,66,0.4088323979810721,1.2610422093512274e-05,1.0507624767524244
complete,16,137,random_pulse,73101,box_rms,106,0.4140625,0.14934147884202162,78,66,0.43155880404579233,1.1246471879861429e-05,1.0860021984391353
complete,16,137,random_pulse,73102,box_rms,105,0.41015625,0.1479325969661535,78,66,0.4320763334778251,1.5533259719934458e-05,1.0261192824514869
complete,20,175,diffuse,73101,box_rms,161,0.4025,0.13435780077987197,122,105,0.403789046920667,1.4423301098689802e-05,1.0316879444333127
complete,20,175,diffuse,73102,box_rms,161,0.4025,0.13435780077987197,119,105,0.41514545285275595,1.518745066626416e-05,1.0015228760128811
complete,20,175,query_adversarial_pulse,73101,box_rms,143,0.3575,0.11933643174858194,117,104,0.41919370368646874,1.6974543234967745e-05,1.0236684605152926
complete,20,175,query_adversarial_pulse,73102,box_rms,172,0.43,0.14353752629899366,121,103,0.40928020644172797,1.697790434275391e-05,1.0077356159916202
complete,20,175,random_pulse,73101,box_rms,153,0.3825,0.12768163676596528,119,104,0.41682295547728465,1.4747749224121128e-05,1.070638431259028
complete,20,175,random_pulse,73102,box_rms,164,0.41,0.13686136228508697,120,103,0.4315974838502008,1.5285374228544102e-05,1.022700652605154
complete,24,213,diffuse,73101,box_rms,214,0.3715277777777778,0.11690418023444916,167,150,0.4076128030575106,1.5841584196326944e-05,1.041564707311983
complete,24,213,diffuse,73102,box_rms,213,0.3697916666666667,0.11635789901840034,166,149,0.41353631263441765,1.6028200441306348e-05,1.0124140506800816
complete,24,213,query_adversarial_pulse,73101,box_rms,210,0.3645833333333333,0.11471905537025386,163,146,0.4211388426335415,1.1596336548406538e-05,1.0163758816143256
complete,24,213,query_adversarial_pulse,73102,box_rms,186,0.3229166666666667,0.10160830618508199,163,145,0.4271490647347332,1.444456397866418e-05,1.0155462916481925
complete,24,213,random_pulse,73101,box_rms,205,0.3559027777777778,0.11198764929000972,163,149,0.42812410555624114,1.350145190416843e-05,1.02696536357862
complete,24,213,random_pulse,73102,box_rms,206,0.3576388888888889,0.11253393050605855,165,146,0.4193437783043666,1.2849792638677806e-05,1.0454550242696008
