n,strategy,seed,metric,lag,mean,mean_absolute
16,diffuse,62101,box_rms,1,-0.006935157586768166,0.007411204560230974
16,diffuse,62101,box_rms,4,0.9999891590413118,0.9999891590413118
16,diffuse,62101,box_rms,8,0.9999770381213781,0.9999770381213781
16,diffuse,62101,box_rms,16,0.9999507443138279,0.9999507443138279
16,diffuse,62101,box_rms,32,0.9999120294939449,0.9999120294939449
16,diffuse,62101,continuation_rms,1,0.007017639859100827,0.007017639859100827
16,diffuse,62101,continuation_rms,4,0.9999856102849658,0.9999856102849658
16,diffuse,62101,continuation_rms,8,0.9999684585748493,0.9999684585748493
16,diffuse,62101,continuation_rms,16,0.9999273449326321,0.9999273449326321
16,diffuse,62101,continuation_rms,32,0.9998380244817512,0.9998380244817512
16,diffuse,62101,all_query_envelope,1,0.5068594897550088,0.5068594897550088
16,diffuse,62101,all_query_envelope,4,0.9999832925349725,0.9999832925349725
16,diffuse,62101,all_query_envelope,8,0.9999640866355642,0.9999640866355642
16,diffuse,62101,all_query_envelope,16,0.9999163659711084,0.9999163659711084
16,diffuse,62101,all_query_envelope,32,0.9998135866367267,0.9998135866367267
16,diffuse,62102,box_rms,1,-0.003595239981759628,0.004851699617092867
16,diffuse,62102,box_rms,4,0.9999887926099116,0.9999887926099116
16,diffuse,62102,box_rms,8,0.999978393426764,0.999978393426764
16,diffuse,62102,box_rms,16,0.9999619337236132,0.9999619337236132
16,diffuse,62102,box_rms,32,0.9999393015257767,0.9999393015257767
16,diffuse,62102,continuation_rms,1,-0.011391872170977972,0.011391872170977972
16,diffuse,62102,continuation_rms,4,0.9999860659689435,0.9999860659689435
16,diffuse,62102,continuation_rms,8,0.9999725286405947,0.9999725286405947
16,diffuse,62102,continuation_rms,16,0.9999473171101576,0.9999473171101576
16,diffuse,62102,continuation_rms,32,0.9999083144739214,0.9999083144739214
16,diffuse,62102,all_query_envelope,1,0.49082530415744685,0.49082530415744685
16,diffuse,62102,all_query_envelope,4,0.9999846427391434,0.9999846427391434
16,diffuse,62102,all_query_envelope,8,0.9999692820134916,0.9999692820134916
16,diffuse,62102,all_query_envelope,16,0.9999361307799003,0.9999361307799003
16,diffuse,62102,all_query_envelope,32,0.9998743080370612,0.9998743080370612
16,diffuse,62103,box_rms,1,0.007760170708995505,0.007872288430281857
16,diffuse,62103,box_rms,4,0.999988819666347,0.999988819666347
16,diffuse,62103,box_rms,8,0.9999793281952033,0.9999793281952033
16,diffuse,62103,box_rms,16,0.9999639401588963,0.9999639401588963
16,diffuse,62103,box_rms,32,0.9999279199648635,0.9999279199648635
16,diffuse,62103,continuation_rms,1,0.021518951315691197,0.021518951315691197
16,diffuse,62103,continuation_rms,4,0.999986638380656,0.999986638380656
16,diffuse,62103,continuation_rms,8,0.9999742537078766,0.9999742537078766
16,diffuse,62103,continuation_rms,16,0.9999532330886943,0.9999532330886943
16,diffuse,62103,continuation_rms,32,0.9999062077836243,0.9999062077836243
16,diffuse,62103,all_query_envelope,1,0.5075169390146025,0.5075169390146025
16,diffuse,62103,all_query_envelope,4,0.9999848274945259,0.9999848274945259
16,diffuse,62103,all_query_envelope,8,0.9999700614134464,0.9999700614134464
16,diffuse,62103,all_query_envelope,16,0.9999429181978835,0.9999429181978835
16,diffuse,62103,all_query_envelope,32,0.9998879457529797,0.9998879457529797
16,query_adversarial_pulse,62101,box_rms,1,0.08520971204589993,0.08520971204589993
16,query_adversarial_pulse,62101,box_rms,4,0.9997289316629315,0.9997289316629315
16,query_adversarial_pulse,62101,box_rms,8,0.9995113321069986,0.9995113321069986
16,query_adversarial_pulse,62101,box_rms,16,0.9988138653343909,0.9988138653343909
16,query_adversarial_pulse,62101,box_rms,32,0.9962392159792295,0.9962392159792295
16,query_adversarial_pulse,62101,continuation_rms,1,0.10424285035184415,0.10424285035184415
16,query_adversarial_pulse,62101,continuation_rms,4,0.9996900106424301,0.9996900106424301
16,query_adversarial_pulse,62101,continuation_rms,8,0.9994385537993362,0.9994385537993362
16,query_adversarial_pulse,62101,continuation_rms,16,0.9987255235082003,0.9987255235082003
16,query_adversarial_pulse,62101,continuation_rms,32,0.9963605889719838,0.9963605889719838
16,query_adversarial_pulse,62101,all_query_envelope,1,0.5618968079932477,0.5618968079932477
16,query_adversarial_pulse,62101,all_query_envelope,4,0.9996970370373085,0.9996970370373085
16,query_adversarial_pulse,62101,all_query_envelope,8,0.9994631801033891,0.9994631801033891
16,query_adversarial_pulse,62101,all_query_envelope,16,0.9989165021624485,0.9989165021624485
16,query_adversarial_pulse,62101,all_query_envelope,32,0.9974594879414398,0.9974594879414398
16,query_adversarial_pulse,62102,box_rms,1,0.07765844005168182,0.0777240208600405
16,query_adversarial_pulse,62102,box_rms,4,0.9997512679216088,0.9997512679216088
16,query_adversarial_pulse,62102,box_rms,8,0.9995464928909781,0.9995464928909781
16,query_adversarial_pulse,62102,box_rms,16,0.9989518248669613,0.9989518248669613
16,query_adversarial_pulse,62102,box_rms,32,0.9972426713034004,0.9972426713034004
16,query_adversarial_pulse,62102,continuation_rms,1,0.06741973354583486,0.06767883687932222
16,query_adversarial_pulse,62102,continuation_rms,4,0.9996762172994687,0.9996762172994687
16,query_adversarial_pulse,62102,continuation_rms,8,0.9994037524369711,0.9994037524369711
16,query_adversarial_pulse,62102,continuation_rms,16,0.9987012112525965,0.9987012112525965
16,query_adversarial_pulse,62102,continuation_rms,32,0.9970201894044194,0.9970201894044194
16,query_adversarial_pulse,62102,all_query_envelope,1,0.5489020827297127,0.5489020827297127
16,query_adversarial_pulse,62102,all_query_envelope,4,0.9996648972233679,0.9996648972233679
16,query_adversarial_pulse,62102,all_query_envelope,8,0.9994164331582,0.9994164331582
16,query_adversarial_pulse,62102,all_query_envelope,16,0.9988658175539608,0.9988658175539608
16,query_adversarial_pulse,62102,all_query_envelope,32,0.997490799911994,0.997490799911994
16,query_adversarial_pulse,62103,box_rms,1,0.09979206869133744,0.09979206869133744
16,query_adversarial_pulse,62103,box_rms,4,0.9997434508382341,0.9997434508382341
16,query_adversarial_pulse,62103,box_rms,8,0.9995275308496836,0.9995275308496836
16,query_adversarial_pulse,62103,box_rms,16,0.9988872038552498,0.9988872038552498
16,query_adversarial_pulse,62103,box_rms,32,0.9970482902854635,0.9970482902854635
16,query_adversarial_pulse,62103,continuation_rms,1,0.10985939969441184,0.10985939969441184
16,query_adversarial_pulse,62103,continuation_rms,4,0.999662624186709,0.999662624186709
16,query_adversarial_pulse,62103,continuation_rms,8,0.999381828408067,0.999381828408067
16,query_adversarial_pulse,62103,continuation_rms,16,0.9986827217315905,0.9986827217315905
16,query_adversarial_pulse,62103,continuation_rms,32,0.9967769254494779,0.9967769254494779
16,query_adversarial_pulse,62103,all_query_envelope,1,0.5706269317260985,0.5706269317260985
16,query_adversarial_pulse,62103,all_query_envelope,4,0.9996403649339115,0.9996403649339115
16,query_adversarial_pulse,62103,all_query_envelope,8,0.9993562920829971,0.9993562920829971
16,query_adversarial_pulse,62103,all_query_envelope,16,0.99875085969954,0.99875085969954
16,query_adversarial_pulse,62103,all_query_envelope,32,0.997191828858339,0.997191828858339
16,random_pulse,62101,box_rms,1,0.08982801106963147,0.08982801106963147
16,random_pulse,62101,box_rms,4,0.9998352460834441,0.9998352460834441
16,random_pulse,62101,box_rms,8,0.9996403720382506,0.9996403720382506
16,random_pulse,62101,box_rms,16,0.999195500322994,0.999195500322994
16,random_pulse,62101,box_rms,32,0.9980781218842079,0.9980781218842079
16,random_pulse,62101,continuation_rms,1,0.10494521218918115,0.10494521218918115
16,random_pulse,62101,continuation_rms,4,0.9997278534441175,0.9997278534441175
16,random_pulse,62101,continuation_rms,8,0.9994101604540317,0.9994101604540317
16,random_pulse,62101,continuation_rms,16,0.9986107148372622,0.9986107148372622
16,random_pulse,62101,continuation_rms,32,0.9963387600862967,0.9963387600862967
16,random_pulse,62101,all_query_envelope,1,0.5248998941760261,0.5248998941760261
16,random_pulse,62101,all_query_envelope,4,0.9996518696080381,0.9996518696080381
16,random_pulse,62101,all_query_envelope,8,0.9992218181729091,0.9992218181729091
16,random_pulse,62101,all_query_envelope,16,0.9981850292396584,0.9981850292396584
16,random_pulse,62101,all_query_envelope,32,0.9955032285498193,0.9955032285498193
16,random_pulse,62102,box_rms,1,0.0910243796293404,0.09115488565247465
16,random_pulse,62102,box_rms,4,0.9997178032188324,0.9997178032188324
16,random_pulse,62102,box_rms,8,0.9993424766452571,0.9993424766452571
16,random_pulse,62102,box_rms,16,0.9985782458849226,0.9985782458849226
16,random_pulse,62102,box_rms,32,0.9965056592859427,0.9965056592859427
16,random_pulse,62102,continuation_rms,1,0.08267855358846565,0.08488440777097439
16,random_pulse,62102,continuation_rms,4,0.9996433090501992,0.9996433090501992
16,random_pulse,62102,continuation_rms,8,0.9991956276872651,0.9991956276872651
16,random_pulse,62102,continuation_rms,16,0.9983067214004258,0.9983067214004258
16,random_pulse,62102,continuation_rms,32,0.9959361525513956,0.9959361525513956
16,random_pulse,62102,all_query_envelope,1,0.5774016512327923,0.5774016512327923
16,random_pulse,62102,all_query_envelope,4,0.999650612805538,0.999650612805538
16,random_pulse,62102,all_query_envelope,8,0.9992284957891149,0.9992284957891149
16,random_pulse,62102,all_query_envelope,16,0.998327264081672,0.998327264081672
16,random_pulse,62102,all_query_envelope,32,0.9960991550448544,0.9960991550448544
16,random_pulse,62103,box_rms,1,0.09467713453417931,0.09550764015651197
16,random_pulse,62103,box_rms,4,0.999649210662814,0.999649210662814
16,random_pulse,62103,box_rms,8,0.9990989150973756,0.9990989150973756
16,random_pulse,62103,box_rms,16,0.9978677814766321,0.9978677814766321
16,random_pulse,62103,box_rms,32,0.9959092422301211,0.9959092422301211
16,random_pulse,62103,continuation_rms,1,0.11245722819764452,0.11245722819764452
16,random_pulse,62103,continuation_rms,4,0.9996063367013861,0.9996063367013861
16,random_pulse,62103,continuation_rms,8,0.9990538055062972,0.9990538055062972
16,random_pulse,62103,continuation_rms,16,0.9979057313685851,0.9979057313685851
16,random_pulse,62103,continuation_rms,32,0.9959112391433175,0.9959112391433175
16,random_pulse,62103,all_query_envelope,1,0.5867480109117933,0.5867480109117933
16,random_pulse,62103,all_query_envelope,4,0.9996362552224828,0.9996362552224828
16,random_pulse,62103,all_query_envelope,8,0.9991711127441061,0.9991711127441061
16,random_pulse,62103,all_query_envelope,16,0.9981435089034145,0.9981435089034145
16,random_pulse,62103,all_query_envelope,32,0.9956677496094345,0.9956677496094345
16,scalar_control,62101,box_rms,1,0.004029474722020501,0.004029474722020501
16,scalar_control,62101,box_rms,4,0.9999999989311945,0.9999999989311945
16,scalar_control,62101,box_rms,8,0.9999999988980536,0.9999999988980536
16,scalar_control,62101,box_rms,16,0.9999999988251975,0.9999999988251975
16,scalar_control,62101,box_rms,32,0.99999999864618,0.99999999864618
16,scalar_control,62101,continuation_rms,1,0.013861141273089427,0.013861141273089427
16,scalar_control,62101,continuation_rms,4,0.9999999989313715,0.9999999989313715
16,scalar_control,62101,continuation_rms,8,0.9999999988982358,0.9999999988982358
16,scalar_control,62101,continuation_rms,16,0.9999999988253918,0.9999999988253918
16,scalar_control,62101,continuation_rms,32,0.9999999986464039,0.9999999986464039
16,scalar_control,62101,all_query_envelope,1,0.5001032107781872,0.5001032107781872
16,scalar_control,62101,all_query_envelope,4,0.9999999991980701,0.9999999991980701
16,scalar_control,62101,all_query_envelope,8,0.9999999991732041,0.9999999991732041
16,scalar_control,62101,all_query_envelope,16,0.9999999991185399,0.9999999991185399
16,scalar_control,62101,all_query_envelope,32,0.9999999989842222,0.9999999989842222
32,diffuse,62101,box_rms,1,0.002099123098392054,0.003733214315101727
32,diffuse,62101,box_rms,8,0.9999963019450908,0.9999963019450908
32,diffuse,62101,box_rms,16,0.999992676363678,0.999992676363678
32,diffuse,62101,box_rms,32,0.9999856829529866,0.9999856829529866
32,diffuse,62101,box_rms,64,0.9999655542693223,0.9999655542693223
32,diffuse,62101,continuation_rms,1,0.005923542350986945,0.005923542350986945
32,diffuse,62101,continuation_rms,8,0.9999932173235995,0.9999932173235995
32,diffuse,62101,continuation_rms,16,0.9999858582237938,0.9999858582237938
32,diffuse,62101,continuation_rms,32,0.9999696082670175,0.9999696082670175
32,diffuse,62101,continuation_rms,64,0.9999270777978048,0.9999270777978048
32,diffuse,62101,all_query_envelope,1,0.49749542502052996,0.49749542502052996
32,diffuse,62101,all_query_envelope,8,0.9999913850513115,0.9999913850513115
32,diffuse,62101,all_query_envelope,16,0.9999828421903058,0.9999828421903058
32,diffuse,62101,all_query_envelope,32,0.9999674690376744,0.9999674690376744
32,diffuse,62101,all_query_envelope,64,0.9999344692869466,0.9999344692869466
32,diffuse,62102,box_rms,1,0.003733152992011981,0.0037384828515511998
32,diffuse,62102,box_rms,8,0.999996471900921,0.999996471900921
32,diffuse,62102,box_rms,16,0.999994169247083,0.999994169247083
32,diffuse,62102,box_rms,32,0.9999895911401918,0.9999895911401918
32,diffuse,62102,box_rms,64,0.9999777409487848,0.9999777409487848
32,diffuse,62102,continuation_rms,1,0.01213807798849171,0.01213807798849171
32,diffuse,62102,continuation_rms,8,0.9999935582724387,0.9999935582724387
32,diffuse,62102,continuation_rms,16,0.999988170276673,0.999988170276673
32,diffuse,62102,continuation_rms,32,0.9999801475124005,0.9999801475124005
32,diffuse,62102,continuation_rms,64,0.9999643501121098,0.9999643501121098
32,diffuse,62102,all_query_envelope,1,0.5003032108992406,0.5003032108992406
32,diffuse,62102,all_query_envelope,8,0.9999915665770648,0.9999915665770648
32,diffuse,62102,all_query_envelope,16,0.9999837946429234,0.9999837946429234
32,diffuse,62102,all_query_envelope,32,0.9999698551849758,0.9999698551849758
32,diffuse,62102,all_query_envelope,64,0.9999405364850029,0.9999405364850029
32,diffuse,62103,box_rms,1,0.008137486764875905,0.008137486764875905
32,diffuse,62103,box_rms,8,0.9999963161173315,0.9999963161173315
32,diffuse,62103,box_rms,16,0.9999933816620936,0.9999933816620936
32,diffuse,62103,box_rms,32,0.9999862161300828,0.9999862161300828
32,diffuse,62103,box_rms,64,0.9999694431401315,0.9999694431401315
32,diffuse,62103,continuation_rms,1,-0.00024073891963904642,0.0025961481570370235
32,diffuse,62103,continuation_rms,8,0.9999932489086854,0.9999932489086854
32,diffuse,62103,continuation_rms,16,0.9999877752483552,0.9999877752483552
32,diffuse,62103,continuation_rms,32,0.9999757298092575,0.9999757298092575
32,diffuse,62103,continuation_rms,64,0.9999454371766683,0.9999454371766683
32,diffuse,62103,all_query_envelope,1,0.5023171961538435,0.5023171961538435
32,diffuse,62103,all_query_envelope,8,0.9999917772616082,0.9999917772616082
32,diffuse,62103,all_query_envelope,16,0.9999846268884108,0.9999846268884108
32,diffuse,62103,all_query_envelope,32,0.9999680757866785,0.9999680757866785
32,diffuse,62103,all_query_envelope,64,0.9999367399850727,0.9999367399850727
32,query_adversarial_pulse,62101,box_rms,1,0.008798391085763614,0.009123881821295197
32,query_adversarial_pulse,62101,box_rms,8,0.9998350133298041,0.9998350133298041
32,query_adversarial_pulse,62101,box_rms,16,0.9997105850678398,0.9997105850678398
32,query_adversarial_pulse,62101,box_rms,32,0.9993047721957625,0.9993047721957625
32,query_adversarial_pulse,62101,box_rms,64,0.9977905486323316,0.9977905486323316
32,query_adversarial_pulse,62101,continuation_rms,1,0.03971180445892646,0.03971180445892646
32,query_adversarial_pulse,62101,continuation_rms,8,0.9997113841749304,0.9997113841749304
32,query_adversarial_pulse,62101,continuation_rms,16,0.9995260077245622,0.9995260077245622
32,query_adversarial_pulse,62101,continuation_rms,32,0.9990909313484089,0.9990909313484089
32,query_adversarial_pulse,62101,continuation_rms,64,0.997764881836081,0.997764881836081
32,query_adversarial_pulse,62101,all_query_envelope,1,0.5275428518963287,0.5275428518963287
32,query_adversarial_pulse,62101,all_query_envelope,8,0.9996851880245545,0.9996851880245545
32,query_adversarial_pulse,62101,all_query_envelope,16,0.9994856336051822,0.9994856336051822
32,query_adversarial_pulse,62101,all_query_envelope,32,0.9992111230167198,0.9992111230167198
32,query_adversarial_pulse,62101,all_query_envelope,64,0.9984456380579978,0.9984456380579978
32,query_adversarial_pulse,62102,box_rms,1,0.003158791605149174,0.00875477518206705
32,query_adversarial_pulse,62102,box_rms,8,0.9998193965137162,0.9998193965137162
32,query_adversarial_pulse,62102,box_rms,16,0.999679011310619,0.999679011310619
32,query_adversarial_pulse,62102,box_rms,32,0.9991756504337869,0.9991756504337869
32,query_adversarial_pulse,62102,box_rms,64,0.99710253051119,0.99710253051119
32,query_adversarial_pulse,62102,continuation_rms,1,0.028819431974755078,0.028819431974755078
32,query_adversarial_pulse,62102,continuation_rms,8,0.9996674778135738,0.9996674778135738
32,query_adversarial_pulse,62102,continuation_rms,16,0.999421658722075,0.999421658722075
32,query_adversarial_pulse,62102,continuation_rms,32,0.9988490707125673,0.9988490707125673
32,query_adversarial_pulse,62102,continuation_rms,64,0.9972686729902236,0.9972686729902236
32,query_adversarial_pulse,62102,all_query_envelope,1,0.5290828682633623,0.5290828682633623
32,query_adversarial_pulse,62102,all_query_envelope,8,0.9996642998116164,0.9996642998116164
32,query_adversarial_pulse,62102,all_query_envelope,16,0.9994349160771041,0.9994349160771041
32,query_adversarial_pulse,62102,all_query_envelope,32,0.9990803052310405,0.9990803052310405
32,query_adversarial_pulse,62102,all_query_envelope,64,0.9981849641205096,0.9981849641205096
32,query_adversarial_pulse,62103,box_rms,1,0.010150409070139092,0.010248277227351662
32,query_adversarial_pulse,62103,box_rms,8,0.999865531589494,0.999865531589494
32,query_adversarial_pulse,62103,box_rms,16,0.9997619118090255,0.9997619118090255
32,query_adversarial_pulse,62103,box_rms,32,0.9994396137757543,0.9994396137757543
32,query_adversarial_pulse,62103,box_rms,64,0.9981462795975042,0.9981462795975042
32,query_adversarial_pulse,62103,continuation_rms,1,0.02164136172136068,0.022251274122643938
32,query_adversarial_pulse,62103,continuation_rms,8,0.9996911660460206,0.9996911660460206
32,query_adversarial_pulse,62103,continuation_rms,16,0.9994825868227356,0.9994825868227356
32,query_adversarial_pulse,62103,continuation_rms,32,0.9990213788888959,0.9990213788888959
32,query_adversarial_pulse,62103,continuation_rms,64,0.9977870181710954,0.9977870181710954
32,query_adversarial_pulse,62103,all_query_envelope,1,0.5304215262573913,0.5304215262573913
32,query_adversarial_pulse,62103,all_query_envelope,8,0.9996697861055798,0.9996697861055798
32,query_adversarial_pulse,62103,all_query_envelope,16,0.9994616029226641,0.9994616029226641
32,query_adversarial_pulse,62103,all_query_envelope,32,0.9991531400894825,0.9991531400894825
32,query_adversarial_pulse,62103,all_query_envelope,64,0.9983552478628488,0.9983552478628488
32,random_pulse,62101,box_rms,1,0.03268912822866138,0.03273885128395132
32,random_pulse,62101,box_rms,8,0.9998512523752477,0.9998512523752477
32,random_pulse,62101,box_rms,16,0.9996968666220796,0.9996968666220796
32,random_pulse,62101,box_rms,32,0.9993984639418259,0.9993984639418259
32,random_pulse,62101,box_rms,64,0.9989302431147682,0.9989302431147682
32,random_pulse,62101,continuation_rms,1,0.04798526952085358,0.04798526952085358
32,random_pulse,62101,continuation_rms,8,0.9997061552858184,0.9997061552858184
32,random_pulse,62101,continuation_rms,16,0.9993702748812368,0.9993702748812368
32,random_pulse,62101,continuation_rms,32,0.9987497247728566,0.9987497247728566
32,random_pulse,62101,continuation_rms,64,0.9978352987151671,0.9978352987151671
32,random_pulse,62101,all_query_envelope,1,0.5170088941865265,0.5170088941865265
32,random_pulse,62101,all_query_envelope,8,0.9995979140511868,0.9995979140511868
32,random_pulse,62101,all_query_envelope,16,0.9991411778026547,0.9991411778026547
32,random_pulse,62101,all_query_envelope,32,0.9981659715301455,0.9981659715301455
32,random_pulse,62101,all_query_envelope,64,0.9962758643765924,0.9962758643765924
32,random_pulse,62102,box_rms,1,0.03079891092236894,0.03079891092236894
32,random_pulse,62102,box_rms,8,0.9997980190799224,0.9997980190799224
32,random_pulse,62102,box_rms,16,0.9995343131074931,0.9995343131074931
32,random_pulse,62102,box_rms,32,0.9988779293592699,0.9988779293592699
32,random_pulse,62102,box_rms,64,0.9972601799461199,0.9972601799461199
32,random_pulse,62102,continuation_rms,1,0.044191101058832366,0.044191101058832366
32,random_pulse,62102,continuation_rms,8,0.9995996859259273,0.9995996859259273
32,random_pulse,62102,continuation_rms,16,0.9991529737087277,0.9991529737087277
32,random_pulse,62102,continuation_rms,32,0.9980891519362121,0.9980891519362121
32,random_pulse,62102,continuation_rms,64,0.9963440296566068,0.9963440296566068
32,random_pulse,62102,all_query_envelope,1,0.530536715051779,0.530536715051779
32,random_pulse,62102,all_query_envelope,8,0.9996124044970193,0.9996124044970193
32,random_pulse,62102,all_query_envelope,16,0.9991638564133859,0.9991638564133859
32,random_pulse,62102,all_query_envelope,32,0.9982862920362445,0.9982862920362445
32,random_pulse,62102,all_query_envelope,64,0.9962081512932225,0.9962081512932225
32,random_pulse,62103,box_rms,1,0.03665703131916834,0.03699510676741494
32,random_pulse,62103,box_rms,8,0.9997869270002211,0.9997869270002211
32,random_pulse,62103,box_rms,16,0.9995802647923717,0.9995802647923717
32,random_pulse,62103,box_rms,32,0.9990141674581337,0.9990141674581337
32,random_pulse,62103,box_rms,64,0.9976399299727244,0.9976399299727244
32,random_pulse,62103,continuation_rms,1,0.04232012319881037,0.042919837276379484
32,random_pulse,62103,continuation_rms,8,0.999615344946522,0.999615344946522
32,random_pulse,62103,continuation_rms,16,0.9992289519468689,0.9992289519468689
32,random_pulse,62103,continuation_rms,32,0.9983919969936983,0.9983919969936983
32,random_pulse,62103,continuation_rms,64,0.996760209223663,0.996760209223663
32,random_pulse,62103,all_query_envelope,1,0.5267170801469754,0.5267170801469754
32,random_pulse,62103,all_query_envelope,8,0.9996282942348181,0.9996282942348181
32,random_pulse,62103,all_query_envelope,16,0.9992553061168942,0.9992553061168942
32,random_pulse,62103,all_query_envelope,32,0.9984661528528876,0.9984661528528876
32,random_pulse,62103,all_query_envelope,64,0.996643344655854,0.996643344655854
32,scalar_control,62101,box_rms,1,0.003993063490359058,0.003993063490359058
32,scalar_control,62101,box_rms,8,0.9999999998649595,0.9999999998649595
32,scalar_control,62101,box_rms,16,0.9999999998610022,0.9999999998610022
32,scalar_control,62101,box_rms,32,0.9999999998523487,0.9999999998523487
32,scalar_control,62101,box_rms,64,0.9999999998313494,0.9999999998313494
32,scalar_control,62101,continuation_rms,1,0.00687003966647098,0.00687003966647098
32,scalar_control,62101,continuation_rms,8,0.9999999998649635,0.9999999998649635
32,scalar_control,62101,continuation_rms,16,0.9999999998610064,0.9999999998610064
32,scalar_control,62101,continuation_rms,32,0.9999999998523531,0.9999999998523531
32,scalar_control,62101,continuation_rms,64,0.9999999998313545,0.9999999998313545
32,scalar_control,62101,all_query_envelope,1,0.500067659650133,0.500067659650133
32,scalar_control,62101,all_query_envelope,8,0.9999999998986994,0.9999999998986994
32,scalar_control,62101,all_query_envelope,16,0.9999999998957311,0.9999999998957311
32,scalar_control,62101,all_query_envelope,32,0.9999999998892394,0.9999999998892394
32,scalar_control,62101,all_query_envelope,64,0.999999999873487,0.999999999873487
64,diffuse,62101,box_rms,1,0.003395485948501431,0.003395485948501431
64,diffuse,62101,box_rms,16,0.9999989459548474,0.9999989459548474
64,diffuse,62101,box_rms,32,0.9999979400718468,0.9999979400718468
64,diffuse,62101,box_rms,64,0.999996243214198,0.999996243214198
64,diffuse,62101,box_rms,128,0.9999934939713667,0.9999934939713667
64,diffuse,62101,continuation_rms,1,0.010297641789289042,0.010297641789289042
64,diffuse,62101,continuation_rms,16,0.9999970152853683,0.9999970152853683
64,diffuse,62101,continuation_rms,32,0.9999942640121735,0.9999942640121735
64,diffuse,62101,continuation_rms,64,0.9999892937044099,0.9999892937044099
64,diffuse,62101,continuation_rms,128,0.9999815916580815,0.9999815916580815
64,diffuse,62101,all_query_envelope,1,0.4981744326199176,0.4981744326199176
64,diffuse,62101,all_query_envelope,16,0.9999957384457719,0.9999957384457719
64,diffuse,62101,all_query_envelope,32,0.9999915439247458,0.9999915439247458
64,diffuse,62101,all_query_envelope,64,0.9999841168362374,0.9999841168362374
64,diffuse,62101,all_query_envelope,128,0.9999682332888943,0.9999682332888943
64,diffuse,62102,box_rms,1,0.0036451080900604584,0.0036451080900604584
64,diffuse,62102,box_rms,16,0.9999990142390471,0.9999990142390471
64,diffuse,62102,box_rms,32,0.9999980862199492,0.9999980862199492
64,diffuse,62102,box_rms,64,0.9999961932732666,0.9999961932732666
64,diffuse,62102,box_rms,128,0.9999940169943428,0.9999940169943428
64,diffuse,62102,continuation_rms,1,0.01786116082357974,0.01786116082357974
64,diffuse,62102,continuation_rms,16,0.9999965789996892,0.9999965789996892
64,diffuse,62102,continuation_rms,32,0.9999929104197484,0.9999929104197484
64,diffuse,62102,continuation_rms,64,0.9999852195321296,0.9999852195321296
64,diffuse,62102,continuation_rms,128,0.9999728923517328,0.9999728923517328
64,diffuse,62102,all_query_envelope,1,0.5029548810547348,0.5029548810547348
64,diffuse,62102,all_query_envelope,16,0.9999954668929947,0.9999954668929947
64,diffuse,62102,all_query_envelope,32,0.9999910385954793,0.9999910385954793
64,diffuse,62102,all_query_envelope,64,0.9999823766899947,0.9999823766899947
64,diffuse,62102,all_query_envelope,128,0.9999664617369898,0.9999664617369898
64,diffuse,62103,box_rms,1,0.0033805845396914958,0.0033805845396914958
64,diffuse,62103,box_rms,16,0.9999989755740425,0.9999989755740425
64,diffuse,62103,box_rms,32,0.9999980224715795,0.9999980224715795
64,diffuse,62103,box_rms,64,0.9999960579671807,0.9999960579671807
64,diffuse,62103,box_rms,128,0.9999928463583121,0.9999928463583121
64,diffuse,62103,continuation_rms,1,0.02275560210242182,0.02275560210242182
64,diffuse,62103,continuation_rms,16,0.9999972763627414,0.9999972763627414
64,diffuse,62103,continuation_rms,32,0.9999949374008631,0.9999949374008631
64,diffuse,62103,continuation_rms,64,0.9999907454086413,0.9999907454086413
64,diffuse,62103,continuation_rms,128,0.999982673212552,0.999982673212552
64,diffuse,62103,all_query_envelope,1,0.5029169944528005,0.5029169944528005
64,diffuse,62103,all_query_envelope,16,0.9999956760287155,0.9999956760287155
64,diffuse,62103,all_query_envelope,32,0.9999915528482147,0.9999915528482147
64,diffuse,62103,all_query_envelope,64,0.9999834627534989,0.9999834627534989
64,diffuse,62103,all_query_envelope,128,0.999968278782534,0.999968278782534
64,query_adversarial_pulse,62101,box_rms,1,0.01718590312326757,0.01718590312326757
64,query_adversarial_pulse,62101,box_rms,16,0.9999419009808166,0.9999419009808166
64,query_adversarial_pulse,62101,box_rms,32,0.9998966253188306,0.9998966253188306
64,query_adversarial_pulse,62101,box_rms,64,0.9997991140829208,0.9997991140829208
64,query_adversarial_pulse,62101,box_rms,128,0.999504920531828,0.999504920531828
64,query_adversarial_pulse,62101,continuation_rms,1,0.021486342021329076,0.021486342021329076
64,query_adversarial_pulse,62101,continuation_rms,16,0.9997632980085726,0.9997632980085726
64,query_adversarial_pulse,62101,continuation_rms,32,0.9995868525350553,0.9995868525350553
64,query_adversarial_pulse,62101,continuation_rms,64,0.9993187522688308,0.9993187522688308
64,query_adversarial_pulse,62101,continuation_rms,128,0.9989413196494882,0.9989413196494882
64,query_adversarial_pulse,62101,all_query_envelope,1,0.5093474035454805,0.5093474035454805
64,query_adversarial_pulse,62101,all_query_envelope,16,0.999672598202822,0.999672598202822
64,query_adversarial_pulse,62101,all_query_envelope,32,0.9994699067246517,0.9994699067246517
64,query_adversarial_pulse,62101,all_query_envelope,64,0.9992550562829096,0.9992550562829096
64,query_adversarial_pulse,62101,all_query_envelope,128,0.998923713959018,0.998923713959018
64,query_adversarial_pulse,62102,box_rms,1,0.01124700906747088,0.01172476091602999
64,query_adversarial_pulse,62102,box_rms,16,0.9999130151398593,0.9999130151398593
64,query_adversarial_pulse,62102,box_rms,32,0.9998383704040846,0.9998383704040846
64,query_adversarial_pulse,62102,box_rms,64,0.999704762124898,0.999704762124898
64,query_adversarial_pulse,62102,box_rms,128,0.9994474612326398,0.9994474612326398
64,query_adversarial_pulse,62102,continuation_rms,1,0.0340467587331276,0.0340467587331276
64,query_adversarial_pulse,62102,continuation_rms,16,0.9996974504261037,0.9996974504261037
64,query_adversarial_pulse,62102,continuation_rms,32,0.9994382702247144,0.9994382702247144
64,query_adversarial_pulse,62102,continuation_rms,64,0.9990294293809618,0.9990294293809618
64,query_adversarial_pulse,62102,continuation_rms,128,0.9986234946894977,0.9986234946894977
64,query_adversarial_pulse,62102,all_query_envelope,1,0.5112999895852132,0.5112999895852132
64,query_adversarial_pulse,62102,all_query_envelope,16,0.9996558812343093,0.9996558812343093
64,query_adversarial_pulse,62102,all_query_envelope,32,0.9994487774875782,0.9994487774875782
64,query_adversarial_pulse,62102,all_query_envelope,64,0.9992422392108193,0.9992422392108193
64,query_adversarial_pulse,62102,all_query_envelope,128,0.9989404389616255,0.9989404389616255
64,query_adversarial_pulse,62103,box_rms,1,0.0162207089094398,0.01640046294867054
64,query_adversarial_pulse,62103,box_rms,16,0.9999453873884764,0.9999453873884764
64,query_adversarial_pulse,62103,box_rms,32,0.9999055640244069,0.9999055640244069
64,query_adversarial_pulse,62103,box_rms,64,0.9998289388319228,0.9998289388319228
64,query_adversarial_pulse,62103,box_rms,128,0.9995710959759408,0.9995710959759408
64,query_adversarial_pulse,62103,continuation_rms,1,0.0438213225223285,0.0438213225223285
64,query_adversarial_pulse,62103,continuation_rms,16,0.9997888447816868,0.9997888447816868
64,query_adversarial_pulse,62103,continuation_rms,32,0.9996601135394152,0.9996601135394152
64,query_adversarial_pulse,62103,continuation_rms,64,0.9994929956198435,0.9994929956198435
64,query_adversarial_pulse,62103,continuation_rms,128,0.9990825875414416,0.9990825875414416
64,query_adversarial_pulse,62103,all_query_envelope,1,0.513021390325034,0.513021390325034
64,query_adversarial_pulse,62103,all_query_envelope,16,0.9996806279642123,0.9996806279642123
64,query_adversarial_pulse,62103,all_query_envelope,32,0.9994977118935022,0.9994977118935022
64,query_adversarial_pulse,62103,all_query_envelope,64,0.9993353754868698,0.9993353754868698
64,query_adversarial_pulse,62103,all_query_envelope,128,0.9990373393049842,0.9990373393049842
64,random_pulse,62101,box_rms,1,0.02616650793556195,0.02616650793556195
64,random_pulse,62101,box_rms,16,0.9999374836834045,0.9999374836834045
64,random_pulse,62101,box_rms,32,0.9998889050080917,0.9998889050080917
64,random_pulse,62101,box_rms,64,0.9997651142121067,0.9997651142121067
64,random_pulse,62101,box_rms,128,0.9994386501743829,0.9994386501743829
64,random_pulse,62101,continuation_rms,1,0.03211250461148401,0.03211250461148401
64,random_pulse,62101,continuation_rms,16,0.9997040059421937,0.9997040059421937
64,random_pulse,62101,continuation_rms,32,0.9994477522872907,0.9994477522872907
64,random_pulse,62101,continuation_rms,64,0.9990451977879476,0.9990451977879476
64,random_pulse,62101,continuation_rms,128,0.9982146043980266,0.9982146043980266
64,random_pulse,62101,all_query_envelope,1,0.5075810868172628,0.5075810868172628
64,random_pulse,62101,all_query_envelope,16,0.9996401225854671,0.9996401225854671
64,random_pulse,62101,all_query_envelope,32,0.9992797988625871,0.9992797988625871
64,random_pulse,62101,all_query_envelope,64,0.9984969217617038,0.9984969217617038
64,random_pulse,62101,all_query_envelope,128,0.9970025949562525,0.9970025949562525
64,random_pulse,62102,box_rms,1,0.016395561118130873,0.016395561118130873
64,random_pulse,62102,box_rms,16,0.9999556059863199,0.9999556059863199
64,random_pulse,62102,box_rms,32,0.9999122255808535,0.9999122255808535
64,random_pulse,62102,box_rms,64,0.9998190630317002,0.9998190630317002
64,random_pulse,62102,box_rms,128,0.9995908248088902,0.9995908248088902
64,random_pulse,62102,continuation_rms,1,0.03516027478629656,0.03516027478629656
64,random_pulse,62102,continuation_rms,16,0.9998137655028675,0.9998137655028675
64,random_pulse,62102,continuation_rms,32,0.9996575542322401,0.9996575542322401
64,random_pulse,62102,continuation_rms,64,0.9993716463645452,0.9993716463645452
64,random_pulse,62102,continuation_rms,128,0.9987241899544071,0.9987241899544071
64,random_pulse,62102,all_query_envelope,1,0.4981991321542797,0.4981991321542797
64,random_pulse,62102,all_query_envelope,16,0.9996614720196164,0.9996614720196164
64,random_pulse,62102,all_query_envelope,32,0.9993291571215729,0.9993291571215729
64,random_pulse,62102,all_query_envelope,64,0.9986391364492497,0.9986391364492497
64,random_pulse,62102,all_query_envelope,128,0.9971726090592781,0.9971726090592781
64,random_pulse,62103,box_rms,1,0.01934541922437585,0.01934541922437585
64,random_pulse,62103,box_rms,16,0.9999310518316932,0.9999310518316932
64,random_pulse,62103,box_rms,32,0.999877772392303,0.999877772392303
64,random_pulse,62103,box_rms,64,0.9997717164446025,0.9997717164446025
64,random_pulse,62103,box_rms,128,0.9995195361022429,0.9995195361022429
64,random_pulse,62103,continuation_rms,1,0.032879345283531265,0.032879345283531265
64,random_pulse,62103,continuation_rms,16,0.9997158096219675,0.9997158096219675
64,random_pulse,62103,continuation_rms,32,0.9994630564379613,0.9994630564379613
64,random_pulse,62103,continuation_rms,64,0.9990113610386229,0.9990113610386229
64,random_pulse,62103,continuation_rms,128,0.998014518137219,0.998014518137219
64,random_pulse,62103,all_query_envelope,1,0.4920821858000035,0.4920821858000035
64,random_pulse,62103,all_query_envelope,16,0.9996156566888744,0.9996156566888744
64,random_pulse,62103,all_query_envelope,32,0.9992372786493531,0.9992372786493531
64,random_pulse,62103,all_query_envelope,64,0.9984876387026468,0.9984876387026468
64,random_pulse,62103,all_query_envelope,128,0.9969422056609024,0.9969422056609024
64,scalar_control,62101,box_rms,1,0.003962871246488355,0.003962871246488355
64,scalar_control,62101,box_rms,16,0.9999999999833701,0.9999999999833701
64,scalar_control,62101,box_rms,32,0.9999999999829057,0.9999999999829057
64,scalar_control,62101,box_rms,64,0.9999999999818946,0.9999999999818946
64,scalar_control,62101,box_rms,128,0.9999999999794653,0.9999999999794653
64,scalar_control,62101,continuation_rms,1,0.01096706047262175,0.01096706047262175
64,scalar_control,62101,continuation_rms,16,0.9999999999833716,0.9999999999833716
64,scalar_control,62101,continuation_rms,32,0.9999999999829073,0.9999999999829073
64,scalar_control,62101,continuation_rms,64,0.9999999999818963,0.9999999999818963
64,scalar_control,62101,continuation_rms,128,0.9999999999794674,0.9999999999794674
64,scalar_control,62101,all_query_envelope,1,0.5000377596229744,0.5000377596229744
64,scalar_control,62101,all_query_envelope,16,0.9999999999875261,0.9999999999875261
64,scalar_control,62101,all_query_envelope,32,0.9999999999871778,0.9999999999871778
64,scalar_control,62101,all_query_envelope,64,0.9999999999864193,0.9999999999864193
64,scalar_control,62101,all_query_envelope,128,0.9999999999845973,0.9999999999845973
96,diffuse,62101,box_rms,1,0.0038673361047786283,0.0038673361047786283
96,diffuse,62101,box_rms,24,0.9999995725475571,0.9999995725475571
96,diffuse,62101,box_rms,48,0.9999991836265352,0.9999991836265352
96,diffuse,62101,box_rms,96,0.9999985350721562,0.9999985350721562
96,diffuse,62101,box_rms,192,0.999997431158753,0.999997431158753
96,diffuse,62101,continuation_rms,1,0.004991553888418561,0.004991553888418561
96,diffuse,62101,continuation_rms,24,0.9999975756079289,0.9999975756079289
96,diffuse,62101,continuation_rms,48,0.9999952198131183,0.9999952198131183
96,diffuse,62101,continuation_rms,96,0.9999912970865702,0.9999912970865702
96,diffuse,62101,continuation_rms,192,0.9999822762424806,0.9999822762424806
96,diffuse,62101,all_query_envelope,1,0.5000440317198693,0.5000440317198693
96,diffuse,62101,all_query_envelope,24,0.9999970183128691,0.9999970183128691
96,diffuse,62101,all_query_envelope,48,0.9999942449125716,0.9999942449125716
96,diffuse,62101,all_query_envelope,96,0.9999892455900262,0.9999892455900262
96,diffuse,62101,all_query_envelope,192,0.9999792608959163,0.9999792608959163
96,diffuse,62102,box_rms,1,0.0017857265517322927,0.0017857265517322927
96,diffuse,62102,box_rms,24,0.9999995172621936,0.9999995172621936
96,diffuse,62102,box_rms,48,0.9999990385797727,0.9999990385797727
96,diffuse,62102,box_rms,96,0.9999979337146879,0.9999979337146879
96,diffuse,62102,box_rms,192,0.9999954029757647,0.9999954029757647
96,diffuse,62102,continuation_rms,1,0.007950305089104258,0.007950305089104258
96,diffuse,62102,continuation_rms,24,0.9999973374867561,0.9999973374867561
96,diffuse,62102,continuation_rms,48,0.9999937588599009,0.9999937588599009
96,diffuse,62102,continuation_rms,96,0.9999871999994884,0.9999871999994884
96,diffuse,62102,continuation_rms,192,0.9999707255282015,0.9999707255282015
96,diffuse,62102,all_query_envelope,1,0.5003801609958578,0.5003801609958578
96,diffuse,62102,all_query_envelope,24,0.9999970863346636,0.9999970863346636
96,diffuse,62102,all_query_envelope,48,0.9999942070564053,0.9999942070564053
96,diffuse,62102,all_query_envelope,96,0.9999886169183366,0.9999886169183366
96,diffuse,62102,all_query_envelope,192,0.999976100000214,0.999976100000214
96,diffuse,62103,box_rms,1,0.004621629180617593,0.004621629180617593
96,diffuse,62103,box_rms,24,0.9999995302146368,0.9999995302146368
96,diffuse,62103,box_rms,48,0.9999991010420646,0.9999991010420646
96,diffuse,62103,box_rms,96,0.9999979972345341,0.9999979972345341
96,diffuse,62103,box_rms,192,0.9999958565158066,0.9999958565158066
96,diffuse,62103,continuation_rms,1,0.002076491094268511,0.002076491094268511
96,diffuse,62103,continuation_rms,24,0.9999977858649745,0.9999977858649745
96,diffuse,62103,continuation_rms,48,0.9999951308173276,0.9999951308173276
96,diffuse,62103,continuation_rms,96,0.999987753080571,0.999987753080571
96,diffuse,62103,continuation_rms,192,0.9999688036058039,0.9999688036058039
96,diffuse,62103,all_query_envelope,1,0.49868112240495865,0.49868112240495865
96,diffuse,62103,all_query_envelope,24,0.9999971740133926,0.9999971740133926
96,diffuse,62103,all_query_envelope,48,0.9999942658671208,0.9999942658671208
96,diffuse,62103,all_query_envelope,96,0.9999885999724161,0.9999885999724161
96,diffuse,62103,all_query_envelope,192,0.9999772770831066,0.9999772770831066
96,query_adversarial_pulse,62101,box_rms,1,0.021844155657784966,0.021844155657784966
96,query_adversarial_pulse,62101,box_rms,24,0.9999590827759678,0.9999590827759678
96,query_adversarial_pulse,62101,box_rms,48,0.999929337132659,0.999929337132659
96,query_adversarial_pulse,62101,box_rms,96,0.9998729848020694,0.9998729848020694
96,query_adversarial_pulse,62101,box_rms,192,0.9996894324330914,0.9996894324330914
96,query_adversarial_pulse,62101,continuation_rms,1,0.019804727232312733,0.019804727232312733
96,query_adversarial_pulse,62101,continuation_rms,24,0.9997668342299377,0.9997668342299377
96,query_adversarial_pulse,62101,continuation_rms,48,0.9995859096718583,0.9995859096718583
96,query_adversarial_pulse,62101,continuation_rms,96,0.9993874915230383,0.9993874915230383
96,query_adversarial_pulse,62101,continuation_rms,192,0.9991662710874908,0.9991662710874908
96,query_adversarial_pulse,62101,all_query_envelope,1,0.511167786131751,0.511167786131751
96,query_adversarial_pulse,62101,all_query_envelope,24,0.9996520401335933,0.9996520401335933
96,query_adversarial_pulse,62101,all_query_envelope,48,0.9994537098160958,0.9994537098160958
96,query_adversarial_pulse,62101,all_query_envelope,96,0.9992945640233538,0.9992945640233538
96,query_adversarial_pulse,62101,all_query_envelope,192,0.9990349995091599,0.9990349995091599
96,query_adversarial_pulse,62102,box_rms,1,0.007780641258171245,0.007843052472422628
96,query_adversarial_pulse,62102,box_rms,24,0.9999575181442502,0.9999575181442502
96,query_adversarial_pulse,62102,box_rms,48,0.9999274434266839,0.9999274434266839
96,query_adversarial_pulse,62102,box_rms,96,0.9998691218621438,0.9998691218621438
96,query_adversarial_pulse,62102,box_rms,192,0.9997358817249772,0.9997358817249772
96,query_adversarial_pulse,62102,continuation_rms,1,0.01270549226249716,0.01270549226249716
96,query_adversarial_pulse,62102,continuation_rms,24,0.999765398230395,0.999765398230395
96,query_adversarial_pulse,62102,continuation_rms,48,0.9996068700054637,0.9996068700054637
96,query_adversarial_pulse,62102,continuation_rms,96,0.9994139646935388,0.9994139646935388
96,query_adversarial_pulse,62102,continuation_rms,192,0.9991816878499152,0.9991816878499152
96,query_adversarial_pulse,62102,all_query_envelope,1,0.5078724334665641,0.5078724334665641
96,query_adversarial_pulse,62102,all_query_envelope,24,0.9996702243134045,0.9996702243134045
96,query_adversarial_pulse,62102,all_query_envelope,48,0.9994868619454516,0.9994868619454516
96,query_adversarial_pulse,62102,all_query_envelope,96,0.9993477055305581,0.9993477055305581
96,query_adversarial_pulse,62102,all_query_envelope,192,0.9991433254711063,0.9991433254711063
96,query_adversarial_pulse,62103,box_rms,1,0.016588608365633122,0.016588608365633122
96,query_adversarial_pulse,62103,box_rms,24,0.9999565980716004,0.9999565980716004
96,query_adversarial_pulse,62103,box_rms,48,0.9999239570530746,0.9999239570530746
96,query_adversarial_pulse,62103,box_rms,96,0.9998545201803914,0.9998545201803914
96,query_adversarial_pulse,62103,box_rms,192,0.9996604607247945,0.9996604607247945
96,query_adversarial_pulse,62103,continuation_rms,1,0.013462183831630422,0.013462183831630422
96,query_adversarial_pulse,62103,continuation_rms,24,0.9997623051841763,0.9997623051841763
96,query_adversarial_pulse,62103,continuation_rms,48,0.9996236929011812,0.9996236929011812
96,query_adversarial_pulse,62103,continuation_rms,96,0.9994599796948423,0.9994599796948423
96,query_adversarial_pulse,62103,continuation_rms,192,0.9991319522879066,0.9991319522879066
96,query_adversarial_pulse,62103,all_query_envelope,1,0.5040425307255127,0.5040425307255127
96,query_adversarial_pulse,62103,all_query_envelope,24,0.9996732372819329,0.9996732372819329
96,query_adversarial_pulse,62103,all_query_envelope,48,0.9994796904646972,0.9994796904646972
96,query_adversarial_pulse,62103,all_query_envelope,96,0.9992957749169264,0.9992957749169264
96,query_adversarial_pulse,62103,all_query_envelope,192,0.9990661855281244,0.9990661855281244
96,random_pulse,62101,box_rms,1,0.012619379827484258,0.012619379827484258
96,random_pulse,62101,box_rms,24,0.9999750602237636,0.9999750602237636
96,random_pulse,62101,box_rms,48,0.9999523404073952,0.9999523404073952
96,random_pulse,62101,box_rms,96,0.9999034786719354,0.9999034786719354
96,random_pulse,62101,box_rms,192,0.9997796501083224,0.9997796501083224
96,random_pulse,62101,continuation_rms,1,0.01785554487956614,0.01785554487956614
96,random_pulse,62101,continuation_rms,24,0.999792400118353,0.999792400118353
96,random_pulse,62101,continuation_rms,48,0.9995651432421299,0.9995651432421299
96,random_pulse,62101,continuation_rms,96,0.9990615991076363,0.9990615991076363
96,random_pulse,62101,continuation_rms,192,0.9980326876483632,0.9980326876483632
96,random_pulse,62101,all_query_envelope,1,0.5055262526267901,0.5055262526267901
96,random_pulse,62101,all_query_envelope,24,0.9996150227077903,0.9996150227077903
96,random_pulse,62101,all_query_envelope,48,0.9992283843784926,0.9992283843784926
96,random_pulse,62101,all_query_envelope,96,0.998485279651453,0.998485279651453
96,random_pulse,62101,all_query_envelope,192,0.9969547336233496,0.9969547336233496
96,random_pulse,62102,box_rms,1,0.018178862300994275,0.018178862300994275
96,random_pulse,62102,box_rms,24,0.9999563620562275,0.9999563620562275
96,random_pulse,62102,box_rms,48,0.9999166980666855,0.9999166980666855
96,random_pulse,62102,box_rms,96,0.9998177725702873,0.9998177725702873
96,random_pulse,62102,box_rms,192,0.999616822310479,0.999616822310479
96,random_pulse,62102,continuation_rms,1,0.025293266961431003,0.025293266961431003
96,random_pulse,62102,continuation_rms,24,0.9997570197900821,0.9997570197900821
96,random_pulse,62102,continuation_rms,48,0.9995249158006205,0.9995249158006205
96,random_pulse,62102,continuation_rms,96,0.9989239389042732,0.9989239389042732
96,random_pulse,62102,continuation_rms,192,0.9978950719975459,0.9978950719975459
96,random_pulse,62102,all_query_envelope,1,0.5239576333914324,0.5239576333914324
96,random_pulse,62102,all_query_envelope,24,0.9996234783617997,0.9996234783617997
96,random_pulse,62102,all_query_envelope,48,0.9992309070658069,0.9992309070658069
96,random_pulse,62102,all_query_envelope,96,0.9984105355567734,0.9984105355567734
96,random_pulse,62102,all_query_envelope,192,0.9968936393275505,0.9968936393275505
96,random_pulse,62103,box_rms,1,0.008111937545230355,0.008111937545230355
96,random_pulse,62103,box_rms,24,0.9999746346626867,0.9999746346626867
96,random_pulse,62103,box_rms,48,0.9999510776631362,0.9999510776631362
96,random_pulse,62103,box_rms,96,0.999899045888334,0.999899045888334
96,random_pulse,62103,box_rms,192,0.9997842991707897,0.9997842991707897
96,random_pulse,62103,continuation_rms,1,0.01113523426923123,0.011135697930380252
96,random_pulse,62103,continuation_rms,24,0.9997847426419455,0.9997847426419455
96,random_pulse,62103,continuation_rms,48,0.9995792540459751,0.9995792540459751
96,random_pulse,62103,continuation_rms,96,0.999113516709018,0.999113516709018
96,random_pulse,62103,continuation_rms,192,0.9981162276576102,0.9981162276576102
96,random_pulse,62103,all_query_envelope,1,0.5247830946807251,0.5247830946807251
96,random_pulse,62103,all_query_envelope,24,0.9996269736988425,0.9996269736988425
96,random_pulse,62103,all_query_envelope,48,0.9992376758448136,0.9992376758448136
96,random_pulse,62103,all_query_envelope,96,0.9984766875912535,0.9984766875912535
96,random_pulse,62103,all_query_envelope,192,0.9969533906266355,0.9969533906266355
96,scalar_control,62101,box_rms,1,0.003951072642636918,0.003951072642636918
96,scalar_control,62101,box_rms,24,0.9999999999951386,0.9999999999951386
96,scalar_control,62101,box_rms,48,0.9999999999950062,0.9999999999950062
96,scalar_control,62101,box_rms,96,0.9999999999947184,0.9999999999947184
96,scalar_control,62101,box_rms,192,0.9999999999940304,0.9999999999940304
96,scalar_control,62101,continuation_rms,1,0.005111182968555528,0.005111182968555528
96,scalar_control,62101,continuation_rms,24,0.9999999999951388,0.9999999999951388
96,scalar_control,62101,continuation_rms,48,0.9999999999950063,0.9999999999950063
96,scalar_control,62101,continuation_rms,96,0.9999999999947186,0.9999999999947186
96,scalar_control,62101,continuation_rms,192,0.9999999999940306,0.9999999999940306
96,scalar_control,62101,all_query_envelope,1,0.5000260382990118,0.5000260382990118
96,scalar_control,62101,all_query_envelope,24,0.9999999999963537,0.9999999999963537
96,scalar_control,62101,all_query_envelope,48,0.9999999999962544,0.9999999999962544
96,scalar_control,62101,all_query_envelope,96,0.9999999999960386,0.9999999999960386
96,scalar_control,62101,all_query_envelope,192,0.9999999999955226,0.9999999999955226
128,diffuse,62101,box_rms,1,0.00489329419049408,0.00489329419049408
128,diffuse,62101,box_rms,32,0.999999726738733,0.999999726738733
128,diffuse,62101,box_rms,64,0.9999994854872648,0.9999994854872648
128,diffuse,62101,box_rms,128,0.9999989699410681,0.9999989699410681
128,diffuse,62101,box_rms,256,0.999997943046961,0.999997943046961
128,diffuse,62101,continuation_rms,1,0.008011053580499137,0.008011053580499137
128,diffuse,62101,continuation_rms,32,0.9999983691371546,0.9999983691371546
128,diffuse,62101,continuation_rms,64,0.9999966876356471,0.9999966876356471
128,diffuse,62101,continuation_rms,128,0.9999933493107881,0.9999933493107881
128,diffuse,62101,continuation_rms,256,0.9999888322451421,0.9999888322451421
128,diffuse,62101,all_query_envelope,1,0.5008903566098752,0.5008903566098752
128,diffuse,62101,all_query_envelope,32,0.9999977701568026,0.9999977701568026
128,diffuse,62101,all_query_envelope,64,0.9999955621675517,0.9999955621675517
128,diffuse,62101,all_query_envelope,128,0.9999907729798886,0.9999907729798886
128,diffuse,62101,all_query_envelope,256,0.9999814586831101,0.9999814586831101
128,diffuse,62102,box_rms,1,0.003881290889939054,0.003881290889939054
128,diffuse,62102,box_rms,32,0.9999997342277988,0.9999997342277988
128,diffuse,62102,box_rms,64,0.999999468822875,0.999999468822875
128,diffuse,62102,box_rms,128,0.9999989583698499,0.9999989583698499
128,diffuse,62102,box_rms,256,0.9999977166027821,0.9999977166027821
128,diffuse,62102,continuation_rms,1,-0.0006406478698079139,0.0006406478698079139
128,diffuse,62102,continuation_rms,32,0.9999983779326174,0.9999983779326174
128,diffuse,62102,continuation_rms,64,0.9999969473102674,0.9999969473102674
128,diffuse,62102,continuation_rms,128,0.9999936560229276,0.9999936560229276
128,diffuse,62102,continuation_rms,256,0.9999849202494651,0.9999849202494651
128,diffuse,62102,all_query_envelope,1,0.5007501792565219,0.5007501792565219
128,diffuse,62102,all_query_envelope,32,0.9999977847618046,0.9999977847618046
128,diffuse,62102,all_query_envelope,64,0.9999956633428835,0.9999956633428835
128,diffuse,62102,all_query_envelope,128,0.9999916247081342,0.9999916247081342
128,diffuse,62102,all_query_envelope,256,0.9999825689258275,0.9999825689258275
128,diffuse,62103,box_rms,1,0.004122089486651957,0.004122089486651957
128,diffuse,62103,box_rms,32,0.9999997151262193,0.9999997151262193
128,diffuse,62103,box_rms,64,0.9999994542874343,0.9999994542874343
128,diffuse,62103,box_rms,128,0.9999988494892005,0.9999988494892005
128,diffuse,62103,box_rms,256,0.999997567981581,0.999997567981581
128,diffuse,62103,continuation_rms,1,0.003983817630172692,0.003983817630172692
128,diffuse,62103,continuation_rms,32,0.9999984647562669,0.9999984647562669
128,diffuse,62103,continuation_rms,64,0.999997163841175,0.999997163841175
128,diffuse,62103,continuation_rms,128,0.9999939870128755,0.9999939870128755
128,diffuse,62103,continuation_rms,256,0.9999878935954803,0.9999878935954803
128,diffuse,62103,all_query_envelope,1,0.5008638319644351,0.5008638319644351
128,diffuse,62103,all_query_envelope,32,0.9999978426693938,0.9999978426693938
128,diffuse,62103,all_query_envelope,64,0.9999957475751798,0.9999957475751798
128,diffuse,62103,all_query_envelope,128,0.9999914910763843,0.9999914910763843
128,diffuse,62103,all_query_envelope,256,0.9999826164066185,0.9999826164066185
128,query_adversarial_pulse,62101,box_rms,1,0.014889036131921503,0.014889036131921503
128,query_adversarial_pulse,62101,box_rms,32,0.9999404915405102,0.9999404915405102
128,query_adversarial_pulse,62101,box_rms,64,0.9998869007191107,0.9998869007191107
128,query_adversarial_pulse,62101,box_rms,128,0.9997801513178142,0.9997801513178142
128,query_adversarial_pulse,62101,box_rms,256,0.999535710225266,0.999535710225266
128,query_adversarial_pulse,62101,continuation_rms,1,0.01643509934006388,0.01643509934006388
128,query_adversarial_pulse,62101,continuation_rms,32,0.9997358095996084,0.9997358095996084
128,query_adversarial_pulse,62101,continuation_rms,64,0.9995615116630131,0.9995615116630131
128,query_adversarial_pulse,62101,continuation_rms,128,0.9994756902304035,0.9994756902304035
128,query_adversarial_pulse,62101,continuation_rms,256,0.9993110547657414,0.9993110547657414
128,query_adversarial_pulse,62101,all_query_envelope,1,0.5019644777337754,0.5019644777337754
128,query_adversarial_pulse,62101,all_query_envelope,32,0.9996729284850552,0.9996729284850552
128,query_adversarial_pulse,62101,all_query_envelope,64,0.9994957326288699,0.9994957326288699
128,query_adversarial_pulse,62101,all_query_envelope,128,0.9993867158163567,0.9993867158163567
128,query_adversarial_pulse,62101,all_query_envelope,256,0.9992317995952614,0.9992317995952614
128,query_adversarial_pulse,62102,box_rms,1,0.022301908389454415,0.022301908389454415
128,query_adversarial_pulse,62102,box_rms,32,0.9999387906244516,0.9999387906244516
128,query_adversarial_pulse,62102,box_rms,64,0.9998839196827104,0.9998839196827104
128,query_adversarial_pulse,62102,box_rms,128,0.9997725071601975,0.9997725071601975
128,query_adversarial_pulse,62102,box_rms,256,0.9994983244849274,0.9994983244849274
128,query_adversarial_pulse,62102,continuation_rms,1,0.011611233545596521,0.011627728106625688
128,query_adversarial_pulse,62102,continuation_rms,32,0.999733351134339,0.999733351134339
128,query_adversarial_pulse,62102,continuation_rms,64,0.9995361692106346,0.9995361692106346
128,query_adversarial_pulse,62102,continuation_rms,128,0.9993123813702871,0.9993123813702871
128,query_adversarial_pulse,62102,continuation_rms,256,0.9991991152271499,0.9991991152271499
128,query_adversarial_pulse,62102,all_query_envelope,1,0.5025785636919734,0.5025785636919734
128,query_adversarial_pulse,62102,all_query_envelope,32,0.9996654297369034,0.9996654297369034
128,query_adversarial_pulse,62102,all_query_envelope,64,0.9994896283727709,0.9994896283727709
128,query_adversarial_pulse,62102,all_query_envelope,128,0.9993900108458547,0.9993900108458547
128,query_adversarial_pulse,62102,all_query_envelope,256,0.9992186564231497,0.9992186564231497
128,query_adversarial_pulse,62103,box_rms,1,0.01636550490627253,0.01636550490627253
128,query_adversarial_pulse,62103,box_rms,32,0.9999431661167967,0.9999431661167967
128,query_adversarial_pulse,62103,box_rms,64,0.9998924466474146,0.9998924466474146
128,query_adversarial_pulse,62103,box_rms,128,0.9997822250125717,0.9997822250125717
128,query_adversarial_pulse,62103,box_rms,256,0.9995224207008468,0.9995224207008468
128,query_adversarial_pulse,62103,continuation_rms,1,0.014767903870435877,0.014767903870435877
128,query_adversarial_pulse,62103,continuation_rms,32,0.9997486259848503,0.9997486259848503
128,query_adversarial_pulse,62103,continuation_rms,64,0.9995766830773517,0.9995766830773517
128,query_adversarial_pulse,62103,continuation_rms,128,0.9993718001205512,0.9993718001205512
128,query_adversarial_pulse,62103,continuation_rms,256,0.9990982958557195,0.9990982958557195
128,query_adversarial_pulse,62103,all_query_envelope,1,0.5057104935148079,0.5057104935148079
128,query_adversarial_pulse,62103,all_query_envelope,32,0.9996507710550189,0.9996507710550189
128,query_adversarial_pulse,62103,all_query_envelope,64,0.9994636809684175,0.9994636809684175
128,query_adversarial_pulse,62103,all_query_envelope,128,0.9993610272148685,0.9993610272148685
128,query_adversarial_pulse,62103,all_query_envelope,256,0.9991842605182493,0.9991842605182493
128,random_pulse,62101,box_rms,1,0.007233629771928819,0.007233629771928819
128,random_pulse,62101,box_rms,32,0.999957569824488,0.999957569824488
128,random_pulse,62101,box_rms,64,0.9999174905842381,0.9999174905842381
128,random_pulse,62101,box_rms,128,0.9998391538091091,0.9998391538091091
128,random_pulse,62101,box_rms,256,0.999667425450749,0.999667425450749
128,random_pulse,62101,continuation_rms,1,0.011827157155315174,0.011827157155315174
128,random_pulse,62101,continuation_rms,32,0.9998020014098061,0.9998020014098061
128,random_pulse,62101,continuation_rms,64,0.9996267933912686,0.9996267933912686
128,random_pulse,62101,continuation_rms,128,0.9993507592220384,0.9993507592220384
128,random_pulse,62101,continuation_rms,256,0.9988786331657928,0.9988786331657928
128,random_pulse,62101,all_query_envelope,1,0.494522721740128,0.494522721740128
128,random_pulse,62101,all_query_envelope,32,0.9996401023775369,0.9996401023775369
128,random_pulse,62101,all_query_envelope,64,0.9992609077842696,0.9992609077842696
128,random_pulse,62101,all_query_envelope,128,0.9985314852246444,0.9985314852246444
128,random_pulse,62101,all_query_envelope,256,0.9971679190450875,0.9971679190450875
128,random_pulse,62102,box_rms,1,0.008442143546819058,0.008475253512582307
128,random_pulse,62102,box_rms,32,0.9999512560002862,0.9999512560002862
128,random_pulse,62102,box_rms,64,0.9999018239567983,0.9999018239567983
128,random_pulse,62102,box_rms,128,0.9998133011530377,0.9998133011530377
128,random_pulse,62102,box_rms,256,0.9996373793939949,0.9996373793939949
128,random_pulse,62102,continuation_rms,1,0.004716296112918178,0.005165349358475973
128,random_pulse,62102,continuation_rms,32,0.9997811577203709,0.9997811577203709
128,random_pulse,62102,continuation_rms,64,0.9995395077598784,0.9995395077598784
128,random_pulse,62102,continuation_rms,128,0.9992292718520247,0.9992292718520247
128,random_pulse,62102,continuation_rms,256,0.9983889109384944,0.9983889109384944
128,random_pulse,62102,all_query_envelope,1,0.5094981227293993,0.5094981227293993
128,random_pulse,62102,all_query_envelope,32,0.999621448571042,0.999621448571042
128,random_pulse,62102,all_query_envelope,64,0.9992547801804813,0.9992547801804813
128,random_pulse,62102,all_query_envelope,128,0.9985072411775008,0.9985072411775008
128,random_pulse,62102,all_query_envelope,256,0.9968299108437064,0.9968299108437064
128,random_pulse,62103,box_rms,1,0.016773298609924665,0.016773298609924665
128,random_pulse,62103,box_rms,32,0.9999357862136901,0.9999357862136901
128,random_pulse,62103,box_rms,64,0.9998684504527036,0.9998684504527036
128,random_pulse,62103,box_rms,128,0.9997137796105571,0.9997137796105571
128,random_pulse,62103,box_rms,256,0.9993729520547524,0.9993729520547524
128,random_pulse,62103,continuation_rms,1,0.017685081583159346,0.017685081583159346
128,random_pulse,62103,continuation_rms,32,0.9997568523542564,0.9997568523542564
128,random_pulse,62103,continuation_rms,64,0.9995105390964321,0.9995105390964321
128,random_pulse,62103,continuation_rms,128,0.9988638524483017,0.9988638524483017
128,random_pulse,62103,continuation_rms,256,0.9972573309069207,0.9972573309069207
128,random_pulse,62103,all_query_envelope,1,0.508114146878114,0.508114146878114
128,random_pulse,62103,all_query_envelope,32,0.9996024028022283,0.9996024028022283
128,random_pulse,62103,all_query_envelope,64,0.9991876229834852,0.9991876229834852
128,random_pulse,62103,all_query_envelope,128,0.9983401677728332,0.9983401677728332
128,random_pulse,62103,all_query_envelope,256,0.9966676422134807,0.9966676422134807
128,scalar_control,62101,box_rms,1,0.003944851409823936,0.003944851409823936
128,scalar_control,62101,box_rms,32,0.9999999999979708,0.9999999999979708
128,scalar_control,62101,box_rms,64,0.9999999999979163,0.9999999999979163
128,scalar_control,62101,box_rms,128,0.9999999999977983,0.9999999999977983
128,scalar_control,62101,box_rms,256,0.9999999999975171,0.9999999999975171
128,scalar_control,62101,continuation_rms,1,0.007123770210472826,0.007123770210472826
128,scalar_control,62101,continuation_rms,32,0.9999999999979708,0.9999999999979708
128,scalar_control,62101,continuation_rms,64,0.9999999999979166,0.9999999999979166
128,scalar_control,62101,continuation_rms,128,0.9999999999977985,0.9999999999977985
128,scalar_control,62101,continuation_rms,256,0.9999999999975173,0.9999999999975173
128,scalar_control,62101,all_query_envelope,1,0.5000198520375402,0.5000198520375402
128,scalar_control,62101,all_query_envelope,32,0.9999999999984781,0.9999999999984781
128,scalar_control,62101,all_query_envelope,64,0.9999999999984374,0.9999999999984374
128,scalar_control,62101,all_query_envelope,128,0.9999999999983489,0.9999999999983489
128,scalar_control,62101,all_query_envelope,256,0.9999999999981378,0.9999999999981378
200,diffuse,62101,box_rms,1,0.004145078849213924,0.004145078849213924
200,diffuse,62101,box_rms,50,0.9999998771211875,0.9999998771211875
200,diffuse,62101,box_rms,100,0.9999997519210869,0.9999997519210869
200,diffuse,62101,box_rms,200,0.9999995153761206,0.9999995153761206
200,diffuse,62101,box_rms,400,0.99999906348284,0.99999906348284
200,diffuse,62101,continuation_rms,1,0.010090618186192985,0.010090618186192985
200,diffuse,62101,continuation_rms,50,0.9999991323353126,0.9999991323353126
200,diffuse,62101,continuation_rms,100,0.9999983662154696,0.9999983662154696
200,diffuse,62101,continuation_rms,200,0.9999973825701478,0.9999973825701478
200,diffuse,62101,continuation_rms,400,0.9999956109894371,0.9999956109894371
200,diffuse,62101,all_query_envelope,1,0.5002807572985789,0.5002807572985789
200,diffuse,62101,all_query_envelope,50,0.9999985808783013,0.9999985808783013
200,diffuse,62101,all_query_envelope,100,0.9999970634252184,0.9999970634252184
200,diffuse,62101,all_query_envelope,200,0.9999940257558525,0.9999940257558525
200,diffuse,62101,all_query_envelope,400,0.9999878959515276,0.9999878959515276
200,diffuse,62102,box_rms,1,0.0038863965186320083,0.0038863965186320083
200,diffuse,62102,box_rms,50,0.9999998797122125,0.9999998797122125
200,diffuse,62102,box_rms,100,0.9999997750768833,0.9999997750768833
200,diffuse,62102,box_rms,200,0.9999995439826195,0.9999995439826195
200,diffuse,62102,box_rms,400,0.999999079585553,0.999999079585553
200,diffuse,62102,continuation_rms,1,0.014920883302199749,0.014920883302199749
200,diffuse,62102,continuation_rms,50,0.999999130077217,0.999999130077217
200,diffuse,62102,continuation_rms,100,0.9999983178903492,0.9999983178903492
200,diffuse,62102,continuation_rms,200,0.9999966376051915,0.9999966376051915
200,diffuse,62102,continuation_rms,400,0.9999922184490212,0.9999922184490212
200,diffuse,62102,all_query_envelope,1,0.499608118424879,0.499608118424879
200,diffuse,62102,all_query_envelope,50,0.9999986046556827,0.9999986046556827
200,diffuse,62102,all_query_envelope,100,0.9999972346530575,0.9999972346530575
200,diffuse,62102,all_query_envelope,200,0.9999946828944437,0.9999946828944437
200,diffuse,62102,all_query_envelope,400,0.9999899344121801,0.9999899344121801
200,diffuse,62103,box_rms,1,0.0038252116066811435,0.0038252116066811435
200,diffuse,62103,box_rms,50,0.9999998913625756,0.9999998913625756
200,diffuse,62103,box_rms,100,0.9999998054266231,0.9999998054266231
200,diffuse,62103,box_rms,200,0.9999996067226576,0.9999996067226576
200,diffuse,62103,box_rms,400,0.99999915859838,0.99999915859838
200,diffuse,62103,continuation_rms,1,0.004772972818891888,0.004772972818891888
200,diffuse,62103,continuation_rms,50,0.9999989887898557,0.9999989887898557
200,diffuse,62103,continuation_rms,100,0.9999978693328626,0.9999978693328626
200,diffuse,62103,continuation_rms,200,0.9999952656898905,0.9999952656898905
200,diffuse,62103,continuation_rms,400,0.9999879470390101,0.9999879470390101
200,diffuse,62103,all_query_envelope,1,0.4997562018727745,0.4997562018727745
200,diffuse,62103,all_query_envelope,50,0.9999985871359675,0.9999985871359675
200,diffuse,62103,all_query_envelope,100,0.999997199598555,0.999997199598555
200,diffuse,62103,all_query_envelope,200,0.9999944590276677,0.9999944590276677
200,diffuse,62103,all_query_envelope,400,0.9999889883139164,0.9999889883139164
200,query_adversarial_pulse,62101,box_rms,1,0.011661760436027412,0.011661760436027412
200,query_adversarial_pulse,62101,box_rms,50,0.9999734328171397,0.9999734328171397
200,query_adversarial_pulse,62101,box_rms,100,0.999954542912691,0.999954542912691
200,query_adversarial_pulse,62101,box_rms,200,0.9999141995361156,0.9999141995361156
200,query_adversarial_pulse,62101,box_rms,400,0.999826078997006,0.999826078997006
200,query_adversarial_pulse,62101,continuation_rms,1,0.01816438928049333,0.01816438928049333
200,query_adversarial_pulse,62101,continuation_rms,50,0.999763963571545,0.999763963571545
200,query_adversarial_pulse,62101,continuation_rms,100,0.9995977907560443,0.9995977907560443
200,query_adversarial_pulse,62101,continuation_rms,200,0.9994327314803642,0.9994327314803642
200,query_adversarial_pulse,62101,continuation_rms,400,0.9993694066265706,0.9993694066265706
200,query_adversarial_pulse,62101,all_query_envelope,1,0.5042712172327084,0.5042712172327084
200,query_adversarial_pulse,62101,all_query_envelope,50,0.9996788389590452,0.9996788389590452
200,query_adversarial_pulse,62101,all_query_envelope,100,0.9995122231537427,0.9995122231537427
200,query_adversarial_pulse,62101,all_query_envelope,200,0.999421972365305,0.999421972365305
200,query_adversarial_pulse,62101,all_query_envelope,400,0.9993469485973653,0.9993469485973653
200,query_adversarial_pulse,62102,box_rms,1,0.01136550513517522,0.01136550513517522
200,query_adversarial_pulse,62102,box_rms,50,0.9999764640215255,0.9999764640215255
200,query_adversarial_pulse,62102,box_rms,100,0.9999601117686567,0.9999601117686567
200,query_adversarial_pulse,62102,box_rms,200,0.9999308897519926,0.9999308897519926
200,query_adversarial_pulse,62102,box_rms,400,0.9998457905960622,0.9998457905960622
200,query_adversarial_pulse,62102,continuation_rms,1,0.022384133747787742,0.022384133747787742
200,query_adversarial_pulse,62102,continuation_rms,50,0.9997727348569414,0.9997727348569414
200,query_adversarial_pulse,62102,continuation_rms,100,0.9996597839419825,0.9996597839419825
200,query_adversarial_pulse,62102,continuation_rms,200,0.9996555912217241,0.9996555912217241
200,query_adversarial_pulse,62102,continuation_rms,400,0.9994626854359401,0.9994626854359401
200,query_adversarial_pulse,62102,all_query_envelope,1,0.5003950634488893,0.5003950634488893
200,query_adversarial_pulse,62102,all_query_envelope,50,0.9996649528864596,0.9996649528864596
200,query_adversarial_pulse,62102,all_query_envelope,100,0.9994923316025435,0.9994923316025435
200,query_adversarial_pulse,62102,all_query_envelope,200,0.999403892806896,0.999403892806896
200,query_adversarial_pulse,62102,all_query_envelope,400,0.9993350544321952,0.9993350544321952
200,query_adversarial_pulse,62103,box_rms,1,0.007027911661877756,0.007072765179406645
200,query_adversarial_pulse,62103,box_rms,50,0.9999763435914392,0.9999763435914392
200,query_adversarial_pulse,62103,box_rms,100,0.9999603937112399,0.9999603937112399
200,query_adversarial_pulse,62103,box_rms,200,0.9999322828486302,0.9999322828486302
200,query_adversarial_pulse,62103,box_rms,400,0.9998271414454942,0.9998271414454942
200,query_adversarial_pulse,62103,continuation_rms,1,0.01030868872022767,0.01030868872022767
200,query_adversarial_pulse,62103,continuation_rms,50,0.9997682505847032,0.9997682505847032
200,query_adversarial_pulse,62103,continuation_rms,100,0.9996372225796393,0.9996372225796393
200,query_adversarial_pulse,62103,continuation_rms,200,0.9995881325382167,0.9995881325382167
200,query_adversarial_pulse,62103,continuation_rms,400,0.9994294276115799,0.9994294276115799
200,query_adversarial_pulse,62103,all_query_envelope,1,0.4983663113663192,0.4983663113663192
200,query_adversarial_pulse,62103,all_query_envelope,50,0.9996578852010548,0.9996578852010548
200,query_adversarial_pulse,62103,all_query_envelope,100,0.9994799350078982,0.9994799350078982
200,query_adversarial_pulse,62103,all_query_envelope,200,0.9993947951105013,0.9993947951105013
200,query_adversarial_pulse,62103,all_query_envelope,400,0.999269863140884,0.999269863140884
200,random_pulse,62101,box_rms,1,0.014126510643791702,0.014126510643791702
200,random_pulse,62101,box_rms,50,0.9999633749339207,0.9999633749339207
200,random_pulse,62101,box_rms,100,0.999921813299059,0.999921813299059
200,random_pulse,62101,box_rms,200,0.9998308195557783,0.9998308195557783
200,random_pulse,62101,box_rms,400,0.999592034848839,0.999592034848839
200,random_pulse,62101,continuation_rms,1,0.018774216591806798,0.018774216591806798
200,random_pulse,62101,continuation_rms,50,0.9996852656739078,0.9996852656739078
200,random_pulse,62101,continuation_rms,100,0.9993425071950497,0.9993425071950497
200,random_pulse,62101,continuation_rms,200,0.9987179102925865,0.9987179102925865
200,random_pulse,62101,continuation_rms,400,0.9970199810465706,0.9970199810465706
200,random_pulse,62101,all_query_envelope,1,0.4980038149401757,0.4980038149401757
200,random_pulse,62101,all_query_envelope,50,0.9996039542738567,0.9996039542738567
200,random_pulse,62101,all_query_envelope,100,0.9992064202759614,0.9992064202759614
200,random_pulse,62101,all_query_envelope,200,0.9984267996169395,0.9984267996169395
200,random_pulse,62101,all_query_envelope,400,0.9967995606911296,0.9967995606911296
200,random_pulse,62102,box_rms,1,0.016437426645043204,0.016437426645043204
200,random_pulse,62102,box_rms,50,0.9999514697071592,0.9999514697071592
200,random_pulse,62102,box_rms,100,0.9998999689490997,0.9998999689490997
200,random_pulse,62102,box_rms,200,0.9997909492463357,0.9997909492463357
200,random_pulse,62102,box_rms,400,0.9994131654749485,0.9994131654749485
200,random_pulse,62102,continuation_rms,1,0.029184551950543557,0.029184551950543557
200,random_pulse,62102,continuation_rms,50,0.9995330875917318,0.9995330875917318
200,random_pulse,62102,continuation_rms,100,0.9990138920010765,0.9990138920010765
200,random_pulse,62102,continuation_rms,200,0.9979234188601283,0.9979234188601283
200,random_pulse,62102,continuation_rms,400,0.9953866463864497,0.9953866463864497
200,random_pulse,62102,all_query_envelope,1,0.5167456282129722,0.5167456282129722
200,random_pulse,62102,all_query_envelope,50,0.9996003755195857,0.9996003755195857
200,random_pulse,62102,all_query_envelope,100,0.9991947268688071,0.9991947268688071
200,random_pulse,62102,all_query_envelope,200,0.9983537657528665,0.9983537657528665
200,random_pulse,62102,all_query_envelope,400,0.9965239510571076,0.9965239510571076
200,random_pulse,62103,box_rms,1,0.015813959112465612,0.015813959112465612
200,random_pulse,62103,box_rms,50,0.9999616614991905,0.9999616614991905
200,random_pulse,62103,box_rms,100,0.9999152987783355,0.9999152987783355
200,random_pulse,62103,box_rms,200,0.9998183943213016,0.9998183943213016
200,random_pulse,62103,box_rms,400,0.9995774632061621,0.9995774632061621
200,random_pulse,62103,continuation_rms,1,0.01569947998632511,0.01569947998632511
200,random_pulse,62103,continuation_rms,50,0.9996330982059384,0.9996330982059384
200,random_pulse,62103,continuation_rms,100,0.9993407690097376,0.9993407690097376
200,random_pulse,62103,continuation_rms,200,0.9988509740519195,0.9988509740519195
200,random_pulse,62103,continuation_rms,400,0.9975515807259603,0.9975515807259603
200,random_pulse,62103,all_query_envelope,1,0.5201523230406299,0.5201523230406299
200,random_pulse,62103,all_query_envelope,50,0.9996017922150017,0.9996017922150017
200,random_pulse,62103,all_query_envelope,100,0.9992011290000532,0.9992011290000532
200,random_pulse,62103,all_query_envelope,200,0.9984378413290885,0.9984378413290885
200,random_pulse,62103,all_query_envelope,400,0.9970017028909128,0.9970017028909128
200,scalar_control,62101,box_rms,1,0.003937892505156811,0.003937892505156811
200,scalar_control,62101,box_rms,50,0.9999999999994779,0.9999999999994779
200,scalar_control,62101,box_rms,100,0.9999999999994643,0.9999999999994643
200,scalar_control,62101,box_rms,200,0.9999999999994348,0.9999999999994348
200,scalar_control,62101,box_rms,400,0.9999999999993647,0.9999999999993647
200,scalar_control,62101,continuation_rms,1,0.010025049924429267,0.010025049924429267
200,scalar_control,62101,continuation_rms,50,0.999999999999478,0.999999999999478
200,scalar_control,62101,continuation_rms,100,0.9999999999994644,0.9999999999994644
200,scalar_control,62101,continuation_rms,200,0.9999999999994349,0.9999999999994349
200,scalar_control,62101,continuation_rms,400,0.9999999999993648,0.9999999999993648
200,scalar_control,62101,all_query_envelope,1,0.5000129282256561,0.5000129282256561
200,scalar_control,62101,all_query_envelope,50,0.9999999999996085,0.9999999999996085
200,scalar_control,62101,all_query_envelope,100,0.9999999999995982,0.9999999999995982
200,scalar_control,62101,all_query_envelope,200,0.9999999999995761,0.9999999999995761
200,scalar_control,62101,all_query_envelope,400,0.9999999999995235,0.9999999999995235
256,diffuse,62101,box_rms,1,0.003488268009850807,0.003488268009850807
256,diffuse,62101,box_rms,64,0.9999999174350714,0.9999999174350714
256,diffuse,62101,box_rms,128,0.9999998446124926,0.9999998446124926
256,diffuse,62101,box_rms,256,0.999999711701543,0.999999711701543
256,diffuse,62101,box_rms,512,0.9999993884221728,0.9999993884221728
256,diffuse,62101,continuation_rms,1,0.0006132704346142455,0.0006132704346142455
256,diffuse,62101,continuation_rms,64,0.9999991280665449,0.9999991280665449
256,diffuse,62101,continuation_rms,128,0.9999983142378183,0.9999983142378183
256,diffuse,62101,continuation_rms,256,0.9999965490935115,0.9999965490935115
256,diffuse,62101,continuation_rms,512,0.9999926520574237,0.9999926520574237
256,diffuse,62101,all_query_envelope,1,0.5002427159770798,0.5002427159770798
256,diffuse,62101,all_query_envelope,64,0.9999989205928069,0.9999989205928069
256,diffuse,62101,all_query_envelope,128,0.9999978698990984,0.9999978698990984
256,diffuse,62101,all_query_envelope,256,0.9999957111960921,0.9999957111960921
256,diffuse,62101,all_query_envelope,512,0.9999913102325384,0.9999913102325384
256,diffuse,62102,box_rms,1,0.003898888110292693,0.003898888110292693
256,diffuse,62102,box_rms,64,0.999999918167463,0.999999918167463
256,diffuse,62102,box_rms,128,0.9999998400033615,0.9999998400033615
256,diffuse,62102,box_rms,256,0.9999996485381929,0.9999996485381929
256,diffuse,62102,box_rms,512,0.9999992512603214,0.9999992512603214
256,diffuse,62102,continuation_rms,1,0.001417708689083534,0.001417708689083534
256,diffuse,62102,continuation_rms,64,0.9999991833475634,0.9999991833475634
256,diffuse,62102,continuation_rms,128,0.9999981411252264,0.9999981411252264
256,diffuse,62102,continuation_rms,256,0.9999953710283488,0.9999953710283488
256,diffuse,62102,continuation_rms,512,0.9999903620097121,0.9999903620097121
256,diffuse,62102,all_query_envelope,1,0.5001149664406302,0.5001149664406302
256,diffuse,62102,all_query_envelope,64,0.999998931212418,0.999998931212418
256,diffuse,62102,all_query_envelope,128,0.999997878754791,0.999997878754791
256,diffuse,62102,all_query_envelope,256,0.999995768623887,0.999995768623887
256,diffuse,62102,all_query_envelope,512,0.9999916302481047,0.9999916302481047
256,diffuse,62103,box_rms,1,0.0039878457086535155,0.0039878457086535155
256,diffuse,62103,box_rms,64,0.9999999276979563,0.9999999276979563
256,diffuse,62103,box_rms,128,0.9999998705043369,0.9999998705043369
256,diffuse,62103,box_rms,256,0.9999997459863187,0.9999997459863187
256,diffuse,62103,box_rms,512,0.9999995111214841,0.9999995111214841
256,diffuse,62103,continuation_rms,1,0.005174193428364456,0.005174193428364456
256,diffuse,62103,continuation_rms,64,0.999999292304587,0.999999292304587
256,diffuse,62103,continuation_rms,128,0.9999985421003655,0.9999985421003655
256,diffuse,62103,continuation_rms,256,0.9999970338606209,0.9999970338606209
256,diffuse,62103,continuation_rms,512,0.9999939338739896,0.9999939338739896
256,diffuse,62103,all_query_envelope,1,0.5001346228272144,0.5001346228272144
256,diffuse,62103,all_query_envelope,64,0.9999989134731393,0.9999989134731393
256,diffuse,62103,all_query_envelope,128,0.9999978412497971,0.9999978412497971
256,diffuse,62103,all_query_envelope,256,0.9999957626505754,0.9999957626505754
256,diffuse,62103,all_query_envelope,512,0.999991839770305,0.999991839770305
256,query_adversarial_pulse,62101,box_rms,1,0.003898158841345444,0.004095800557200549
256,query_adversarial_pulse,62101,box_rms,64,0.9999802219409771,0.9999802219409771
256,query_adversarial_pulse,62101,box_rms,128,0.9999667001593322,0.9999667001593322
256,query_adversarial_pulse,62101,box_rms,256,0.9999434375638254,0.9999434375638254
256,query_adversarial_pulse,62101,box_rms,512,0.9998779387020055,0.9998779387020055
256,query_adversarial_pulse,62101,continuation_rms,1,0.0018951397505739959,0.002563151997972847
256,query_adversarial_pulse,62101,continuation_rms,64,0.9997562638965586,0.9997562638965586
256,query_adversarial_pulse,62101,continuation_rms,128,0.9996196067504666,0.9996196067504666
256,query_adversarial_pulse,62101,continuation_rms,256,0.9994929382927888,0.9994929382927888
256,query_adversarial_pulse,62101,continuation_rms,512,0.9994531854339602,0.9994531854339602
256,query_adversarial_pulse,62101,all_query_envelope,1,0.4997975980744729,0.4997975980744729
256,query_adversarial_pulse,62101,all_query_envelope,64,0.999668988086715,0.999668988086715
256,query_adversarial_pulse,62101,all_query_envelope,128,0.9995033400499773,0.9995033400499773
256,query_adversarial_pulse,62101,all_query_envelope,256,0.9994257565843061,0.9994257565843061
256,query_adversarial_pulse,62101,all_query_envelope,512,0.9993460740831975,0.9993460740831975
256,query_adversarial_pulse,62102,box_rms,1,0.009215867712543185,0.009215867712543185
256,query_adversarial_pulse,62102,box_rms,64,0.9999788140543128,0.9999788140543128
256,query_adversarial_pulse,62102,box_rms,128,0.9999658821603301,0.9999658821603301
256,query_adversarial_pulse,62102,box_rms,256,0.9999387187623217,0.9999387187623217
256,query_adversarial_pulse,62102,box_rms,512,0.9998708128208208,0.9998708128208208
256,query_adversarial_pulse,62102,continuation_rms,1,0.007753987195474961,0.007753987195474961
256,query_adversarial_pulse,62102,continuation_rms,64,0.9997463919466343,0.9997463919466343
256,query_adversarial_pulse,62102,continuation_rms,128,0.9996105984762457,0.9996105984762457
256,query_adversarial_pulse,62102,continuation_rms,256,0.9995391648859113,0.9995391648859113
256,query_adversarial_pulse,62102,continuation_rms,512,0.9994681463391981,0.9994681463391981
256,query_adversarial_pulse,62102,all_query_envelope,1,0.5012519471194298,0.5012519471194298
256,query_adversarial_pulse,62102,all_query_envelope,64,0.9996628855315788,0.9996628855315788
256,query_adversarial_pulse,62102,all_query_envelope,128,0.9994915343717541,0.9994915343717541
256,query_adversarial_pulse,62102,all_query_envelope,256,0.9994176688779729,0.9994176688779729
256,query_adversarial_pulse,62102,all_query_envelope,512,0.9993382256170623,0.9993382256170623
256,query_adversarial_pulse,62103,box_rms,1,0.009991850521463001,0.009991850521463001
256,query_adversarial_pulse,62103,box_rms,64,0.999981339832561,0.999981339832561
256,query_adversarial_pulse,62103,box_rms,128,0.9999695611194717,0.9999695611194717
256,query_adversarial_pulse,62103,box_rms,256,0.999949641702428,0.999949641702428
256,query_adversarial_pulse,62103,box_rms,512,0.9998835307487263,0.9998835307487263
256,query_adversarial_pulse,62103,continuation_rms,1,0.012375634090248172,0.012375634090248172
256,query_adversarial_pulse,62103,continuation_rms,64,0.9997820051602758,0.9997820051602758
256,query_adversarial_pulse,62103,continuation_rms,128,0.9996632290463563,0.9996632290463563
256,query_adversarial_pulse,62103,continuation_rms,256,0.9996421532832265,0.9996421532832265
256,query_adversarial_pulse,62103,continuation_rms,512,0.9995680713742375,0.9995680713742375
256,query_adversarial_pulse,62103,all_query_envelope,1,0.5035446294075068,0.5035446294075068
256,query_adversarial_pulse,62103,all_query_envelope,64,0.9996761765039506,0.9996761765039506
256,query_adversarial_pulse,62103,all_query_envelope,128,0.9995118045682112,0.9995118045682112
256,query_adversarial_pulse,62103,all_query_envelope,256,0.9994355985461356,0.9994355985461356
256,query_adversarial_pulse,62103,all_query_envelope,512,0.9993726928345245,0.9993726928345245
256,random_pulse,62101,box_rms,1,0.006504416422536758,0.006504416422536758
256,random_pulse,62101,box_rms,64,0.9999847472841877,0.9999847472841877
256,random_pulse,62101,box_rms,128,0.9999709910726485,0.9999709910726485
256,random_pulse,62101,box_rms,256,0.9999444058323026,0.9999444058323026
256,random_pulse,62101,box_rms,512,0.9998864689106156,0.9998864689106156
256,random_pulse,62101,continuation_rms,1,0.002274802145206359,0.002274802145206359
256,random_pulse,62101,continuation_rms,64,0.9998388098124357,0.9998388098124357
256,random_pulse,62101,continuation_rms,128,0.9996576712880434,0.9996576712880434
256,random_pulse,62101,continuation_rms,256,0.9993384972748574,0.9993384972748574
256,random_pulse,62101,continuation_rms,512,0.9986799506297827,0.9986799506297827
256,random_pulse,62101,all_query_envelope,1,0.5018579480431843,0.5018579480431843
256,random_pulse,62101,all_query_envelope,64,0.9996157385988222,0.9996157385988222
256,random_pulse,62101,all_query_envelope,128,0.999215728917375,0.999215728917375
256,random_pulse,62101,all_query_envelope,256,0.9983714564094502,0.9983714564094502
256,random_pulse,62101,all_query_envelope,512,0.9966402808215954,0.9966402808215954
256,random_pulse,62102,box_rms,1,0.01642848469773641,0.01642848469773641
256,random_pulse,62102,box_rms,64,0.9999679633950254,0.9999679633950254
256,random_pulse,62102,box_rms,128,0.9999361116543578,0.9999361116543578
256,random_pulse,62102,box_rms,256,0.999863900458942,0.999863900458942
256,random_pulse,62102,box_rms,512,0.9996074190797637,0.9996074190797637
256,random_pulse,62102,continuation_rms,1,0.011438935091674459,0.011438935091674459
256,random_pulse,62102,continuation_rms,64,0.9996542053073069,0.9996542053073069
256,random_pulse,62102,continuation_rms,128,0.9993656840820867,0.9993656840820867
256,random_pulse,62102,continuation_rms,256,0.9988817059778735,0.9988817059778735
256,random_pulse,62102,continuation_rms,512,0.9980047474904717,0.9980047474904717
256,random_pulse,62102,all_query_envelope,1,0.5111932483087067,0.5111932483087067
256,random_pulse,62102,all_query_envelope,64,0.9996179294998764,0.9996179294998764
256,random_pulse,62102,all_query_envelope,128,0.9992220734673154,0.9992220734673154
256,random_pulse,62102,all_query_envelope,256,0.9984350130319958,0.9984350130319958
256,random_pulse,62102,all_query_envelope,512,0.9967240210382853,0.9967240210382853
256,random_pulse,62103,box_rms,1,0.0082493286160196,0.0082493286160196
256,random_pulse,62103,box_rms,64,0.9999800878476189,0.9999800878476189
256,random_pulse,62103,box_rms,128,0.9999589550861548,0.9999589550861548
256,random_pulse,62103,box_rms,256,0.9999050495660864,0.9999050495660864
256,random_pulse,62103,box_rms,512,0.9997428427711779,0.9997428427711779
256,random_pulse,62103,continuation_rms,1,0.010726137227013492,0.010726137227013492
256,random_pulse,62103,continuation_rms,64,0.9997672668851473,0.9997672668851473
256,random_pulse,62103,continuation_rms,128,0.9995794817070128,0.9995794817070128
256,random_pulse,62103,continuation_rms,256,0.9991749026114222,0.9991749026114222
256,random_pulse,62103,continuation_rms,512,0.9980490098639496,0.9980490098639496
256,random_pulse,62103,all_query_envelope,1,0.5188936344477931,0.5188936344477931
256,random_pulse,62103,all_query_envelope,64,0.9996126085483421,0.9996126085483421
256,random_pulse,62103,all_query_envelope,128,0.9992326363963154,0.9992326363963154
256,random_pulse,62103,all_query_envelope,256,0.9984879652544304,0.9984879652544304
256,random_pulse,62103,all_query_envelope,512,0.996933380713846,0.996933380713846
256,scalar_control,62101,box_rms,1,0.0039351191491057225,0.0039351191491057225
256,scalar_control,62101,box_rms,64,0.9999999999997538,0.9999999999997538
256,scalar_control,62101,box_rms,128,0.9999999999997474,0.9999999999997474
256,scalar_control,62101,box_rms,256,0.9999999999997337,0.9999999999997337
256,scalar_control,62101,box_rms,512,0.9999999999997011,0.9999999999997011
256,scalar_control,62101,continuation_rms,1,0.00089885150482585,0.00089885150482585
256,scalar_control,62101,continuation_rms,64,0.9999999999997538,0.9999999999997538
256,scalar_control,62101,continuation_rms,128,0.9999999999997474,0.9999999999997474
256,scalar_control,62101,continuation_rms,256,0.9999999999997337,0.9999999999997337
256,scalar_control,62101,continuation_rms,512,0.9999999999997011,0.9999999999997011
256,scalar_control,62101,all_query_envelope,1,0.5000101677766587,0.5000101677766587
256,scalar_control,62101,all_query_envelope,64,0.9999999999998153,0.9999999999998153
256,scalar_control,62101,all_query_envelope,128,0.9999999999998105,0.9999999999998105
256,scalar_control,62101,all_query_envelope,256,0.9999999999998002,0.9999999999998002
256,scalar_control,62101,all_query_envelope,512,0.9999999999997757,0.9999999999997757
