case,width,P,T,coordinates,index,singular_value
dense,2,10,11,endpoint_raw,1,1.6145711019977702162445570188079415285461376047819103011057662869
dense,2,10,11,endpoint_raw,2,1.4152506201924884911985131165316526424616488439524220851728356762
dense,2,10,11,endpoint_raw,3,0.95641478545642656814906167715979151650892113450957001794963802932
dense,2,10,11,endpoint_raw,4,0.78063797377796588327617187910461210241834800100511373655099805046
dense,2,10,11,endpoint_raw,5,0.24994770254479836329995994535343389528573186901703012078077802219
dense,2,10,11,endpoint_raw,6,0.19875494053873624124947072561912424639428055769899413140145096599
dense,2,10,11,endpoint_raw,7,0.030811383587437219036537236148224917185129929652979768510049240647
dense,2,10,11,endpoint_raw,8,0.023508052802536586647523759373521852784677538062585242000183802406
dense,2,10,11,endpoint_raw,9,0.016151354241537388038162626208370283036472881813219844628939483877
dense,2,10,11,endpoint_raw,10,0.007956021206543030585717891416715280114128493196789922265257390751
dense,2,10,11,endpoint_raw,11,0.0020506811598236450087039996381521527112591245678146479731194292542
dense,2,10,11,endpoint_raw,12,0.0013984152235519314966142475113941841806674346519084799498403046809
dense,2,10,11,endpoint_raw,13,0.00065727031340084313626326236380321222490599502275704458745784270494
dense,2,10,11,endpoint_raw,14,0.00052183901951793950970844922592612701587196504058858166433374106821
dense,2,10,11,endpoint_raw,15,0.00013748606134907721962988467516580155435806231784924109379937222104
dense,2,10,11,endpoint_raw,16,0.000099161301195870917236296019546132583774804666701459483979132805922
dense,2,10,11,endpoint_raw,17,0.000064924361906082054449387443478689367512462086550248346432784880531
dense,2,10,11,endpoint_raw,18,0.000036842679659274004313950257164937427841849753037808136123755021987
dense,2,10,11,endpoint_raw,19,0.000027159745864809368997801420393103200575830386462980507356958038125
dense,2,10,11,endpoint_raw,20,0.000010141991994519507322406371711688644689023102512309354146629378148
dense,2,10,11,endpoint_raw,21,0.0000076783898505441006974732665877634028703838999590694941390978491954
dense,2,10,11,endpoint_raw,22,0.0000009864938334941959721070205679332368549556390523622028329478129362
dense,2,10,11,fixed_h_raw,1,1.0264065757642195205781457629856072554332298671870490945994631627
dense,2,10,11,fixed_h_raw,2,0.8156263100965998170474756372528753389072979819210403973227308803
dense,2,10,11,fixed_h_raw,3,0.25694396863458914000533824294236161978509979278009628603540579382
dense,2,10,11,fixed_h_raw,4,0.21068427570729560033854633494315051860108130973112971393513504487
dense,2,10,11,fixed_h_raw,5,0.031295027931609980722365819785488898212491763203036245076120847634
dense,2,10,11,fixed_h_raw,6,0.023523662929467176501779995719712058709871045053113949953575935939
dense,2,10,11,fixed_h_raw,7,0.016161350236172554015271985478319131650823224623398292845604961716
dense,2,10,11,fixed_h_raw,8,0.0083146125822063303132850315677434783593392271250339534332581152821
dense,2,10,11,fixed_h_raw,9,0.0021309108110210893825182954210520932443133917926288989293260965624
dense,2,10,11,fixed_h_raw,10,0.0015960497727717084861938885018538582586624574909074328576001471053
dense,2,10,11,fixed_h_raw,11,0.00068699058622925125017160375175923196377002930066352549908295098875
dense,2,10,11,fixed_h_raw,12,0.00054882775493165399221921247504099516546508453311102576315973102276
dense,2,10,11,fixed_h_raw,13,0.00015233781175312497656239617855856166757669574478960895297708391785
dense,2,10,11,fixed_h_raw,14,0.00012533700109301606030308524524720714107305736310001930569692014855
dense,2,10,11,fixed_h_raw,15,0.000083733529126721869109280552319540162828299504135323822525773637554
dense,2,10,11,fixed_h_raw,16,0.000043771116484319236876122653031192557704482953625130930667285726676
dense,2,10,11,fixed_h_raw,17,0.000031258419662994677902253796494159467744843290519087016573993292119
dense,2,10,11,fixed_h_raw,18,0.000013171723997250982659565631483811923206845428116766490058707820808
dense,2,10,11,fixed_h_raw,19,0.000010143112469592166039454306494879931012823276335523862281445353032
dense,2,10,11,fixed_h_raw,20,0.0000012843636573261093649743475196053921855466203080369957071833275663
dense,2,10,11,fixed_h_input_sd_relative_parameter,1,0.10419845671447200059124713294945193151952102604382217949699380084
dense,2,10,11,fixed_h_input_sd_relative_parameter,2,0.080851503136932563698230296986080095509739138576467325460403438879
dense,2,10,11,fixed_h_input_sd_relative_parameter,3,0.025969545156005923736534764257378657768885759751964448874575228204
dense,2,10,11,fixed_h_input_sd_relative_parameter,4,0.02063369798105329356141142865731759899178219491439817290532946095
dense,2,10,11,fixed_h_input_sd_relative_parameter,5,0.0015866947996581110687967494609945755423385717684595206384353968769
dense,2,10,11,fixed_h_input_sd_relative_parameter,6,0.001091898967907018776711647495349976203892548202172156162869192127
dense,2,10,11,fixed_h_input_sd_relative_parameter,7,0.00030863049535204948473683788270430296381466738978391077499560230597
dense,2,10,11,fixed_h_input_sd_relative_parameter,8,0.00024384056419420799671994538726532334570990571232797597826533635446
dense,2,10,11,fixed_h_input_sd_relative_parameter,9,0.000070528131493581966016925579530465407290509478076570312231852136769
dense,2,10,11,fixed_h_input_sd_relative_parameter,10,0.000060852669538383933420923715239047482504154589428076326253135497444
dense,2,10,11,fixed_h_input_sd_relative_parameter,11,0.000040046844940578496231645383073959309084454896170144927309813533753
dense,2,10,11,fixed_h_input_sd_relative_parameter,12,0.000033516812884357628842525048244477177175092974528660320517852492885
dense,2,10,11,fixed_h_input_sd_relative_parameter,13,0.00001359539721869643191776211413925089390689805049088633636568924048
dense,2,10,11,fixed_h_input_sd_relative_parameter,14,0.0000098964295110508174369573850376651027464834045551318050219103540566
dense,2,10,11,fixed_h_input_sd_relative_parameter,15,0.0000049890040629027886437248920857465048222256238584902010458083981006
dense,2,10,11,fixed_h_input_sd_relative_parameter,16,0.0000038089871463639584316231763304889875597824635821351118516274358823
dense,2,10,11,fixed_h_input_sd_relative_parameter,17,0.0000022309226002201075585105136891521815537675535479357120482369342494
dense,2,10,11,fixed_h_input_sd_relative_parameter,18,0.00000110247554508195071688870784095875289029766379005259701404366848
dense,2,10,11,fixed_h_input_sd_relative_parameter,19,0.00000062351083459716651098173389437909716604543110047986577591265920269
dense,2,10,11,fixed_h_input_sd_relative_parameter,20,0.000000074459288816932373512093869311479680895430330358423179618338399659
independent,2,8,11,endpoint_raw,1,1.5399780495154066268087230081050158984131999823419822928367559872
independent,2,8,11,endpoint_raw,2,1.4268787271618433573740806874040073026375768050789728940339062544
independent,2,8,11,endpoint_raw,3,0.58075254050544007117770611781925384497212589497886655132002133345
independent,2,8,11,endpoint_raw,4,0.53077874270580294146254467359840173589125101462304975716357783923
independent,2,8,11,endpoint_raw,5,0.077670595193610990686477824838238609096591977913872315466243146161
independent,2,8,11,endpoint_raw,6,0.02235074484481844734016063935271696504834096366861073040636025887
independent,2,8,11,endpoint_raw,7,0.010010072234749843363989362530890212563266284953918876925517512369
independent,2,8,11,endpoint_raw,8,0.0060329325246364407354526160357114774964013126928464706413232592568
independent,2,8,11,endpoint_raw,9,0.0013676347301817509356950117202225102881968056895556225972351392799
independent,2,8,11,endpoint_raw,10,0.00010532216404527006973521757186070616090651728287847448607814837347
independent,2,8,11,fixed_h_raw,1,0.59735569499050446624870812510775504993786443815205165317740541489
independent,2,8,11,fixed_h_raw,2,0.53830807323126478961726798246880428469911389820905180917182338136
independent,2,8,11,fixed_h_raw,3,0.078729045894583155046890533259210006803905345844736536978020748944
independent,2,8,11,fixed_h_raw,4,0.029018885887673151137876200853878130274769958205169564205936905942
independent,2,8,11,fixed_h_raw,5,0.012528531188286580000044419487718913823783035299739396144385862478
independent,2,8,11,fixed_h_raw,6,0.0062932045408481168725824559975263696806375639949193155210840283982
independent,2,8,11,fixed_h_raw,7,0.0035611037230683025550101055929334465901777363137596528055309083147
independent,2,8,11,fixed_h_raw,8,0.0002177976887749809109323022962254738925606089229961433225579456457
independent,2,8,11,fixed_h_input_sd_relative_parameter,1,0.068325924054121137562285141510673253032445777235599301031381771789
independent,2,8,11,fixed_h_input_sd_relative_parameter,2,0.05969047160327181994056365800669428626962863977422654138770884271
independent,2,8,11,fixed_h_input_sd_relative_parameter,3,0.0030727983575823331270040903854812124436858665084863795470450556354
independent,2,8,11,fixed_h_input_sd_relative_parameter,4,0.0023826349538045080164705725295270200259117791420773754107482159604
independent,2,8,11,fixed_h_input_sd_relative_parameter,5,0.00081262120679017993556115442725498359097021415600774092657482144086
independent,2,8,11,fixed_h_input_sd_relative_parameter,6,0.00016191169934196919262552308648297392497592104942281756057056271526
independent,2,8,11,fixed_h_input_sd_relative_parameter,7,0.000065313592496297326242889109220808340848125075155525406947345689203
independent,2,8,11,fixed_h_input_sd_relative_parameter,8,0.000016031073792657981698927620459075151296203170478630038846684067252
dense,3,21,22,endpoint_raw,1,2.0849127963555735436454132897197347099262046188646085237601671853
dense,3,21,22,endpoint_raw,2,1.9902595831083245026829736387634293854337289296935722912212787338
dense,3,21,22,endpoint_raw,3,1.9562510406013474489654399117278327160478690658354280295341067872
dense,3,21,22,endpoint_raw,4,1.3388218613058188807691778553149676006509688329338591973935818965
dense,3,21,22,endpoint_raw,5,1.1081095810524242028664313185443007211794556939407716141912013097
dense,3,21,22,endpoint_raw,6,0.95350155890295118377094743142841307083373567014050281715564302754
dense,3,21,22,endpoint_raw,7,0.31400352679607486841154572185758156776623917418197197348163085606
dense,3,21,22,endpoint_raw,8,0.24107261131533116916621429728638774129634029623135628920875697842
dense,3,21,22,endpoint_raw,9,0.20677120593765197972077097461062053618977448133695221023075317242
dense,3,21,22,endpoint_raw,10,0.050664705965662704981329897104737293096992480205609738462161630711
dense,3,21,22,endpoint_raw,11,0.036325441000259199333180844114754146388532504814462728829886131021
dense,3,21,22,endpoint_raw,12,0.03196361427685636352376537261825857232684869212826059534986041321
dense,3,21,22,endpoint_raw,13,0.024492264642054467129266201540466946086012651675100304994190312425
dense,3,21,22,endpoint_raw,14,0.01267665900596155939021633699034170950318151511031143593611734254
dense,3,21,22,endpoint_raw,15,0.010801258535567326738584863405993866952499188216631277151007635338
dense,3,21,22,endpoint_raw,16,0.0056714597742521571908213830809255541515764373295855324738872775405
dense,3,21,22,endpoint_raw,17,0.0050926576824408303108970713345333308025670020501485987184401491614
dense,3,21,22,endpoint_raw,18,0.0039509547656933017694345628674339649934847562495222820205509714831
dense,3,21,22,endpoint_raw,19,0.0017360934038509596051000064414029921578214246689347293786770192606
dense,3,21,22,endpoint_raw,20,0.0012269347428921278031504303195725606089865514442543871188207326389
dense,3,21,22,endpoint_raw,21,0.00082263471174630295522525658089406221971907390591587580151089843624
dense,3,21,22,endpoint_raw,22,0.00050411445711099037522757582364612733112449283281837785068272292022
dense,3,21,22,endpoint_raw,23,0.00048465896453421634224315385291074968643279090376013108281481248533
dense,3,21,22,endpoint_raw,24,0.00043054097196208075227426463772677995640259985770582166032027206407
dense,3,21,22,endpoint_raw,25,0.00033700993381841508625002627968974679084518112478506692906816852211
dense,3,21,22,endpoint_raw,26,0.00014212727006873907426779870739340828972853465026038759536237711907
dense,3,21,22,endpoint_raw,27,0.0001357254878710313400175996806454147148165866846147612619225798438
dense,3,21,22,endpoint_raw,28,0.000078967017651533289180215025816416688988015458255017922429366403674
dense,3,21,22,endpoint_raw,29,0.000051522069355558118837545969249924843147466146691042322936417482348
dense,3,21,22,endpoint_raw,30,0.000047189663774659921976229900680351598119388460236240449246853875342
dense,3,21,22,endpoint_raw,31,0.00004340549207769311326252252457127233053383930810710488311536813088
dense,3,21,22,endpoint_raw,32,0.000033705080932902982176621995740314764350076399953329946949926655937
dense,3,21,22,endpoint_raw,33,0.000025761919386147607178282953386557096525638740440972076752460411177
dense,3,21,22,endpoint_raw,34,0.000016011901216896867023862945348352439391644461198393678207090403666
dense,3,21,22,endpoint_raw,35,0.000011837477219292185959317375462034855976710685465475047304705821478
dense,3,21,22,endpoint_raw,36,0.0000094476298759293369086147197361159269274159943126159635379272545355
dense,3,21,22,endpoint_raw,37,0.0000041975000466819725032234110897391578316306314571510518744096306418
dense,3,21,22,endpoint_raw,38,0.0000029260048739702044315022633054759945313946697509324110832227835823
dense,3,21,22,endpoint_raw,39,0.0000026230546394431351086343533328539846125258041287841256206413835769
dense,3,21,22,endpoint_raw,40,0.0000015540605867296295382380360264382970351994242179838788195185158118
dense,3,21,22,endpoint_raw,41,0.0000010787162320913126547815016529741138491651108425200432016740736178
dense,3,21,22,endpoint_raw,42,0.00000080330153195564544624997455499846881397647867329895763326662438635
dense,3,21,22,endpoint_raw,43,0.00000056938917414897138699275242272504756571199665174464376362424839668
dense,3,21,22,endpoint_raw,44,0.00000036170531889252843558846511415562319872149699680069021365390017691
dense,3,21,22,endpoint_raw,45,0.0000003043359222687498290373304414864328669293817476779560467789722258
dense,3,21,22,endpoint_raw,46,0.00000022810676368797748844351353370765915029166193937736255753073385132
dense,3,21,22,endpoint_raw,47,0.00000018603635035655891488955438791038148219494228679469336201730025595
dense,3,21,22,endpoint_raw,48,0.0000001434564745997877573340286591728760552740632302540769975623724386
dense,3,21,22,endpoint_raw,49,0.000000088678280557057027824573982365370775747735917990373976206002954296
dense,3,21,22,endpoint_raw,50,0.000000074364162353119550706967671761107510949063452898923071114973497787
dense,3,21,22,endpoint_raw,51,0.000000045915822423475964503075984140641125322258831881087918568614984069
dense,3,21,22,endpoint_raw,52,0.000000033943857674361825712687641360307082283852381147214286975695559977
dense,3,21,22,endpoint_raw,53,0.000000027641318308083200696224075227948451580857855323135162748583025323
dense,3,21,22,endpoint_raw,54,0.000000017601498708648493840678522254895919649641571843981475370597889282
dense,3,21,22,endpoint_raw,55,0.000000013604775218119696955971313518123290016074839338868625297023912551
dense,3,21,22,endpoint_raw,56,0.0000000092455302682304160447980368683795683290123240471441978453304543193
dense,3,21,22,endpoint_raw,57,0.0000000039222306698154337906826436476497203499972554973615468394150371777
dense,3,21,22,endpoint_raw,58,0.0000000036818541387499661343767577756298976264764769547657173620430821423
dense,3,21,22,endpoint_raw,59,0.0000000017732976970323860178666529533095049275955492753050850203499405153
dense,3,21,22,endpoint_raw,60,0.0000000014461312553237537173173412632187644220846695919756924817764812299
dense,3,21,22,endpoint_raw,61,0.00000000068439569432374747442262630345224999231180027488659158632427237292
dense,3,21,22,endpoint_raw,62,0.00000000036292400777098554564156801414914392339079332622189273408712266573
dense,3,21,22,endpoint_raw,63,0.00000000011172780421085952669137840000740227796893897208829607486569108575
dense,3,21,22,endpoint_raw,64,0.000000000060621086964588346851852115927868340772185472492101849125725371067
dense,3,21,22,endpoint_raw,65,0.000000000014332262505754627150160399054326454391747010163034137451913778784
dense,3,21,22,endpoint_raw,66,0.0000000000019095240251513510801671179156720965677525195195711759602130172714
dense,3,21,22,fixed_h_raw,1,1.4345906049580680496006855767367639859211539996145153891530754401
dense,3,21,22,fixed_h_raw,2,1.1500046583809007638742840306273481470426254110627685376628382582
dense,3,21,22,fixed_h_raw,3,1.0076829897078421073198369292541887414910782263083124323261632314
dense,3,21,22,fixed_h_raw,4,0.32312623894756100194076486734215161446964245678999326563968128279
dense,3,21,22,fixed_h_raw,5,0.25121540187398329650727012343457342027996595483270158676633762548
dense,3,21,22,fixed_h_raw,6,0.22097353980551607369396593596107361719978407679146521236827747238
dense,3,21,22,fixed_h_raw,7,0.050727757218467398503971446607772674528673339282055075499561312294
dense,3,21,22,fixed_h_raw,8,0.036331941075860399076066990905330456568922374577424002807502872612
dense,3,21,22,fixed_h_raw,9,0.032026402870923390493909173138322997571412722562769927847747106532
dense,3,21,22,fixed_h_raw,10,0.02457269497574359308891078758809463255118645278238726215144543738
dense,3,21,22,fixed_h_raw,11,0.012767978772070572672631440740277478969382119541476104185763047647
dense,3,21,22,fixed_h_raw,12,0.010823889513277544437560080375699378478857030734186664301081788353
dense,3,21,22,fixed_h_raw,13,0.0057021994382172240497451378364763696732585974692619658392573577023
dense,3,21,22,fixed_h_raw,14,0.0051765317371267617350585974838990103976227252637621009801321944811
dense,3,21,22,fixed_h_raw,15,0.0039623944435427553768583355274807840464836679015175924806217848429
dense,3,21,22,fixed_h_raw,16,0.0017862063110539245752411433284976988173818274454784205308175063808
dense,3,21,22,fixed_h_raw,17,0.0012292551230830503597866970601767049893563168419774535819453559765
dense,3,21,22,fixed_h_raw,18,0.0010185295408745155854676277625436946266831926996574755466620084501
dense,3,21,22,fixed_h_raw,19,0.00058172307174512807311191801935853824853007480157001147655828666358
dense,3,21,22,fixed_h_raw,20,0.00050422989979255679239149981378888388883373143369108862190220314861
dense,3,21,22,fixed_h_raw,21,0.00043414096536628194947157450716049057516957762663535239745845575391
dense,3,21,22,fixed_h_raw,22,0.0003441692993246295652547695170918647537044737528010166684510713652
dense,3,21,22,fixed_h_raw,23,0.00015002270200117455961094047717948698693550457009703162292119819543
dense,3,21,22,fixed_h_raw,24,0.00014352258962282093164476602184391260571112201330104710784411225647
dense,3,21,22,fixed_h_raw,25,0.000080313137806961384827848375532404001223016842946958219799138739018
dense,3,21,22,fixed_h_raw,26,0.000057574935825456218548300736913494965501057138139344559012161192545
dense,3,21,22,fixed_h_raw,27,0.000052344724829983049325450993162200661872364051218425360691346871091
dense,3,21,22,fixed_h_raw,28,0.000045259981998789232330335523395046498317707395540589187883233313833
dense,3,21,22,fixed_h_raw,29,0.000035037144081498126324797137989929962477509709394172986778891882335
dense,3,21,22,fixed_h_raw,30,0.000026619153292463986349691261416222592575890370389820375436796227602
dense,3,21,22,fixed_h_raw,31,0.00001660274168869815116134825596746189922856992679042260700386679195
dense,3,21,22,fixed_h_raw,32,0.000011989058550996040492202293497082828821976196765299618363654403977
dense,3,21,22,fixed_h_raw,33,0.000010316845552607550859804796258822844751890985032324389538878158699
dense,3,21,22,fixed_h_raw,34,0.0000044410502359616283944357271395170004071443083929337629673187003149
dense,3,21,22,fixed_h_raw,35,0.0000039099067028130503100147773617175945754358411791517257211712530599
dense,3,21,22,fixed_h_raw,36,0.0000030263395776583353969303808457835782052025031759213362233777894356
dense,3,21,22,fixed_h_raw,37,0.0000016144157661967169344913046552134130164027829742781894570385651689
dense,3,21,22,fixed_h_raw,38,0.0000011499304790595790217898772177722996979315301966371072604158327835
dense,3,21,22,fixed_h_raw,39,0.00000082659479690081091517578568351375229682310140638210364065827353788
dense,3,21,22,fixed_h_raw,40,0.00000057120827133491397273839503622657101118633662368877298528309530339
dense,3,21,22,fixed_h_raw,41,0.0000004483974569722163389155995774386439637147425816370926889245571464
dense,3,21,22,fixed_h_raw,42,0.00000031786640057802767231945575496365712687232806654019809538470320242
dense,3,21,22,fixed_h_raw,43,0.00000026250723838680502398600305830275589161153282071128252832429023574
dense,3,21,22,fixed_h_raw,44,0.00000022848551937457706209726585642832593219380199824562858461329945458
dense,3,21,22,fixed_h_raw,45,0.0000001636263384520726190149427441478848827930080743044769648097864506
dense,3,21,22,fixed_h_raw,46,0.000000092865091525475318870018004005782069397590713350987341811598536681
dense,3,21,22,fixed_h_raw,47,0.000000078499298004160956618656441031837037941749014973404711606108007321
dense,3,21,22,fixed_h_raw,48,0.000000046132647175497763290613880028473351402386748914941760382464310347
dense,3,21,22,fixed_h_raw,49,0.000000037250869558364179634075454816168465636549755188968169725547908311
dense,3,21,22,fixed_h_raw,50,0.00000003083312557224002665414191047987364294839282571055591411954864817
dense,3,21,22,fixed_h_raw,51,0.000000020916303390525894070346286881942122704454527291351580863160783614
dense,3,21,22,fixed_h_raw,52,0.000000014239056716379903934304885577377844178961856388159537166546551009
dense,3,21,22,fixed_h_raw,53,0.000000010785053600767899864185650677214496831179029241916838081520439629
dense,3,21,22,fixed_h_raw,54,0.0000000040246471803639600618840548770752033606146065796217548492133541103
dense,3,21,22,fixed_h_raw,55,0.0000000036973148780940091181731563659831598939041704482528406829743200659
dense,3,21,22,fixed_h_raw,56,0.000000001834772123896702999205731126804453127880861050447639423726270121
dense,3,21,22,fixed_h_raw,57,0.0000000016094468162141872447912064411666179223022745242238821351314842057
dense,3,21,22,fixed_h_raw,58,0.00000000073586317999330711036012945957262624487952953218837313632337951638
dense,3,21,22,fixed_h_raw,59,0.00000000042140829048713928766765129044216988238517073385125187316691299218
dense,3,21,22,fixed_h_raw,60,0.0000000001172057086038022850445426264559580064307181490103700880550341167
dense,3,21,22,fixed_h_raw,61,0.00000000006108255685770399922659088122074585436220157832773909735556210823
dense,3,21,22,fixed_h_raw,62,0.000000000015585436763230819092082948982844595356752018377402569876864124665
dense,3,21,22,fixed_h_raw,63,0.0000000000019338663928037862331146802365627517658258684186910503056951465058
dense,3,21,22,fixed_h_input_sd_relative_parameter,1,0.11417293163248102933936094519831002872500553237218596336834736463
dense,3,21,22,fixed_h_input_sd_relative_parameter,2,0.091439480347131057423880911667023585634513460180231728638867288112
dense,3,21,22,fixed_h_input_sd_relative_parameter,3,0.080324857587382563612910269890567903207443252250289928655431272298
dense,3,21,22,fixed_h_input_sd_relative_parameter,4,0.025581703870120252787978321248517033389410019007851471833409089687
dense,3,21,22,fixed_h_input_sd_relative_parameter,5,0.019836492995666010318711931944474685498210817718384266371603058543
dense,3,21,22,fixed_h_input_sd_relative_parameter,6,0.017572069174845415193840069652945831692954152519529870352474646049
dense,3,21,22,fixed_h_input_sd_relative_parameter,7,0.0036449586453283923232017089394415016094643659752666407055471489004
dense,3,21,22,fixed_h_input_sd_relative_parameter,8,0.0026064087880166212557987528709006494091817471850749240270917089141
dense,3,21,22,fixed_h_input_sd_relative_parameter,9,0.0024183591224288523252135076235157098122693004938372522901397096584
dense,3,21,22,fixed_h_input_sd_relative_parameter,10,0.00085820512291297610665110821088607453906948909197422300315979168557
dense,3,21,22,fixed_h_input_sd_relative_parameter,11,0.00072350283643391442385773519039432364518529275910405558416728201602
dense,3,21,22,fixed_h_input_sd_relative_parameter,12,0.00045037153466964987328952869954218976046868791913414366185288823647
dense,3,21,22,fixed_h_input_sd_relative_parameter,13,0.00024896863527404584403130972849310193967518904786721624652167144344
dense,3,21,22,fixed_h_input_sd_relative_parameter,14,0.00017064640663773614833665331556332225940729854095122178467962130105
dense,3,21,22,fixed_h_input_sd_relative_parameter,15,0.00013903634157258560270260652165696400529251287254739772411630089382
dense,3,21,22,fixed_h_input_sd_relative_parameter,16,0.00010303538825048639999401955547189353625379129138705711901504307673
dense,3,21,22,fixed_h_input_sd_relative_parameter,17,0.000075100366070987300401202592932004176563435452951452179892453871216
dense,3,21,22,fixed_h_input_sd_relative_parameter,18,0.000044477283458519373245005330240228430777015569669603946147782502402
dense,3,21,22,fixed_h_input_sd_relative_parameter,19,0.000034919701888133007626893148630135709540875883778819580765281250444
dense,3,21,22,fixed_h_input_sd_relative_parameter,20,0.000028329661253380905144419561859642973091356987855612315679210729859
dense,3,21,22,fixed_h_input_sd_relative_parameter,21,0.000024859815797153873165569298196133045362171038686323354925602030513
dense,3,21,22,fixed_h_input_sd_relative_parameter,22,0.000016007028493448846122109739644419466215934871764872607491521638575
dense,3,21,22,fixed_h_input_sd_relative_parameter,23,0.0000093649462550309890252725213712286019492363546030318709644467952612
dense,3,21,22,fixed_h_input_sd_relative_parameter,24,0.0000072222177882804465061182958059112985191760463959970454045007555732
dense,3,21,22,fixed_h_input_sd_relative_parameter,25,0.0000044565030764301998430863930611789715139552738798886674403542098097
dense,3,21,22,fixed_h_input_sd_relative_parameter,26,0.0000041881242865341749341174634186136207741304233655815245528929191636
dense,3,21,22,fixed_h_input_sd_relative_parameter,27,0.0000032589249776308288633655185422925768654831598278121612728698109414
dense,3,21,22,fixed_h_input_sd_relative_parameter,28,0.0000028191357255579894239325646173451834557913590421805299234770513303
dense,3,21,22,fixed_h_input_sd_relative_parameter,29,0.0000025446713145183679910968415273639528350321790474673700156266051634
dense,3,21,22,fixed_h_input_sd_relative_parameter,30,0.0000017151740871094926640668984777164266510691753623869574135887970036
dense,3,21,22,fixed_h_input_sd_relative_parameter,31,0.0000012062359642927425484584452771898932340904469910620456253370466129
dense,3,21,22,fixed_h_input_sd_relative_parameter,32,0.00000076629925507262291056432838783933175360736476078791356693684209715
dense,3,21,22,fixed_h_input_sd_relative_parameter,33,0.00000058353463270616554866737523613030370661286641408411887029683997538
dense,3,21,22,fixed_h_input_sd_relative_parameter,34,0.00000026550569385830819379069131792175637641164940101629650454095694504
dense,3,21,22,fixed_h_input_sd_relative_parameter,35,0.000000165487637612993872694191247110585566109105403791265222631956754
dense,3,21,22,fixed_h_input_sd_relative_parameter,36,0.00000014555085100354836910382895504975701692442568347858532600329068987
dense,3,21,22,fixed_h_input_sd_relative_parameter,37,0.000000069224239690100160492480246626460132502612266973700482393003343578
dense,3,21,22,fixed_h_input_sd_relative_parameter,38,0.000000056821256574795013170818450669192006552120744596288861092651305876
dense,3,21,22,fixed_h_input_sd_relative_parameter,39,0.000000049387285533184667105905977205209958016003223289219087251015532375
dense,3,21,22,fixed_h_input_sd_relative_parameter,40,0.00000002943047932320895141353133297376971181482258239955799776445350518
dense,3,21,22,fixed_h_input_sd_relative_parameter,41,0.00000002801130433981972274270527999428548002129685463983658651414671691
dense,3,21,22,fixed_h_input_sd_relative_parameter,42,0.000000019011224541353475704021326410435446818231545413227232378468443354
dense,3,21,22,fixed_h_input_sd_relative_parameter,43,0.000000017773810043803953354228905957704586986441773069167094225588241906
dense,3,21,22,fixed_h_input_sd_relative_parameter,44,0.000000012561809475625755279368709189147949666275122082919810629228787326
dense,3,21,22,fixed_h_input_sd_relative_parameter,45,0.000000011456369909763763539544494418142626080614809601549097151589972869
dense,3,21,22,fixed_h_input_sd_relative_parameter,46,0.0000000060328410704520994067314892150939646180662421535659772805223901756
dense,3,21,22,fixed_h_input_sd_relative_parameter,47,0.0000000042778689907635878613884440841542468888802108502047844270489390042
dense,3,21,22,fixed_h_input_sd_relative_parameter,48,0.0000000029151272190356824299259872785752865641965305750253060886862474248
dense,3,21,22,fixed_h_input_sd_relative_parameter,49,0.0000000022228733768321980102014511329966862607884805068460148911843651745
dense,3,21,22,fixed_h_input_sd_relative_parameter,50,0.0000000013386484708720129608834894994058570691247396344584666632655391577
dense,3,21,22,fixed_h_input_sd_relative_parameter,51,0.0000000011120520218797195811797405813278371382519323464822366830170748817
dense,3,21,22,fixed_h_input_sd_relative_parameter,52,0.00000000054473350193888289179562638845440468224014356437010360687002827462
dense,3,21,22,fixed_h_input_sd_relative_parameter,53,0.00000000039764436618505532622384529582403790540293672887581290860299012772
dense,3,21,22,fixed_h_input_sd_relative_parameter,54,0.00000000024563620983847188244866890644958506283400824166129352341961465002
dense,3,21,22,fixed_h_input_sd_relative_parameter,55,0.00000000019716789761434133069176765612698273348073646979249469685834003868
dense,3,21,22,fixed_h_input_sd_relative_parameter,56,0.0000000001338382438059443232582948657208205093864385317074653934011142643
dense,3,21,22,fixed_h_input_sd_relative_parameter,57,0.000000000089471689900277742508117983235729871294897555169683828595536423269
dense,3,21,22,fixed_h_input_sd_relative_parameter,58,0.000000000055456310888792848271210602670646657549492573197983398869039271079
dense,3,21,22,fixed_h_input_sd_relative_parameter,59,0.00000000002569144845236962561011137062286228357022728024154317398590697723
dense,3,21,22,fixed_h_input_sd_relative_parameter,60,0.0000000000060941761661022430373297798440140416149549640472622700138432446518
dense,3,21,22,fixed_h_input_sd_relative_parameter,61,0.0000000000029878554229003204865784354408114212358534362941605530271537505014
dense,3,21,22,fixed_h_input_sd_relative_parameter,62,0.0000000000011232459916576396480748139184704099917019727481876888178861716787
dense,3,21,22,fixed_h_input_sd_relative_parameter,63,0.00000000000014136479746646477979372359093075372408982439791456204514670079725
independent,3,15,22,endpoint_raw,1,2.0934808651565320328433500632794258421889991926578296761563506422
independent,3,15,22,endpoint_raw,2,2.0216405362716498490303560930830869208117725230015318009849412391
independent,3,15,22,endpoint_raw,3,2.0158121874260330089990850317191220569075977902795620569280257881
independent,3,15,22,endpoint_raw,4,1.0793772335764791616761112609306368338069200900350224947996839573
independent,3,15,22,endpoint_raw,5,0.65869087385415584446337789960043464133306054971743819703193779009
independent,3,15,22,endpoint_raw,6,0.59497012626993654614569601995608007615821657423666345744225362769
independent,3,15,22,endpoint_raw,7,0.15593684305949419281956457946246359973584115750859884556052122485
independent,3,15,22,endpoint_raw,8,0.12024229656644239909892980518397088684191031041315875802826713704
independent,3,15,22,endpoint_raw,9,0.07451938288072705554341919849691395825555249855401401547388431582
independent,3,15,22,endpoint_raw,10,0.037579226049263494596426063278862280867855158448832517161128625811
independent,3,15,22,endpoint_raw,11,0.017626864356958395050846458311199472803930067922562883818538661988
independent,3,15,22,endpoint_raw,12,0.010182161098020185161205460396599814656437475940153882290158250208
independent,3,15,22,endpoint_raw,13,0.008509982222993574703699170945365149329306943495732839733408132978
independent,3,15,22,endpoint_raw,14,0.0063806945039901861967469313098327878390701368562701220240522967785
independent,3,15,22,endpoint_raw,15,0.0049428318945024635233048916210004950422452810330741627342246082107
independent,3,15,22,endpoint_raw,16,0.0018028537235661482985473307129213046127945826974231601409747879332
independent,3,15,22,endpoint_raw,17,0.00041501417958160474547153207854998156180483322452945446197596520364
independent,3,15,22,endpoint_raw,18,0.0001477789926033927078710824751957742583278547708549998900240343074
independent,3,15,22,fixed_h_raw,1,1.1122584662811559558238554025442710379741303538839072342758948647
independent,3,15,22,fixed_h_raw,2,0.70396562807488921025123119396203231117373780379142930074928470281
independent,3,15,22,fixed_h_raw,3,0.66890927313798237490645900315746215543109709918872030146967038885
independent,3,15,22,fixed_h_raw,4,0.16497825077507324395198776051984019265378817975601527412876270694
independent,3,15,22,fixed_h_raw,5,0.12872316814723931558065245136470916257479566297700738147476842844
independent,3,15,22,fixed_h_raw,6,0.098230719622026205247033814386032155034709454196821076547080564477
independent,3,15,22,fixed_h_raw,7,0.05300879215950558377574602003356883619923093280332229391392168872
independent,3,15,22,fixed_h_raw,8,0.019167841344337535685868877743869458340876879580549078841469557491
independent,3,15,22,fixed_h_raw,9,0.011097408648199127907184972313077842633244776211736827774904572979
independent,3,15,22,fixed_h_raw,10,0.0095495368392763988269996695998430024336012008021584382208020663701
independent,3,15,22,fixed_h_raw,11,0.0076185528274658392044240149559305274074733029473062031207162407436
independent,3,15,22,fixed_h_raw,12,0.006028919038194148369410731205152175029454139242623499435724280037
independent,3,15,22,fixed_h_raw,13,0.0034722201618208554918014269091273571709173575596220507491764795361
independent,3,15,22,fixed_h_raw,14,0.0010760549532704097812594491543738454726474708501661103875901316464
independent,3,15,22,fixed_h_raw,15,0.0003077526565841401732355897430033637919123132502256799797674034675
independent,3,15,22,fixed_h_input_sd_relative_parameter,1,0.13933589478901634196922317089619991906823455941555248799350103792
independent,3,15,22,fixed_h_input_sd_relative_parameter,2,0.089691251513345674277557341380496590176099851539735943086350469539
independent,3,15,22,fixed_h_input_sd_relative_parameter,3,0.088419549261801904544107693497560187453632628763623925423701658753
independent,3,15,22,fixed_h_input_sd_relative_parameter,4,0.013676329920943885275905164892238082807216218168220166516924536239
independent,3,15,22,fixed_h_input_sd_relative_parameter,5,0.010615948704437362168845992357001621215600061945038223586588587335
independent,3,15,22,fixed_h_input_sd_relative_parameter,6,0.0044461391777337776146091995425283860953169319392929268849645146471
independent,3,15,22,fixed_h_input_sd_relative_parameter,7,0.0022114775840537481253571244838032303172720774332618843308602393496
independent,3,15,22,fixed_h_input_sd_relative_parameter,8,0.0012642296987437211424238442674666220047895242571791924887223529266
independent,3,15,22,fixed_h_input_sd_relative_parameter,9,0.0007142469121612700770885706281239385713969034844903261455525231794
independent,3,15,22,fixed_h_input_sd_relative_parameter,10,0.00046572369906096973508588195385151390493570777579650457098052277871
independent,3,15,22,fixed_h_input_sd_relative_parameter,11,0.00038107753283329822031601292981288560218771925652088332777247000692
independent,3,15,22,fixed_h_input_sd_relative_parameter,12,0.00015122184883887379215972021112518103096915131950901349131174993144
independent,3,15,22,fixed_h_input_sd_relative_parameter,13,0.00012268933287109681947664029423138129371010004805426192786843408048
independent,3,15,22,fixed_h_input_sd_relative_parameter,14,0.000047464945373724719876511815351502233472528967669081652645005198658
independent,3,15,22,fixed_h_input_sd_relative_parameter,15,0.0000080002701315912959491856588040532588705992255854437338834213141358
dense,4,36,37,endpoint_raw,1,2.2855887673191369389808449113154000175445171477834596187497354362
dense,4,36,37,endpoint_raw,2,2.237104383535847371876395028288980589047387819473358458667739412
dense,4,36,37,endpoint_raw,3,2.1832511922758780267657650131655598879706050874812294512444858228
dense,4,36,37,endpoint_raw,4,2.0966823576512884186101749447851603518940216486491509110327397949
dense,4,36,37,endpoint_raw,5,1.4278043281652626426982376899151605367888348154002010472991302382
dense,4,36,37,endpoint_raw,6,1.2564625837748729759606168364167739437775607626393169189550521379
dense,4,36,37,endpoint_raw,7,1.1613598861214230501589530097225704591322582792494389536662594609
dense,4,36,37,endpoint_raw,8,1.0569789569106351168939248952865900850015734371025490911951145223
dense,4,36,37,endpoint_raw,9,0.3324381508726060550149187918659460764839714914376583431709539818
dense,4,36,37,endpoint_raw,10,0.29777666909946738273730792707044533251038774099754472406742243525
dense,4,36,37,endpoint_raw,11,0.28209166090906708965665917008480277908380107528537829497596252134
dense,4,36,37,endpoint_raw,12,0.25408342715077797229422917694248055728547478105490968133475927279
dense,4,36,37,endpoint_raw,13,0.076405866393754508912445539089379636486076201023113911450017343498
dense,4,36,37,endpoint_raw,14,0.070526872920969925421525716515407128896504014243830908025029513162
dense,4,36,37,endpoint_raw,15,0.061893235775965108981470171615227477272236869103586734288622769386
dense,4,36,37,endpoint_raw,16,0.058441459724415444902543844083543778306939670238847793159519554837
dense,4,36,37,endpoint_raw,17,0.024857220892847819617365766218460917782649704943290342503849709697
dense,4,36,37,endpoint_raw,18,0.01881398524304104031137416359966261490133835634927371642563318947
dense,4,36,37,endpoint_raw,19,0.017531328050094590081157931052977526204478509620113231855752978164
dense,4,36,37,endpoint_raw,20,0.012418099678991655597155664199448389889047698843543653833321825734
dense,4,36,37,endpoint_raw,21,0.0073755419081719381316469805549306636952742704758321324248029107014
dense,4,36,37,endpoint_raw,22,0.0066893849745540776361042881348731505654478125943360354004642739785
dense,4,36,37,endpoint_raw,23,0.0063254865259669347491505944868172541241195404859371748190423705676
dense,4,36,37,endpoint_raw,24,0.0055234772719996700323780719325855878912937339985462292566294508576
dense,4,36,37,endpoint_raw,25,0.0033510611316985175764540029552121625941165044067849419724027587191
dense,4,36,37,endpoint_raw,26,0.0032728201176048031038660824913662986143012844402561715649226276565
dense,4,36,37,endpoint_raw,27,0.0027819353526626571550050548898038684872347243864786879780961635917
dense,4,36,37,endpoint_raw,28,0.0021505095517734551638895054690281157912772592372446230996454085092
dense,4,36,37,endpoint_raw,29,0.0018680759913070363760953143816843034811288601909402440631585926958
dense,4,36,37,endpoint_raw,30,0.0016656857531583837172325129699702883743983384276662846010770019442
dense,4,36,37,endpoint_raw,31,0.0015978054827520509550994194379653235219550450643227237144431282979
dense,4,36,37,endpoint_raw,32,0.0014270396041116488927192927442075685196448809916887288169302654499
dense,4,36,37,endpoint_raw,33,0.0010804409109193076887440934674452752452151204819629108327294166533
dense,4,36,37,endpoint_raw,34,0.00088803059810755086828636109508150607634401669156889469390509175998
dense,4,36,37,endpoint_raw,35,0.0006505714626949310678316892429422760456978172818799942281303386408
dense,4,36,37,endpoint_raw,36,0.00055647822648820292006888738190951513965646929592748160332420239315
dense,4,36,37,endpoint_raw,37,0.00038775820371754981745713086446040544783541506525000963159269310393
dense,4,36,37,endpoint_raw,38,0.0003096994464928620929094284437432429249465560668223358291976100893
dense,4,36,37,endpoint_raw,39,0.00029464090244677420334936408961986279221104973728784138238942301437
dense,4,36,37,endpoint_raw,40,0.00022618095213661355794263941816686578406979014405511178971857426322
dense,4,36,37,endpoint_raw,41,0.00012012756664228096787282259240591035676121206286991643731025995442
dense,4,36,37,endpoint_raw,42,0.000089234458981339062567631427361070158189079939067341258830898960951
dense,4,36,37,endpoint_raw,43,0.000082248762635432191407315247126098953802796160235592940483106303761
dense,4,36,37,endpoint_raw,44,0.000064356023882373196941589901090934565532133394829235550814355197117
dense,4,36,37,endpoint_raw,45,0.000036238838647279345939914078093435206341785786028081833770908957066
dense,4,36,37,endpoint_raw,46,0.000029883892118959073605750699857860630671905771248493191293057671709
dense,4,36,37,endpoint_raw,47,0.000022555150708036148515530000803556802039607215528679828994193155394
dense,4,36,37,endpoint_raw,48,0.000019563293038240346290911807716103759735594648879930232728224186908
dense,4,36,37,endpoint_raw,49,0.00001684945670255273620095243382417071056534383630813590585131490239
dense,4,36,37,endpoint_raw,50,0.000014043195371877485175501273919405845551920044455582012146683293122
dense,4,36,37,endpoint_raw,51,0.000012727107167912169798411051616302960689137851270286738529306911976
dense,4,36,37,endpoint_raw,52,0.0000092521431408225195960695878716360717956009387990087735137980593872
dense,4,36,37,endpoint_raw,53,0.0000075319725534434416341275039064630799909284022377052141743772906855
dense,4,36,37,endpoint_raw,54,0.0000061900809064725276219529558886454483795611779284608231781506122637
dense,4,36,37,endpoint_raw,55,0.0000052401811226654251128077359108975427563135666915481742763557315193
dense,4,36,37,endpoint_raw,56,0.0000042602960516340915891007549292604744063946978900795474050284130914
dense,4,36,37,endpoint_raw,57,0.0000040332898511650452104139251994534467121069339045388407074815794075
dense,4,36,37,endpoint_raw,58,0.0000034849172039469618630587579838093481760397148604327821243249615901
dense,4,36,37,endpoint_raw,59,0.0000027156087033062528503191475770121185355943956224120414880988759629
dense,4,36,37,endpoint_raw,60,0.0000021254900692002338514025275057541022505682685853025108398132260538
dense,4,36,37,endpoint_raw,61,0.0000016335014556034588471393184285897135738142271755990154449573779209
dense,4,36,37,endpoint_raw,62,0.0000014675892224229552388826051661663651468870468534043815918395158155
dense,4,36,37,endpoint_raw,63,0.0000013328335212573675746211706468468667801384724372085141998943901987
dense,4,36,37,endpoint_raw,64,0.0000012100750008511435652728112973685469806810968448085219454909720432
dense,4,36,37,endpoint_raw,65,0.00000095052555331721222849763639447168283741580413861669845188411104487
dense,4,36,37,endpoint_raw,66,0.00000082995986242432889625885082851452173611890132864562839553720466201
dense,4,36,37,endpoint_raw,67,0.00000070341043390837719326448229254370484085461424566208394280835302421
dense,4,36,37,endpoint_raw,68,0.00000060872693802253857785874725259319243237954921812510138357132655069
dense,4,36,37,endpoint_raw,69,0.00000034617363140412321264543257139012586204786848060720796310486026568
dense,4,36,37,endpoint_raw,70,0.0000002501286057053679637631130414715881488217472394406787545363208742
dense,4,36,37,endpoint_raw,71,0.00000022694583272314032428650986989991436701465208966805144679927143304
dense,4,36,37,endpoint_raw,72,0.00000015432141999689031921194318375099263573771734450273039890621774494
dense,4,36,37,endpoint_raw,73,0.00000010497971153313672124781107381932069754627384631933925996058958107
dense,4,36,37,endpoint_raw,74,0.000000085366576663076028771998566414590694843917264530739497558043785393
dense,4,36,37,endpoint_raw,75,0.000000071014100320501729227457994202492378294591980529286473816022924042
dense,4,36,37,endpoint_raw,76,0.000000058348403392633485212957759003587503413511694606642375701184548961
dense,4,36,37,endpoint_raw,77,0.000000046630791757519424110778035611008508802312934181815353712087357396
dense,4,36,37,endpoint_raw,78,0.000000035827521420894268985341805621403725686176959212686195108889657785
dense,4,36,37,endpoint_raw,79,0.000000025285723248951115340877119657316792401074488570508762761738389204
dense,4,36,37,endpoint_raw,80,0.000000020721645301021992210707101605967160403230052717350348000712822336
dense,4,36,37,endpoint_raw,81,0.000000018091296967789692046688765303462553535844304713146877180431933213
dense,4,36,37,endpoint_raw,82,0.000000013808049603512978192744532399092472025666893312975533163488372315
dense,4,36,37,endpoint_raw,83,0.000000012389994411814397000884258262858715713415235133847340486019754104
dense,4,36,37,endpoint_raw,84,0.0000000097947760370118757606434784615165159618518001279118363736896510335
dense,4,36,37,endpoint_raw,85,0.0000000056822438746501993695267976220134452814960251853804053301030789499
dense,4,36,37,endpoint_raw,86,0.0000000051540455841377440141475409832528592593410028396996536739282635352
dense,4,36,37,endpoint_raw,87,0.00000000405696135301480606567943007344447033870988133692502081323496653
dense,4,36,37,endpoint_raw,88,0.0000000036190127490136796882717258574420089014684852356050108198057523752
dense,4,36,37,endpoint_raw,89,0.0000000026270424020004924336217774954256201090609366202438428304923167255
dense,4,36,37,endpoint_raw,90,0.0000000021916329370369194691083501234086984371590969899282832619667717293
dense,4,36,37,endpoint_raw,91,0.0000000014591462472189791818180550376351436701392290786484899568258899295
dense,4,36,37,endpoint_raw,92,0.0000000012898390730409158948503595716034840906412032515618549574027060875
dense,4,36,37,endpoint_raw,93,0.0000000010618289020033370399466568676194606990493610143837870121315861311
dense,4,36,37,endpoint_raw,94,0.00000000081828095936462981544577131371129372009152969697196406114875213149
dense,4,36,37,endpoint_raw,95,0.00000000071446774357970823701936331439021168000303889706586472774307045035
dense,4,36,37,endpoint_raw,96,0.00000000051770110158545989155180292949368734114224049344806126612587642865
dense,4,36,37,endpoint_raw,97,0.00000000031910535890521530613781492853216844071702251205206757403638503286
dense,4,36,37,endpoint_raw,98,0.00000000023020059943625451184088134339125094044473171460023507018739585989
dense,4,36,37,endpoint_raw,99,0.00000000016021781054459545665435170305069887230529629650711058231352497718
dense,4,36,37,endpoint_raw,100,0.00000000011831807865629508888310428900466007989070176525362150550847124333
dense,4,36,37,endpoint_raw,101,0.00000000010584535594515277352192702370863625563778418972863374330828719944
dense,4,36,37,endpoint_raw,102,0.000000000085881442263935036942396067680023460719628411553023555159150465974
dense,4,36,37,endpoint_raw,103,0.000000000064371585756807536210329770112663921582664661681574004762059581776
dense,4,36,37,endpoint_raw,104,0.000000000046241874985910849420133459776298057853716000416999579207693451178
dense,4,36,37,endpoint_raw,105,0.000000000034031552712296146066246549811344031415823223737614076815910377086
dense,4,36,37,endpoint_raw,106,0.000000000026604378846510779627355491961568215059225575646699163300305417622
dense,4,36,37,endpoint_raw,107,0.000000000020890717401501489946018998023557271823929016363145401296123768772
dense,4,36,37,endpoint_raw,108,0.000000000016572900558185594062905997442682726606748296685200341120469507528
dense,4,36,37,endpoint_raw,109,0.000000000012419143696043427606525577730952069003656588455440980300317715192
dense,4,36,37,endpoint_raw,110,0.0000000000087542664125133368770133044736660562971412029446245880819393732741
dense,4,36,37,endpoint_raw,111,0.000000000006129691443391344546656604745714490104569125872964062374375768022
dense,4,36,37,endpoint_raw,112,0.0000000000038083322294539288879678539183494632151556307006372637349802354143
dense,4,36,37,endpoint_raw,113,0.0000000000021496481820718018570866231930355810642687948057959273714721202693
dense,4,36,37,endpoint_raw,114,0.0000000000020212766546525217058429784486312746053409667598249635466934797009
dense,4,36,37,endpoint_raw,115,0.0000000000014115049208217305703274774788561285527100368434198418360724443817
dense,4,36,37,endpoint_raw,116,0.0000000000011555797689597370972163592587366118540263810622294343013883629167
dense,4,36,37,endpoint_raw,117,0.00000000000094647135096767135445232881471491486937560720535398144254076379657
dense,4,36,37,endpoint_raw,118,0.00000000000073306303034578556895360225706437668081631126511314784069879273185
dense,4,36,37,endpoint_raw,119,0.00000000000050487166597641633255878252558285281681575929796070018926226985278
dense,4,36,37,endpoint_raw,120,0.00000000000038292881966427414204438861291416596008319390810589624355344721408
dense,4,36,37,endpoint_raw,121,0.00000000000032824485529317962148122399924900031571760684067374656170497684171
dense,4,36,37,endpoint_raw,122,0.00000000000024716335326658701540124386830606960850671810701981951796598268666
dense,4,36,37,endpoint_raw,123,0.00000000000014000813236411335695740695492696574819969296658050492594761849791
dense,4,36,37,endpoint_raw,124,0.000000000000099947786749388929326674473802785623016620044101582383112293143807
dense,4,36,37,endpoint_raw,125,0.000000000000089289796415994989083837701982540191797584226840599554929703981149
dense,4,36,37,endpoint_raw,126,0.000000000000042928898605010346893588265993976116741366915743329800932417617041
dense,4,36,37,endpoint_raw,127,0.000000000000032111419624395196799540996945615447971466690170889223777256266582
dense,4,36,37,endpoint_raw,128,0.00000000000002540596853595116217565552539954247963611188362200206685480448149
dense,4,36,37,endpoint_raw,129,0.000000000000013803464899279282647556691026819261112844434000682013848488114121
dense,4,36,37,endpoint_raw,130,0.000000000000011019178441948307108392471959129733205816051419242019243011637752
dense,4,36,37,endpoint_raw,131,0.0000000000000076775935690805606467168929613413147165360076544509645404480931575
dense,4,36,37,endpoint_raw,132,0.0000000000000056731722273942795357403241843018784691137103688206408449841986786
dense,4,36,37,endpoint_raw,133,0.0000000000000046029635615064248534622452529696074087455329566890139352803305654
dense,4,36,37,endpoint_raw,134,0.0000000000000031959082745509524958298527773434568974605067075593337275845533837
dense,4,36,37,endpoint_raw,135,0.0000000000000025258660875996918907103051798381583786928061808575560919984342458
dense,4,36,37,endpoint_raw,136,0.0000000000000020208307268008796598668832448972080876638380722049107999292408187
dense,4,36,37,endpoint_raw,137,0.0000000000000013897776267915520126896392050652963674730159270268880115645029023
dense,4,36,37,endpoint_raw,138,0.00000000000000061300005823162895538082698114278511847112957515259515152522843216
dense,4,36,37,endpoint_raw,139,0.00000000000000035405198556096807684042449985131321102439065435867536240020196991
dense,4,36,37,endpoint_raw,140,0.00000000000000019291613695220409999241829739254841503408367115871912984154178983
dense,4,36,37,endpoint_raw,141,0.00000000000000011258226076731755833429829167163007817837673223325117341631072059
dense,4,36,37,endpoint_raw,142,0.00000000000000010384216659555308084368078775305485230879003145287406522622356466
dense,4,36,37,endpoint_raw,143,0.00000000000000003969000767599113398981743943551068582505831380072828739095286945
dense,4,36,37,endpoint_raw,144,0.000000000000000033442720473162997950911546018381984932546800418869187978444803337
dense,4,36,37,endpoint_raw,145,0.000000000000000016177944264286020268583146008185404903127326809068544627430807525
dense,4,36,37,endpoint_raw,146,0.0000000000000000097894476991179160522965285228221303194923204756675482050989821292
dense,4,36,37,endpoint_raw,147,0.0000000000000000058111763005612908925261450930318603025638212294447339964373870942
dense,4,36,37,endpoint_raw,148,0.00000000000000000070682092466069575898760464764560231347125848835786292059008725835
dense,4,36,37,fixed_h_raw,1,1.5039327178534034189662743807169513967129204237431631443571867711
dense,4,36,37,fixed_h_raw,2,1.3489169295702982057289173702944170759523069509748267402140698278
dense,4,36,37,fixed_h_raw,3,1.2897937298736456971272209380736985068825139166758518421409120147
dense,4,36,37,fixed_h_raw,4,1.0883484748944267932578939572577474875679592334270801617869023506
dense,4,36,37,fixed_h_raw,5,0.33527512297105395534981667453637665076294486647983878957943596001
dense,4,36,37,fixed_h_raw,6,0.30149755061882740392876917790722285305962923731406133479107233266
dense,4,36,37,fixed_h_raw,7,0.28695575570175955155423592665129946097942063662764633834822772213
dense,4,36,37,fixed_h_raw,8,0.25618130497750289426345898257675964863541205244794889461968338913
dense,4,36,37,fixed_h_raw,9,0.076626447608518467024605947790809699896198094725933833941590231546
dense,4,36,37,fixed_h_raw,10,0.070668033815162617393746644313841549055127232086583000098233685299
dense,4,36,37,fixed_h_raw,11,0.062243653809744406771912160009785452739500258242772137342082155674
dense,4,36,37,fixed_h_raw,12,0.058642974182926579883464241546484802041926346956573333136350676836
dense,4,36,37,fixed_h_raw,13,0.025091047313655827107415457589986133722076858348914748296042341571
dense,4,36,37,fixed_h_raw,14,0.018940259316144770015310142207028084294478242828941888900870323658
dense,4,36,37,fixed_h_raw,15,0.018054309336460922696582417158650378435678957688865192419049402215
dense,4,36,37,fixed_h_raw,16,0.012737633630266074240875871591406536898791825501280755445165923912
dense,4,36,37,fixed_h_raw,17,0.0076341997935285356573216652479085571816528723884899737705596363648
dense,4,36,37,fixed_h_raw,18,0.006823208489709247273265856354896123844097284622585663215458858797
dense,4,36,37,fixed_h_raw,19,0.0063541230661980518479090847034012711545054159701093129171196698949
dense,4,36,37,fixed_h_raw,20,0.0056868850572279100781683768015955972727604284280390897316665226738
dense,4,36,37,fixed_h_raw,21,0.0033845229977758360395756579119210067724634123039648031674551656469
dense,4,36,37,fixed_h_raw,22,0.0033344603392646393218825882113212571728196817297368525489206619535
dense,4,36,37,fixed_h_raw,23,0.0028120832306247206037857679952324841534500909881646519464125382251
dense,4,36,37,fixed_h_raw,24,0.0022594518619024481221446678443630175387379012763171305625001391493
dense,4,36,37,fixed_h_raw,25,0.0020496395393918355676714298670428413168994076922551392147276568931
dense,4,36,37,fixed_h_raw,26,0.001694006613383239563255198617586674960229141056012115854181493461
dense,4,36,37,fixed_h_raw,27,0.001633954246891268471782147415635888303331840843907310073058693841
dense,4,36,37,fixed_h_raw,28,0.0014521549722339576881157126407230530397330982818913427340716156767
dense,4,36,37,fixed_h_raw,29,0.00108941608450002870726021706432197665163720689630095379753831202
dense,4,36,37,fixed_h_raw,30,0.00089809410874527050849940174484758668494874997491672121251864301802
dense,4,36,37,fixed_h_raw,31,0.00066305119993182131331155434624529568728164359877254348608564242543
dense,4,36,37,fixed_h_raw,32,0.00056984249270704476327159552556279783560056202037074111307145321705
dense,4,36,37,fixed_h_raw,33,0.00039435854213436326166759228426668675305216865372948918269867596039
dense,4,36,37,fixed_h_raw,34,0.00031546795069381695425040531189762917505274067236195959389831552586
dense,4,36,37,fixed_h_raw,35,0.00029577941463100818334774019717176374805098392422302691590635224689
dense,4,36,37,fixed_h_raw,36,0.00023126290041269646570790215347875909546846383750131236211653971508
dense,4,36,37,fixed_h_raw,37,0.00012119154156206994444894386991291337765982893089432605495907564039
dense,4,36,37,fixed_h_raw,38,0.000096386066287607511952361317763073165488998156388764614983390913596
dense,4,36,37,fixed_h_raw,39,0.000085238336666820667842935851069223357056696171248239070946992084476
dense,4,36,37,fixed_h_raw,40,0.000065753382577219595814250500327844246844072860383962738385863778952
dense,4,36,37,fixed_h_raw,41,0.000036762439671400228276672190534083356934803245958019756596464395277
dense,4,36,37,fixed_h_raw,42,0.000031932465905384612018526758610341963864885824595610401652619012631
dense,4,36,37,fixed_h_raw,43,0.000023047698677373302823134329796133587848140315601809133023504062835
dense,4,36,37,fixed_h_raw,44,0.00001967883283618479119367516573986867914744032019058695250218755551
dense,4,36,37,fixed_h_raw,45,0.000017331927299296578532493884223057882931170186165901562856336103984
dense,4,36,37,fixed_h_raw,46,0.000014131488296563589821787699488163675750136900706937700483652694974
dense,4,36,37,fixed_h_raw,47,0.000013089902241616699241857491178758638663187695247563015778430075775
dense,4,36,37,fixed_h_raw,48,0.0000092908977948922947136093250443689273227706995487486155874394147039
dense,4,36,37,fixed_h_raw,49,0.0000077559016899390440898229411495000244789316158460510950041735010318
dense,4,36,37,fixed_h_raw,50,0.0000062608326822795347965233788024940055074729673253987715269814538378
dense,4,36,37,fixed_h_raw,51,0.0000054813118737059183212980869107514383236954950288959954963695746214
dense,4,36,37,fixed_h_raw,52,0.0000043557076190055979605209872535515945748496684968952790948433211599
dense,4,36,37,fixed_h_raw,53,0.0000041673453031161389208768262154559706698048121705116441326624187663
dense,4,36,37,fixed_h_raw,54,0.0000035078544195142309443711156985861270101871075614577298893698121085
dense,4,36,37,fixed_h_raw,55,0.000002811724600467063104051106013278677622975312821084371070093191957
dense,4,36,37,fixed_h_raw,56,0.0000022188238327166485411841708100552044142241170341926059172884577195
dense,4,36,37,fixed_h_raw,57,0.000001750005583505340767130867424898838531572672275042827428223347204
dense,4,36,37,fixed_h_raw,58,0.0000015085632324146477602261433075104101202148475315688982384143530417
dense,4,36,37,fixed_h_raw,59,0.0000013593380524748165615686668001707981618681989176182941511733437195
dense,4,36,37,fixed_h_raw,60,0.0000012949719165223683413802664403133096883523883553744762253294676528
dense,4,36,37,fixed_h_raw,61,0.00000098100448624469351203125479326139196375579826254800607028724578364
dense,4,36,37,fixed_h_raw,62,0.00000085101875845309276401466579011663382699103152246603760719408982504
dense,4,36,37,fixed_h_raw,63,0.0000007498973066373971792681437926330834137070841608870571001267585195
dense,4,36,37,fixed_h_raw,64,0.00000062697482249769559500792149258245727875084979550379083795244299417
dense,4,36,37,fixed_h_raw,65,0.00000035587576795460746991096549828511266056587933028094340780121709251
dense,4,36,37,fixed_h_raw,66,0.00000026457349988360256872196408448446043527326377496739245326608990568
dense,4,36,37,fixed_h_raw,67,0.00000023148879235033688826562219293661417430119662202989578609483461016
dense,4,36,37,fixed_h_raw,68,0.00000015601550276203243618813865389133377362944004210989728639357949941
dense,4,36,37,fixed_h_raw,69,0.00000010859507833599653364828456491269368890527109710307778718915607987
dense,4,36,37,fixed_h_raw,70,0.000000088767229765462167054330532662326910869486541182793697588043372602
dense,4,36,37,fixed_h_raw,71,0.00000007116035214258264493723345987878197189947776116980886815987796165
dense,4,36,37,fixed_h_raw,72,0.000000058931391555390632606756633864945960145177517178803316200994182516
dense,4,36,37,fixed_h_raw,73,0.000000047630697619006334241262372452119221241277694098225532278311351099
dense,4,36,37,fixed_h_raw,74,0.000000036505126602579115278047313782924094782356963808056024552477453295
dense,4,36,37,fixed_h_raw,75,0.000000025356410663571140924021573016828572962311740057368835224845613512
dense,4,36,37,fixed_h_raw,76,0.000000021054722649270857112555178738340688090682835838700892136419317448
dense,4,36,37,fixed_h_raw,77,0.000000018409812920790372796227817931890002025763156866472847715366766456
dense,4,36,37,fixed_h_raw,78,0.000000014450948198665061811657014775523388047151958199759542346979834009
dense,4,36,37,fixed_h_raw,79,0.000000012510717466866237592114542103068302416731622851530560984173147571
dense,4,36,37,fixed_h_raw,80,0.0000000098359125925105695384582625864779427116505994258461564620782839725
dense,4,36,37,fixed_h_raw,81,0.0000000059332848156818252622971349450522836488532630230051392868744988174
dense,4,36,37,fixed_h_raw,82,0.000000005408265164036851426172308991934303744985115500130501010330117714
dense,4,36,37,fixed_h_raw,83,0.0000000042029251751644109501297957571617925444134751471208062920904891263
dense,4,36,37,fixed_h_raw,84,0.0000000038557967683585752106368404440897514698812719291007709771490551703
dense,4,36,37,fixed_h_raw,85,0.0000000026394021734420158118760470902998280821621282164812597499513099349
dense,4,36,37,fixed_h_raw,86,0.0000000022143082571639211878749642586426303626837728307752113824953463715
dense,4,36,37,fixed_h_raw,87,0.0000000015260554526278466117552009365288683905012629797342377224166739831
dense,4,36,37,fixed_h_raw,88,0.000000001315570488153876599951187221395363048799563315980130082067099898
dense,4,36,37,fixed_h_raw,89,0.0000000010838478492324830392009955915280618161950787672250416407758926787
dense,4,36,37,fixed_h_raw,90,0.00000000083494908114457557810538986641397742725574698405548937605334601802
dense,4,36,37,fixed_h_raw,91,0.00000000074904695824047351033897384403495579255478212985139540048866970411
dense,4,36,37,fixed_h_raw,92,0.00000000052987731854120382703881012614460907864277088109114191742400108379
dense,4,36,37,fixed_h_raw,93,0.00000000033125863182160253152783449990966132116661253072635135622705470087
dense,4,36,37,fixed_h_raw,94,0.00000000024942201315875523142453970242307274541932271705031788725838776809
dense,4,36,37,fixed_h_raw,95,0.00000000016806355150217371846119220979638495295568997525075633221193870979
dense,4,36,37,fixed_h_raw,96,0.0000000001196323743155750342604467010330925020417313052217042438512190877
dense,4,36,37,fixed_h_raw,97,0.00000000010819098391298479257650571787278695338969302316039339088029599981
dense,4,36,37,fixed_h_raw,98,0.000000000087519546103334460726827041160891736074956709611872136764186908305
dense,4,36,37,fixed_h_raw,99,0.000000000072951086591853620274049206896525334693764692542020490288686958715
dense,4,36,37,fixed_h_raw,100,0.000000000046765514467650924386454851707501155980689893260163885175123877142
dense,4,36,37,fixed_h_raw,101,0.000000000034311434642680268012317920522004858198337973745974275597291075122
dense,4,36,37,fixed_h_raw,102,0.000000000030002147463840327765800524466422399005201131084955621393930941668
dense,4,36,37,fixed_h_raw,103,0.000000000022782810646586240637476930438406306616203657230230818203892882556
dense,4,36,37,fixed_h_raw,104,0.000000000016957551355095016295803904661408306156776576964391357497057153181
dense,4,36,37,fixed_h_raw,105,0.000000000012763754107649106638957893271434292761482603863590712759984837366
dense,4,36,37,fixed_h_raw,106,0.0000000000095691267169982040883394407973891106008354204815137151146516500761
dense,4,36,37,fixed_h_raw,107,0.0000000000063509136524496690885395357158742983868007649360180133023796607188
dense,4,36,37,fixed_h_raw,108,0.0000000000038942429289998917934354700571982694302144262966024281552729636199
dense,4,36,37,fixed_h_raw,109,0.0000000000023763434462049359442699779167052272384757280726229748134975429971
dense,4,36,37,fixed_h_raw,110,0.0000000000020731571484444342513697018658019036289915400096022334253280116425
dense,4,36,37,fixed_h_raw,111,0.0000000000014320428971359274074825267301958885512478237609501640068933505783
dense,4,36,37,fixed_h_raw,112,0.0000000000011854208384157235256117385342806300323441069460059375067180248624
dense,4,36,37,fixed_h_raw,113,0.00000000000098982540155905596670245247272376769096854634856016598242100115478
dense,4,36,37,fixed_h_raw,114,0.00000000000076908246944921765548801334838481307528085789962830058413467276489
dense,4,36,37,fixed_h_raw,115,0.00000000000054681991110277130625457182833472712456298797117954405762013512397
dense,4,36,37,fixed_h_raw,116,0.00000000000038856267970195205169997501429148897553667966542921629775346087271
dense,4,36,37,fixed_h_raw,117,0.0000000000003460718914620734242957520035339012878110842099942198020854920638
dense,4,36,37,fixed_h_raw,118,0.00000000000025617193616968446446491091403751787246938523352586901561944154897
dense,4,36,37,fixed_h_raw,119,0.00000000000015152898340381777612052801598640088577817776129931283362645273932
dense,4,36,37,fixed_h_raw,120,0.00000000000011167057193725808061102157320463046551310432821480664748621551395
dense,4,36,37,fixed_h_raw,121,0.00000000000010173282706478315740971275352303698643481093347537135695629583594
dense,4,36,37,fixed_h_raw,122,0.000000000000044814430013041984607753663549550773235829546129887377298289490607
dense,4,36,37,fixed_h_raw,123,0.000000000000033054502252216859400662416060340957098294864477518401919867115207
dense,4,36,37,fixed_h_raw,124,0.000000000000028148229336993760849968208760562621005363600440865145649481831387
dense,4,36,37,fixed_h_raw,125,0.000000000000014829290944474808558418446258096343108202521890638457415870533883
dense,4,36,37,fixed_h_raw,126,0.000000000000011677133873130432467957966055609108680922211728894975095746560454
dense,4,36,37,fixed_h_raw,127,0.0000000000000087488967506175837198099134628828530158569648578124367649976597409
dense,4,36,37,fixed_h_raw,128,0.0000000000000059294169081202539474926289407311719016029784567361185449685160366
dense,4,36,37,fixed_h_raw,129,0.0000000000000049758327532869078330366824019964167301342521128503658995080758049
dense,4,36,37,fixed_h_raw,130,0.0000000000000035308740619522052536893486648557005543780156809515344605392849837
dense,4,36,37,fixed_h_raw,131,0.0000000000000027177245575756205004282834947229866476115260585749809141553435843
dense,4,36,37,fixed_h_raw,132,0.0000000000000021359514231395029032188150285971382104093253346838051517522398637
dense,4,36,37,fixed_h_raw,133,0.0000000000000014701897030981672654879105370373573937028679954189359233853167098
dense,4,36,37,fixed_h_raw,134,0.00000000000000064051328668057477024668440812372767232598422486256923726495238586
dense,4,36,37,fixed_h_raw,135,0.00000000000000038864473797486733116463342167005212757651792380407765999085343635
dense,4,36,37,fixed_h_raw,136,0.00000000000000020903632369375138133545946702671484789386274382243732637649323945
dense,4,36,37,fixed_h_raw,137,0.00000000000000011696453283956841987202772642268281517014791097588190814253385682
dense,4,36,37,fixed_h_raw,138,0.00000000000000010681730640397926059418505112260479437113513429991960909965334302
dense,4,36,37,fixed_h_raw,139,0.000000000000000048629749940963740176123410850574766084744574693980965752024786408
dense,4,36,37,fixed_h_raw,140,0.000000000000000035239049402549319153285397284004977238803818107062157196194392362
dense,4,36,37,fixed_h_raw,141,0.000000000000000021434353601984439227621308361504711473457375427787700112481646572
dense,4,36,37,fixed_h_raw,142,0.00000000000000001001365221890785587026840820614289162626205960674387086558668467
dense,4,36,37,fixed_h_raw,143,0.0000000000000000059877956592303091772223668253479348105336940666118325251527116465
dense,4,36,37,fixed_h_raw,144,0.00000000000000000070797554088632578585358259581583468135243053910199612251699126692
dense,4,36,37,fixed_h_input_sd_relative_parameter,1,0.10525707084956489783785516831215784717200944577462464818536155415
dense,4,36,37,fixed_h_input_sd_relative_parameter,2,0.093945033176782190957166876859860093128887379321043876611044779778
dense,4,36,37,fixed_h_input_sd_relative_parameter,3,0.089268308573608912044711820252978587592817472631960584774585420641
dense,4,36,37,fixed_h_input_sd_relative_parameter,4,0.075184983853288577867424959510506985353705294361210041068579465116
dense,4,36,37,fixed_h_input_sd_relative_parameter,5,0.023242023004383523479688401382284517060269271861499301287426843805
dense,4,36,37,fixed_h_input_sd_relative_parameter,6,0.020910499106044476240337604916122056652379624338169802347291148849
dense,4,36,37,fixed_h_input_sd_relative_parameter,7,0.020303583100644123511696138550777053478701928799195553005445681736
dense,4,36,37,fixed_h_input_sd_relative_parameter,8,0.017842868223543361669464939166188725389940436682325310542523138828
dense,4,36,37,fixed_h_input_sd_relative_parameter,9,0.0052414851167977878576644736756952221800438867773689923603671470274
dense,4,36,37,fixed_h_input_sd_relative_parameter,10,0.0047492914324719746975840551693423742007885866798062481465527211466
dense,4,36,37,fixed_h_input_sd_relative_parameter,11,0.0042622154037973578451240388498208485013604859386347417442705550251
dense,4,36,37,fixed_h_input_sd_relative_parameter,12,0.0039769728658379881444172588109620484583922030298728606068476946108
dense,4,36,37,fixed_h_input_sd_relative_parameter,13,0.0012192566286442109348549522753554824242721168621774655353056153674
dense,4,36,37,fixed_h_input_sd_relative_parameter,14,0.001108748571172199163961463309862651452908827533516276775618673309
dense,4,36,37,fixed_h_input_sd_relative_parameter,15,0.00100313427089043988178843532465766942048067399001633534045264782
dense,4,36,37,fixed_h_input_sd_relative_parameter,16,0.00087678069828843594083193939116822180928574591816782807947898905003
dense,4,36,37,fixed_h_input_sd_relative_parameter,17,0.0003909420406833277666314050830386465222080333863345477014615334712
dense,4,36,37,fixed_h_input_sd_relative_parameter,18,0.00034150598967489970049098601963021694470326033331685500337539000818
dense,4,36,37,fixed_h_input_sd_relative_parameter,19,0.00029686631425136804241892768480578376601723254629585928913572213849
dense,4,36,37,fixed_h_input_sd_relative_parameter,20,0.00028552115910583972498989626274148677923607212786971843093783620422
dense,4,36,37,fixed_h_input_sd_relative_parameter,21,0.00024126680699752658393450913913074269572263200935870546426682588247
dense,4,36,37,fixed_h_input_sd_relative_parameter,22,0.00022236622399664369878390609023023246582292138367130055156619611181
dense,4,36,37,fixed_h_input_sd_relative_parameter,23,0.00017086200267401270001605337027699380379989697124614487372309923122
dense,4,36,37,fixed_h_input_sd_relative_parameter,24,0.00014514977791016431238670120808092417568910312580503655011681087891
dense,4,36,37,fixed_h_input_sd_relative_parameter,25,0.00013924208151398935846117817293701670091488283367600851990885577451
dense,4,36,37,fixed_h_input_sd_relative_parameter,26,0.00010449125717625355672464904271687865992592080135391994952474863647
dense,4,36,37,fixed_h_input_sd_relative_parameter,27,0.000086616941552714297698179157170663466965497864784920429909705004772
dense,4,36,37,fixed_h_input_sd_relative_parameter,28,0.000082675588252497600326316760428258642789744677755688630888848034034
dense,4,36,37,fixed_h_input_sd_relative_parameter,29,0.000060005107829149239685451860324777447101563877692614228042048883887
dense,4,36,37,fixed_h_input_sd_relative_parameter,30,0.00004756487283681330267037274455060787629530509161565723109718612689
dense,4,36,37,fixed_h_input_sd_relative_parameter,31,0.000038291275184501466471349765751964578310173447948401058813040863391
dense,4,36,37,fixed_h_input_sd_relative_parameter,32,0.000032419920243228358946245120299943625584527216777965685550781314549
dense,4,36,37,fixed_h_input_sd_relative_parameter,33,0.00002378184938784079618951074444624674991494561150252963961521332398
dense,4,36,37,fixed_h_input_sd_relative_parameter,34,0.000021985832086615688439615655391475553970247841036399497647138613729
dense,4,36,37,fixed_h_input_sd_relative_parameter,35,0.000018147497885076408488937851254402932320161282819027512878043512771
dense,4,36,37,fixed_h_input_sd_relative_parameter,36,0.000014257964344431220629076679440985308475750044508007488958577744964
dense,4,36,37,fixed_h_input_sd_relative_parameter,37,0.000007252759771278768780242064687338383932255493365937080488319361995
dense,4,36,37,fixed_h_input_sd_relative_parameter,38,0.0000061468790233082914275179077573257694503095328517086318227209759079
dense,4,36,37,fixed_h_input_sd_relative_parameter,39,0.0000057087476599234028694032627079030038639902409175712671287153484693
dense,4,36,37,fixed_h_input_sd_relative_parameter,40,0.0000043672591922326288833303770962453951212298584612209786039076505259
dense,4,36,37,fixed_h_input_sd_relative_parameter,41,0.0000022410290373556341120913840275823596227748235050845658361063389107
dense,4,36,37,fixed_h_input_sd_relative_parameter,42,0.0000019328363712470373820929461707847853883670931172681357031814225107
dense,4,36,37,fixed_h_input_sd_relative_parameter,43,0.0000013641873878959957994565821639459104545069221942811500216077404852
dense,4,36,37,fixed_h_input_sd_relative_parameter,44,0.0000013251915592927365614382581734855495309407168789781813917859396681
dense,4,36,37,fixed_h_input_sd_relative_parameter,45,0.0000010869154305572541421207509114129946923500678818069965323376954006
dense,4,36,37,fixed_h_input_sd_relative_parameter,46,0.00000090775228867789372321480495918325254609821226608675740798873050878
dense,4,36,37,fixed_h_input_sd_relative_parameter,47,0.00000076489273242137987714616037425351649852609184477137194034527639678
dense,4,36,37,fixed_h_input_sd_relative_parameter,48,0.00000062254182275302454201806564586388841846260314997980122305037345458
dense,4,36,37,fixed_h_input_sd_relative_parameter,49,0.00000046946468061975578896440596307610660314025813385488077091989897748
dense,4,36,37,fixed_h_input_sd_relative_parameter,50,0.00000038738708514001751529316646288922470894806239149742630569967592262
dense,4,36,37,fixed_h_input_sd_relative_parameter,51,0.00000030779324606479053503074778773529579857478796764647493718345873812
dense,4,36,37,fixed_h_input_sd_relative_parameter,52,0.000000285364348128715289013423849839708114580880200261576401502384273
dense,4,36,37,fixed_h_input_sd_relative_parameter,53,0.00000027201672451578832091110201408543275508615641457759027480787811677
dense,4,36,37,fixed_h_input_sd_relative_parameter,54,0.0000001844640376771361126644825903100113700623183769592099727164330051
dense,4,36,37,fixed_h_input_sd_relative_parameter,55,0.00000015069118652055071465028566348052913945667455364943212744785165415
dense,4,36,37,fixed_h_input_sd_relative_parameter,56,0.00000012734543025534960165572054540677799588263467587169511240398941672
dense,4,36,37,fixed_h_input_sd_relative_parameter,57,0.000000096588472469987529348552410185591340475917451686556686588434115985
dense,4,36,37,fixed_h_input_sd_relative_parameter,58,0.000000090574781247506030073580737029109862586857280167334209766514457686
dense,4,36,37,fixed_h_input_sd_relative_parameter,59,0.000000077166028480624601907727617774729942640149387912172468423687152639
dense,4,36,37,fixed_h_input_sd_relative_parameter,60,0.000000066171885036310174599166233483902159536496632866167637343272507951
dense,4,36,37,fixed_h_input_sd_relative_parameter,61,0.000000057135065274687577696558296648009098745675841789629139182815113662
dense,4,36,37,fixed_h_input_sd_relative_parameter,62,0.000000048851706900708432775425126646216985533628651219697944408973283875
dense,4,36,37,fixed_h_input_sd_relative_parameter,63,0.000000045991612537547936285990925602647517065144751070936168103280830686
dense,4,36,37,fixed_h_input_sd_relative_parameter,64,0.000000030032484574398725875332046124431937271399113782835427516568652918
dense,4,36,37,fixed_h_input_sd_relative_parameter,65,0.000000018804397164372897452421551131479524202181586520609556765432236039
dense,4,36,37,fixed_h_input_sd_relative_parameter,66,0.000000016061518367037737614083881388462499612161636244284638099055489724
dense,4,36,37,fixed_h_input_sd_relative_parameter,67,0.000000010635997291324542210730992172416797505958923263834381535611789323
dense,4,36,37,fixed_h_input_sd_relative_parameter,68,0.0000000096414122838499513209940041474150177988489526828793278653825140976
dense,4,36,37,fixed_h_input_sd_relative_parameter,69,0.0000000064858969807352123730210518479309717223676754923358617997032374503
dense,4,36,37,fixed_h_input_sd_relative_parameter,70,0.000000004452712376705619822794473758759693033048480740905478764577804689
dense,4,36,37,fixed_h_input_sd_relative_parameter,71,0.0000000040825433536214675407021200272579498075941190241576295527211363897
dense,4,36,37,fixed_h_input_sd_relative_parameter,72,0.0000000031543811686882852990503353753709152721132055966303506466702444026
dense,4,36,37,fixed_h_input_sd_relative_parameter,73,0.0000000029534363928665756957976328491830653095694878855912509131339976557
dense,4,36,37,fixed_h_input_sd_relative_parameter,74,0.0000000021709390246024690940346220333338260897559028416432420226630147884
dense,4,36,37,fixed_h_input_sd_relative_parameter,75,0.0000000015191974131295383363823876899762882293699525622496660808358987826
dense,4,36,37,fixed_h_input_sd_relative_parameter,76,0.0000000011638072103897801161736913800467745422462426453566194163910197137
dense,4,36,37,fixed_h_input_sd_relative_parameter,77,0.00000000098631295678064489406000486372466859114018716808479121362125694666
dense,4,36,37,fixed_h_input_sd_relative_parameter,78,0.00000000067121605839465803564991652239049251206208119720140117759483234218
dense,4,36,37,fixed_h_input_sd_relative_parameter,79,0.00000000053940035105717207020921831618732901184567052745822759180646216275
dense,4,36,37,fixed_h_input_sd_relative_parameter,80,0.00000000049829054158388214577690911789832003787364083120462605751951601955
dense,4,36,37,fixed_h_input_sd_relative_parameter,81,0.00000000028716789104451270287009866546578354891956239660842225229784241983
dense,4,36,37,fixed_h_input_sd_relative_parameter,82,0.00000000025036819839634906105369272745727579717612672219188777419141317222
dense,4,36,37,fixed_h_input_sd_relative_parameter,83,0.00000000022904000998951355261433243603509216625520542383212727498895892586
dense,4,36,37,fixed_h_input_sd_relative_parameter,84,0.00000000019414589714823709605822511480583322105569273453616404057134634045
dense,4,36,37,fixed_h_input_sd_relative_parameter,85,0.00000000014924416794279496875786068594351849406496882061579740841680537669
dense,4,36,37,fixed_h_input_sd_relative_parameter,86,0.0000000001144860698497703775616741842035529735329456590499420570098671628
dense,4,36,37,fixed_h_input_sd_relative_parameter,87,0.000000000074635026031458762380916388689461658809531403966964815358462105231
dense,4,36,37,fixed_h_input_sd_relative_parameter,88,0.000000000068284029988987514128932072424187375325628038211493788542333080489
dense,4,36,37,fixed_h_input_sd_relative_parameter,89,0.000000000059585985093367256242112293966690604728633251764244966240774500228
dense,4,36,37,fixed_h_input_sd_relative_parameter,90,0.000000000048883944803401062676040722001450371620433076725600387013572070126
dense,4,36,37,fixed_h_input_sd_relative_parameter,91,0.000000000033353114769035255934050173784755638974479410279411891794089690783
dense,4,36,37,fixed_h_input_sd_relative_parameter,92,0.000000000024950435789005284363703799738749320123551754444228724969205802157
dense,4,36,37,fixed_h_input_sd_relative_parameter,93,0.000000000017443822327815386944009000134357866728155612081900539945327036499
dense,4,36,37,fixed_h_input_sd_relative_parameter,94,0.0000000000129720450459384270693172702413099218422573253037701228153490118
dense,4,36,37,fixed_h_input_sd_relative_parameter,95,0.0000000000084028932392777972693411434029326862511598786444987340272570561085
dense,4,36,37,fixed_h_input_sd_relative_parameter,96,0.0000000000079715985974805644670566782131473230483006633817002059750738816542
dense,4,36,37,fixed_h_input_sd_relative_parameter,97,0.0000000000053382907978923952658886558213232741569918792813016375089846192125
dense,4,36,37,fixed_h_input_sd_relative_parameter,98,0.0000000000044909068698347914861843842762392455631766972603985872139651632893
dense,4,36,37,fixed_h_input_sd_relative_parameter,99,0.000000000003737378974013116774046145867291604772205145217873348565506595981
dense,4,36,37,fixed_h_input_sd_relative_parameter,100,0.000000000002174731691664029753782112794951698006989317546730700348356312189
dense,4,36,37,fixed_h_input_sd_relative_parameter,101,0.0000000000021015598767045663366744873152788985207450707233806731301326601314
dense,4,36,37,fixed_h_input_sd_relative_parameter,102,0.0000000000017630973067911106218243852083485243591813102284982867955648018183
dense,4,36,37,fixed_h_input_sd_relative_parameter,103,0.0000000000013235650346710371636859835809979636119294213507584515578819238826
dense,4,36,37,fixed_h_input_sd_relative_parameter,104,0.00000000000079203286113764245015296217910703484212151868727645135358253515418
dense,4,36,37,fixed_h_input_sd_relative_parameter,105,0.00000000000071993798446205552692978009042005448766397915002246040909223356545
dense,4,36,37,fixed_h_input_sd_relative_parameter,106,0.00000000000055413915733321206123961729259912276463535683320440721013647925346
dense,4,36,37,fixed_h_input_sd_relative_parameter,107,0.00000000000037772277235193334121401476726678339848277986979069000404753976727
dense,4,36,37,fixed_h_input_sd_relative_parameter,108,0.00000000000016631371698463800102150392390622056024253924720387999711723665069
dense,4,36,37,fixed_h_input_sd_relative_parameter,109,0.00000000000010454730167187011985572079596146065897293530697270009750887781483
dense,4,36,37,fixed_h_input_sd_relative_parameter,110,0.000000000000097138161203948603589945693213099293931443855963507655516304123291
dense,4,36,37,fixed_h_input_sd_relative_parameter,111,0.000000000000079687210386463410488845484625623594352862763402596874692245574106
dense,4,36,37,fixed_h_input_sd_relative_parameter,112,0.000000000000059866300549242846670368859771984774442210988245472095690742780631
dense,4,36,37,fixed_h_input_sd_relative_parameter,113,0.000000000000048119023696240016331918119859259705835763643018867190993305818995
dense,4,36,37,fixed_h_input_sd_relative_parameter,114,0.000000000000037227599901388089407607491130096345981703376337555750537441613618
dense,4,36,37,fixed_h_input_sd_relative_parameter,115,0.000000000000025705068780005051800637287889043000303775087102040165520061123002
dense,4,36,37,fixed_h_input_sd_relative_parameter,116,0.000000000000023754777481169870682362726131668486842568197297837034599527419634
dense,4,36,37,fixed_h_input_sd_relative_parameter,117,0.000000000000020836339526589093435577837632058619477654710449447763939372891415
dense,4,36,37,fixed_h_input_sd_relative_parameter,118,0.000000000000015417723111928669140386288692968044998789254454013923812626864663
dense,4,36,37,fixed_h_input_sd_relative_parameter,119,0.000000000000010617341779989043890107005814543222947483560772610071915014214891
dense,4,36,37,fixed_h_input_sd_relative_parameter,120,0.0000000000000064229932510489675528906430069822889871790366131251721444837597353
dense,4,36,37,fixed_h_input_sd_relative_parameter,121,0.000000000000005445815063947230883966200434983893102358826773066720900283682928
dense,4,36,37,fixed_h_input_sd_relative_parameter,122,0.0000000000000019451783523706915897032656701305856434988734694765289203176176895
dense,4,36,37,fixed_h_input_sd_relative_parameter,123,0.0000000000000017401772399835287683379058840916943661742109633547809081414784606
dense,4,36,37,fixed_h_input_sd_relative_parameter,124,0.0000000000000015063233707840796818739233287525364179330776075147364955105426783
dense,4,36,37,fixed_h_input_sd_relative_parameter,125,0.0000000000000008441882179899540422763060924370548019376016833530946318577630033
dense,4,36,37,fixed_h_input_sd_relative_parameter,126,0.00000000000000073095309191421605059107495366845138275237192776761012865263441078
dense,4,36,37,fixed_h_input_sd_relative_parameter,127,0.00000000000000042794374699401005040929685325031726687688216890716852760365722436
dense,4,36,37,fixed_h_input_sd_relative_parameter,128,0.00000000000000036781002580913101093642890119461779428254748315680018811195353489
dense,4,36,37,fixed_h_input_sd_relative_parameter,129,0.0000000000000002614414198160880781455303934670122072107846283254616865920490543
dense,4,36,37,fixed_h_input_sd_relative_parameter,130,0.00000000000000022039057562860068226156161209664455881900966255757142417652868167
dense,4,36,37,fixed_h_input_sd_relative_parameter,131,0.00000000000000014629118002394689156713916293620197253446381854933784354861139372
dense,4,36,37,fixed_h_input_sd_relative_parameter,132,0.00000000000000011921160686691095760753311054149153239529588627846588729093085627
dense,4,36,37,fixed_h_input_sd_relative_parameter,133,0.000000000000000057115156969088047755730356318828062728385056174113742271043544052
dense,4,36,37,fixed_h_input_sd_relative_parameter,134,0.000000000000000033148730818647953616877595002391039768104012061502528931432999088
dense,4,36,37,fixed_h_input_sd_relative_parameter,135,0.000000000000000019714174973447767479707278212290718410751087351779149466547857062
dense,4,36,37,fixed_h_input_sd_relative_parameter,136,0.0000000000000000082102078803583473094847535396360395308599383904353842405194122527
dense,4,36,37,fixed_h_input_sd_relative_parameter,137,0.0000000000000000046668502944695816884722890848736095174103399414619414155712933641
dense,4,36,37,fixed_h_input_sd_relative_parameter,138,0.000000000000000003287665041454286511785557931066530839241871467567490154264354985
dense,4,36,37,fixed_h_input_sd_relative_parameter,139,0.000000000000000002473642317460022121962850154248067387455612993521889393219903671
dense,4,36,37,fixed_h_input_sd_relative_parameter,140,0.0000000000000000017291463061711471845283439705083843002386559190217808452695335122
dense,4,36,37,fixed_h_input_sd_relative_parameter,141,0.00000000000000000075201718876471497900756827432561745963337367252942698660096633854
dense,4,36,37,fixed_h_input_sd_relative_parameter,142,0.00000000000000000049949875361134505389875190157965483537655093587727127050270289335
dense,4,36,37,fixed_h_input_sd_relative_parameter,143,0.00000000000000000031662557030036456242759183130247567611249739882570024057649328291
dense,4,36,37,fixed_h_input_sd_relative_parameter,144,0.00000000000000000002106945424167469564959566274122969531711810403794985841490999257
independent,4,24,37,endpoint_raw,1,3.1856136900251620215605274908248389811806182247980731539978433154
independent,4,24,37,endpoint_raw,2,2.2883771302888392779936501211704079489700695411859174122939684039
independent,4,24,37,endpoint_raw,3,2.2464732505719938499854887650952696881759272245573418498951859486
independent,4,24,37,endpoint_raw,4,2.1600719204335268095715542640194922355977084825538646574309305563
independent,4,24,37,endpoint_raw,5,1.4910256808600286666788762773377247863521564495992594289740138448
independent,4,24,37,endpoint_raw,6,1.0451827318369109156062370861953990076398734109199946057259165358
independent,4,24,37,endpoint_raw,7,0.65531353681351037954313436787136108642142767120006067045993335496
independent,4,24,37,endpoint_raw,8,0.5890545906969144323736017805415038694487021270795055341576886792
independent,4,24,37,endpoint_raw,9,0.21800556655033862609213574918269921770566285130798787852467883572
independent,4,24,37,endpoint_raw,10,0.18134019583825890035790797852357654020973967144886080905994066103
independent,4,24,37,endpoint_raw,11,0.16537789739147665767713961029953668778760593355449620147284340734
independent,4,24,37,endpoint_raw,12,0.12175069813692075336025325946272665300098079904193137285028165778
independent,4,24,37,endpoint_raw,13,0.073312065412967667365120910910780283390627898760611374270188159847
independent,4,24,37,endpoint_raw,14,0.053725888778991349968385072829548335681251657707799505481521279439
independent,4,24,37,endpoint_raw,15,0.040404434901871172757688677812297640477284819422734222989646958815
independent,4,24,37,endpoint_raw,16,0.021415992784447441420970288022620381798552887014659662120570627198
independent,4,24,37,endpoint_raw,17,0.015199615013212635505593550671158077383705809817899077513337310557
independent,4,24,37,endpoint_raw,18,0.014569160601791156192744347737590647460242502183050705482962036411
independent,4,24,37,endpoint_raw,19,0.010235409228690835202746149554850285016960987874841870288894443349
independent,4,24,37,endpoint_raw,20,0.0052299142098988017738792685864338955017452453014114899425377699223
independent,4,24,37,endpoint_raw,21,0.0045019532756808212668717835850284637178935365511557044507058538321
independent,4,24,37,endpoint_raw,22,0.0034098989829328082386645560786930006434208392774269759899719423867
independent,4,24,37,endpoint_raw,23,0.0020468482548077549000732842974391945228028049098018285680743938433
independent,4,24,37,endpoint_raw,24,0.0018063282862031118256539764261911362664098577887407078599127842653
independent,4,24,37,endpoint_raw,25,0.0015797116448564359775738808868612979893687544345949655562222516639
independent,4,24,37,endpoint_raw,26,0.0011244886877083246844176806232489010729929123463394568101468998752
independent,4,24,37,endpoint_raw,27,0.00063338123647107224845926418417361398342300685560879060398029132588
independent,4,24,37,endpoint_raw,28,0.000027577399539787242135636989723103134873808098190318420929079103232
independent,4,24,37,fixed_h_raw,1,1.7088105392903464260049703319563282389918043479411444345039337163
independent,4,24,37,fixed_h_raw,2,1.0764222687190776458231536254700802330350536679082309953257389188
independent,4,24,37,fixed_h_raw,3,0.7785091732898119058093571456735760110029219965954160663809133979
independent,4,24,37,fixed_h_raw,4,0.64817604579836070978761090663423256398946378767067574243917140874
independent,4,24,37,fixed_h_raw,5,0.22689611624899828622943445741709865358397846242731629417309116102
independent,4,24,37,fixed_h_raw,6,0.19757656578123725282018433311985146409991882526547459911458910169
independent,4,24,37,fixed_h_raw,7,0.1755671828952551524119551597628468822985934983881912848470643017
independent,4,24,37,fixed_h_raw,8,0.15037696656273991680321232919770754403679816223751999289076439019
independent,4,24,37,fixed_h_raw,9,0.092994580684740481049091409085294195909777079577395959980970912769
independent,4,24,37,fixed_h_raw,10,0.055384695484955695049714135657705225034711291596517855247842968103
independent,4,24,37,fixed_h_raw,11,0.043509470189227723066534100422552159569436254338547460752585646553
independent,4,24,37,fixed_h_raw,12,0.026373675651751984425759401835561895234868127104182013303743495658
independent,4,24,37,fixed_h_raw,13,0.022086816899730079755868395161077926340031064535565221765538038903
independent,4,24,37,fixed_h_raw,14,0.01569014536635970134926442164450193357312397592472885697632306503
independent,4,24,37,fixed_h_raw,15,0.011211269072971131820440663067177898348765250370086566075594085519
independent,4,24,37,fixed_h_raw,16,0.0076834742132609522548117131426861428540068961960293548576975939938
independent,4,24,37,fixed_h_raw,17,0.0053933840445697478285819582943345182816403528863091455765628450408
independent,4,24,37,fixed_h_raw,18,0.0048590832218571848220535013589154565753717690198859704718409382109
independent,4,24,37,fixed_h_raw,19,0.0032465996491612726434689333796603074112659319939537169033516202905
independent,4,24,37,fixed_h_raw,20,0.0029293252467783055382994273059632635524161077135065520578747945336
independent,4,24,37,fixed_h_raw,21,0.0025293583848178145519120826245401838701310516924101568262211895812
independent,4,24,37,fixed_h_raw,22,0.0015420512767787741297173553688462466371577961541128343096659947687
independent,4,24,37,fixed_h_raw,23,0.0012131713908969388213976185758263489758036767701599753578205066213
independent,4,24,37,fixed_h_raw,24,0.000058462661058716909070434217761684162326972982754841974794446185353
independent,4,24,37,fixed_h_input_sd_relative_parameter,1,0.11940293274239710296056260992473239147742773882120949524288710248
independent,4,24,37,fixed_h_input_sd_relative_parameter,2,0.10652620195405168128786859207130538591379813575854961745451120589
independent,4,24,37,fixed_h_input_sd_relative_parameter,3,0.10119865716499361770614780219588050554206691343086931442313966576
independent,4,24,37,fixed_h_input_sd_relative_parameter,4,0.089521342035865115840863530495746778550367078377942130874977841496
independent,4,24,37,fixed_h_input_sd_relative_parameter,5,0.02548749620301143223902910171909777153658546850205197089585129935
independent,4,24,37,fixed_h_input_sd_relative_parameter,6,0.017504285670785369737202479049377072299241088533936192973895133561
independent,4,24,37,fixed_h_input_sd_relative_parameter,7,0.013263951257448979252278998111776942454065223683983543141898070384
independent,4,24,37,fixed_h_input_sd_relative_parameter,8,0.011151842032162704208728385608042952165779698097552413367328555181
independent,4,24,37,fixed_h_input_sd_relative_parameter,9,0.0044539166315446984350684108722166271702498792894403776866034725765
independent,4,24,37,fixed_h_input_sd_relative_parameter,10,0.0031100005989328980340136617812224745541311116388478329044155003637
independent,4,24,37,fixed_h_input_sd_relative_parameter,11,0.0025994385169709098289800652481947888651758268995156056072956494012
independent,4,24,37,fixed_h_input_sd_relative_parameter,12,0.0017020776041668613789198247871909129323109077614705445445722142454
independent,4,24,37,fixed_h_input_sd_relative_parameter,13,0.0011378236918178438002499037818817955455097344282806749580812897508
independent,4,24,37,fixed_h_input_sd_relative_parameter,14,0.00097517928164105865967894146246968663823818511849727545319485535933
independent,4,24,37,fixed_h_input_sd_relative_parameter,15,0.00065550931651959918214928654054397360774110224746383471842737810495
independent,4,24,37,fixed_h_input_sd_relative_parameter,16,0.0003736483330646033197992512020308376765770391873756284548805993305
independent,4,24,37,fixed_h_input_sd_relative_parameter,17,0.00032867574935615988018480927859719866413677499299933508415926695831
independent,4,24,37,fixed_h_input_sd_relative_parameter,18,0.00023448442914905388447011351404578991777382231898246871590819741246
independent,4,24,37,fixed_h_input_sd_relative_parameter,19,0.00017291966412097169751785211554752027489177367183638587121763587489
independent,4,24,37,fixed_h_input_sd_relative_parameter,20,0.0001529179678708617010948694195756549799864209335715740548184177783
independent,4,24,37,fixed_h_input_sd_relative_parameter,21,0.000087233753338324544732334025987466082192939010628997766766667659425
independent,4,24,37,fixed_h_input_sd_relative_parameter,22,0.000057063650225870295452922925866365617954937237101956404379133755938
independent,4,24,37,fixed_h_input_sd_relative_parameter,23,0.000022950665784711515878491281383575366194449440404486155510521220744
independent,4,24,37,fixed_h_input_sd_relative_parameter,24,0.0000011129706787620620818580780916475989910741001269352048623027380073
