n,case,role,id,certified,robust,states,bits_exact,bits_decimal,baseline_robust,baseline_bits,robust_gain,bits_gain,states_ratio
2,dense,best_search,spsa_5_12,True,2,4,2,2.0,1,2.0,1,0.0,1.0
2,dense,runner_up,spsa_6_4,True,2,4,2,2.0,1,2.0,1,0.0,1.0
2,dense,untouched_confirmation,7283,True,2,6,log2(6),2.584962500721156,1,2.0,1,0.5849625007211561,1.5
2,independent,best_search,spsa_3_21,True,1,2,1,1.0,1,1.0,0,0.0,1.0
2,independent,runner_up,spsa_2_21,True,1,2,1,1.0,1,1.0,0,0.0,1.0
2,independent,untouched_confirmation,1251,True,1,2,1,1.0,1,1.0,0,0.0,1.0
3,dense,best_search,spsa_11_18,True,3,8,3,3.0,2,2.0,1,1.0,2.0
3,dense,runner_up,spsa_10_2,True,3,8,3,3.0,2,2.0,1,1.0,2.0
3,dense,untouched_confirmation,8255,True,2,4,2,2.0,2,2.0,0,0.0,1.0
3,independent,best_search,spsa_15_5,True,1,2,1,1.0,1,1.0,0,0.0,1.0
3,independent,runner_up,spsa_15_11,True,1,2,1,1.0,1,1.0,0,0.0,1.0
3,independent,untouched_confirmation,3560,True,1,2,1,1.0,1,1.0,0,0.0,1.0
4,dense,best_search,spsa_15_0,True,3,8,3,3.0,1,1.0,2,2.0,4.0
4,dense,runner_up,spsa_13_11,True,3,8,3,3.0,1,1.0,2,2.0,4.0
4,dense,untouched_confirmation,8971,True,3,8,3,3.0,1,1.0,2,2.0,4.0
4,independent,best_search,spsa_7_0,True,1,3,log2(3),1.584962500721156,0,0.0,1,1.584962500721156,3.0
4,independent,runner_up,spsa_10_0,True,1,3,log2(3),1.584962500721156,0,0.0,1,1.584962500721156,3.0
4,independent,untouched_confirmation,9242,True,2,6,log2(6),2.584962500721156,0,0.0,2,2.584962500721156,6.0
